kind,label,frame,time,cameraX,cameraY,cameraZ,R,signedDistance,FOV,Primary,Secondary,frameMs,cpuMs,gpuMs,gpuTimestamp,gpuCounterMs,profileFrame,rainExposed,rainIntensity
image,final3-far-qhd,302,6636.349210,-689.8416,18,-221.4395,4000,-3275.489,80,0,0.8,7.794394,0,0,0,0,-1,1,0
image,final3-inwall-baseline-markers,448,6638.305844,-3746.487,8.771418,-1401.373,4000,0.001708984,80,0,0,12.0866,0,0,0,0,-1,1,0.9999217
image,final3-inwall-on-markers,520,6640.230619,-3746.487,8.771418,-1401.373,4000,0.001708984,80,0.8,0,22.1158,0,0,0,0,-1,1,0.9999998
image,final3-inwall-deck,600,6642.219058,-3746.487,8.771418,-1401.373,4000,0.001708984,80,0,0.006156906,22.9762,0,0,0,0,-1,1,0.9999999
image,final3-outside-away,706,6644.194012,-4027.369,8.771418,-1506.757,4000,300.002,80,0.02526436,0,15.6702,0,0,0,0,-1,1,1
image,final3-outside-lookback,826,6646.183293,-3818.815,8.771418,-1422.102,4000,75.01221,80,0,0,13.2066,0,0,0,0,-1,1,1
image,final3-motion-00,832,6646.568990,-3732.658,8.771418,-1396.185,4000,-14.76831,80,0,0,16.1297,0,0,0,0,-1,1,1
image,final3-motion-01,835,6646.903415,-3735.789,8.771418,-1397.359,4000,-11.42529,80,0.610842,0,11.7751,0,0,0,0,-1,1,1
image,final3-motion-02,838,6647.236705,-3738.909,8.771418,-1398.53,4000,-8.092285,80,0.04117401,0,11.8361,0,0,0,0,-1,1,1
image,final3-motion-03,841,6647.580387,-3742.126,8.771418,-1399.737,4000,-4.656494,80,0,0,11.4971,0,0,0,0,-1,1,1
image,final3-motion-04,844,6647.909086,-3745.204,8.771418,-1400.892,4000,-1.368652,80,0,0,12.3849,0,0,0,0,-1,1,1
image,final3-motion-05,848,6648.238152,-3748.285,8.771418,-1402.048,4000,1.922119,80,0,0.5842053,11.774,0,0,0,0,-1,1,1
image,final3-motion-06,852,6648.548398,-3751.19,8.771418,-1403.138,4000,5.024414,80,0,0.07675164,13.5555,0,0,0,0,-1,1,1
image,final3-motion-07,856,6648.878468,-3754.281,8.771418,-1404.297,4000,8.325439,80,0,0.005731088,13.6989,0,0,0,0,-1,1,1
image,final3-motion-08,860,6649.200775,-3757.298,8.771418,-1405.429,4000,11.54834,80,0,0,13.9351,0,0,0,0,-1,1,1
image,final3-motion-09,863,6649.492986,-3760.034,8.771418,-1406.456,4000,14.47046,80,0,0,11.9516,0,0,0,0,-1,1,1
perf,all-on,991,6651.334484,-689.8416,18,-221.4395,4000,-3275.489,80,0,0.3924219,12.2006,9.3455,12.11392,4865971246150,10.790912,2295,1,0.0001259302
perf,all-on,992,6651.346226,-689.8416,18,-221.4395,4000,-3275.489,80,0,0.3612845,11.5402,7.7349,12.716032,4865971338372,12.11392,2296,1,0.0001188696
perf,all-on,993,6651.355765,-689.8416,18,-221.4395,4000,-3275.489,80,0,0.3594342,11.692,7.1064,10.604544,4865971427544,12.716032,2297,1,0.0001121197
perf,all-on,994,6651.366370,-689.8416,18,-221.4395,4000,-3275.489,80,0,0.4231949,9.475801,9.0142,10.497024,4865971557045,10.604544,2298,1,0.0001069314
perf,all-on,995,6651.377075,-689.8416,18,-221.4395,4000,-3275.489,80,0,0.5960088,10.5993,7.2941,11.305984,4865971679067,10.497024,2299,1,0.000101412
perf,all-on,996,6651.387526,-689.8416,18,-221.4395,4000,-3275.489,80,0,0.7764335,10.7066,7.9727,10.441728,4865971794401,11.305984,2300,1,9.612584E-05
perf,all-on,997,6651.402203,-689.8416,18,-221.4395,4000,-3275.489,80,0,0.6652484,16.1562,9.6168,10.779648,4865971910776,10.441728,2301,1,8.866606E-05
perf,all-on,998,6651.411764,-689.8416,18,-221.4395,4000,-3275.489,80,0,0.4574849,9.012698,7.9659,0,0,10.779648,2302,1,8.475914E-05
perf,all-on,999,6651.420454,-689.8416,18,-221.4395,4000,-3275.489,80,0,0.2858709,9.521599,8.202,10.292224,4865972112162,0,2303,1,8.081848E-05
perf,all-on,1000,6651.430790,-689.8416,18,-221.4395,4000,-3275.489,80,0,0.2054898,8.692801,8.126899,11.15136,4865972219208,10.292224,2304,1,7.738102E-05
perf,all-on,1001,6651.441199,-689.8416,18,-221.4395,4000,-3275.489,80,0,0.1671657,10.3365,7.3397,10.93632,4865972380534,11.15136,2305,1,7.348337E-05
perf,all-on,1002,6651.452201,-689.8416,18,-221.4395,4000,-3275.489,80,0,0.1499163,10.3928,7.413,10.55744,4865972470791,10.93632,2306,1,6.976239E-05
perf,all-on,1003,6651.463558,-689.8416,18,-221.4395,4000,-3275.489,80,0,0.1366408,11.0188,7.8763,10.693632,4865972566113,10.55744,2307,1,6.602286E-05
perf,all-on,1004,6651.475163,-689.8416,18,-221.4395,4000,-3275.489,80,0,0.1245355,11.3508,7.1499,10.62912,4865972652955,10.693632,2308,1,6.238015E-05
perf,all-on,1005,6651.487065,-689.8416,18,-221.4395,4000,-3275.489,80,0,0.1134206,11.6894,7.7638,11.142144,4865972756393,10.62912,2309,1,5.883872E-05
perf,all-on,1006,6651.498400,-689.8416,18,-221.4395,4000,-3275.489,80,0,0.1063616,11.8135,6.6938,10.80832,4865972860395,11.142144,2310,1,5.546391E-05
perf,all-on,1007,6651.509230,-689.8416,18,-221.4395,4000,-3275.489,80,0,0.1204052,11.3362,8.9803,12.090368,4865972970522,10.80832,2311,1,5.24076E-05
perf,all-on,1008,6651.520668,-689.8416,18,-221.4395,4000,-3275.489,80,0,0.1888931,10.8983,7.141,11.510784,4865973084052,12.090368,2312,1,4.962824E-05
perf,all-on,1009,6651.531614,-689.8416,18,-221.4395,4000,-3275.489,80,0,0.309244,11.463,7.8762,10.674176,4865973200615,11.510784,2313,1,4.686378E-05
perf,all-on,1010,6651.541838,-689.8416,18,-221.4395,4000,-3275.489,80,0,0.3489918,10.8527,9.2364,11.797504,4865973319104,10.674176,2314,1,4.438855E-05
perf,all-on,1011,6651.552757,-689.8416,18,-221.4395,4000,-3275.489,80,0,0.2604102,10.3829,7.024,10.765312,4865973432453,11.797504,2315,1,4.214294E-05
perf,all-on,1012,6651.563460,-689.8416,18,-221.4395,4000,-3275.489,80,0,0.128926,11.8217,8.9409,10.519552,4865973541343,10.765312,2316,1,3.972412E-05
perf,all-on,1013,6651.574543,-689.8416,18,-221.4395,4000,-3275.489,80,0,0.07311846,9.682801,7.0785,10.46528,4865973655495,10.519552,2317,1,3.784673E-05
perf,all-on,1014,6651.585651,-689.8416,18,-221.4395,4000,-3275.489,80,0,0.05254398,11.0738,8.1356,10.855424,4865973764588,10.46528,2318,1,3.580815E-05
perf,all-on,1015,6651.596431,-689.8416,18,-221.4395,4000,-3275.489,80,0,0.04611806,11.07,8.0218,10.78272,4865973868281,10.855424,2319,1,3.388002E-05
perf,all-on,1016,6651.607287,-689.8416,18,-221.4395,4000,-3275.489,80,0,0.04209158,10.8015,8.594,10.90048,4865973986618,10.78272,2320,1,3.209878E-05
perf,all-on,1017,6651.619321,-689.8416,18,-221.4395,4000,-3275.489,80,0,0.03849967,10.9077,7.8707,11.22816,4865974083439,10.90048,2321,1,3.039504E-05
perf,all-on,1018,6651.630189,-689.8416,18,-221.4395,4000,-3275.489,80,0,0.03491522,11.9694,7.0037,10.407936,4865974194211,11.22816,2322,1,2.862935E-05
perf,all-on,1019,6651.640765,-689.8416,18,-221.4395,4000,-3275.489,80,0,0.03191259,11.016,9.1619,11.711488,4865974304923,10.407936,2323,1,2.709509E-05
perf,all-on,1020,6651.652088,-689.8416,18,-221.4395,4000,-3275.489,80,0,0.02929882,10.4668,6.9162,11.0848,4865974412766,11.711488,2324,1,2.571356E-05
perf,all-on,1021,6651.662404,-689.8416,18,-221.4395,4000,-3275.489,80,0,0.02671963,11.2882,8.2132,10.61376,4865974521958,11.0848,2325,1,2.430246E-05
perf,all-on,1022,6651.672935,-689.8416,18,-221.4395,4000,-3275.489,80,0,0.02456329,10.3074,10.167,10.571776,4865974641681,10.61376,2326,1,2.308171E-05
perf,all-on,1023,6651.684102,-689.8416,18,-221.4395,4000,-3275.489,80,0,0.02254023,10.5287,8.084,11.25888,4865974751194,10.571776,2327,1,2.189804E-05
perf,all-on,1024,6651.695225,-689.8416,18,-221.4395,4000,-3275.489,80,0,0.02057521,11.1732,7.3293,10.679296,4865974856476,11.25888,2328,1,2.070822E-05
perf,all-on,1025,6651.705820,-689.8416,18,-221.4395,4000,-3275.489,80,0,0.0187894,11.121,9.5773,10.144768,4865974969346,10.679296,2329,1,1.958817E-05
perf,all-on,1026,6651.717078,-689.8416,18,-221.4395,4000,-3275.489,80,0,0.01708554,11.6451,6.9509,11.318272,4865975072487,10.144768,2330,1,1.848021E-05
perf,all-on,1027,6651.728561,-689.8416,18,-221.4395,4000,-3275.489,80,0,0.01571991,10.2035,7.7861,11.109376,4865975177771,11.318272,2331,1,1.756104E-05
perf,all-on,1028,6651.739013,-689.8416,18,-221.4395,4000,-3275.489,80,0,0.01431287,11.4874,9.3997,10.114048,4865975289473,11.109376,2332,1,1.658081E-05
perf,all-on,1029,6651.749943,-689.8416,18,-221.4395,4000,-3275.489,80,0,0.01314285,10.4466,7.0572,12.273664,4865975400704,10.114048,2333,1,1.573697E-05
perf,all-on,1030,6651.760572,-689.8416,18,-221.4395,4000,-3275.489,80,0,0.01201708,10.9681,8.0448,10.8544,4865975517159,12.273664,2334,1,1.489719E-05
perf,all-on,1031,6651.770728,-689.8416,18,-221.4395,4000,-3275.489,80,0,0.01101705,10.6438,8.4736,10.092544,4865975619190,10.8544,2335,1,1.41251E-05
perf,all-on,1032,6651.781421,-689.8416,18,-221.4395,4000,-3275.489,80,0,0.01014467,10.1042,7.938,11.214848,4865975734061,10.092544,2336,1,1.342921E-05
perf,all-on,1033,6651.792738,-689.8416,18,-221.4395,4000,-3275.489,80,0,0.009295817,10.7041,6.8685,10.092544,4865975838555,11.214848,2337,1,1.272937E-05
perf,all-on,1034,6651.803171,-689.8416,18,-221.4395,4000,-3275.489,80,0,0.008474596,11.3292,9.1783,10.241024,4865975948208,10.092544,2338,1,1.202835E-05
perf,all-on,1035,6651.815369,-689.8416,18,-221.4395,4000,-3275.489,80,0,0.007781341,10.4549,7.5813,11.27424,4865976054524,10.241024,2339,1,1.141572E-05
perf,all-on,1036,6651.825541,-689.8416,18,-221.4395,4000,-3275.489,80,0,0.007045806,12.1634,7.7073,10.555392,4865976155702,11.27424,2340,1,1.074214E-05
perf,all-on,1037,6651.835957,-689.8416,18,-221.4395,4000,-3275.489,80,0,0.006482543,10.2071,8.5135,11.387904,4865976262697,10.555392,2341,1,1.020767E-05
perf,all-on,1038,6651.847491,-689.8416,18,-221.4395,4000,-3275.489,80,0,0.005952246,10.4532,7.7718,11.309056,4865976375946,11.387904,2342,1,9.687855E-06
perf,all-on,1039,6651.857956,-689.8416,18,-221.4395,4000,-3275.489,80,0,0.005420241,11.46869,8.0652,10.079232,4865976480136,11.309056,2343,1,9.147948E-06
perf,all-on,1040,6651.869172,-689.8416,18,-221.4395,4000,-3275.489,80,0,0,11.62341,8.8224,10.456064,4865976602171,10.079232,2344,1,8.63145E-06
perf,all-on,1041,6651.879629,-689.8416,18,-221.4395,4000,-3275.489,80,0,0,10.15869,7.7163,10.927104,4865976704159,10.456064,2345,1,8.203978E-06
perf,all-on,1042,6651.890420,-689.8416,18,-221.4395,4000,-3275.489,80,0,0,10.3401,7.301,10.18368,4865976808815,10.927104,2346,1,7.790606E-06
perf,all-on,1043,6651.899941,-689.8416,18,-221.4395,4000,-3275.489,80,0,0,10.79311,9.6219,10.47552,4865976923442,10.18368,2347,1,7.381325E-06
perf,all-on,1044,6651.911653,-689.8416,18,-221.4395,4000,-3275.489,80,0,0,9.521599,8.3747,10.775552,4865977039621,10.47552,2348,1,7.038148E-06
perf,all-on,1045,6651.921452,-689.8416,18,-221.4395,4000,-3275.489,80,0,0,11.8045,8.2645,10.372096,4865977141317,10.775552,2349,1,6.634761E-06
perf,all-on,1046,6651.933337,-689.8416,18,-221.4395,4000,-3275.489,80,0,0,9.702502,8.4964,10.760192,4865977244726,10.372096,2350,1,6.320574E-06
perf,all-on,1047,6651.945159,-689.8416,18,-221.4395,4000,-3275.489,80,0,0,11.8896,8.9613,10.494976,4865977352648,10.760192,2351,1,5.955779E-06
perf,all-on,1048,6651.955920,-689.8416,18,-221.4395,4000,-3275.489,80,0,0,11.8221,7.5323,11.79136,4865977447865,10.494976,2352,1,5.613933E-06
perf,all-on,1049,6651.966815,-689.8416,18,-221.4395,4000,-3275.489,80,0,0,10.7628,9.6925,11.029504,4865977565880,11.79136,2353,1,5.31981E-06
perf,all-on,1050,6651.977099,-689.8416,18,-221.4395,4000,-3275.489,80,0,0,11.0387,7.877,10.372096,4865977662946,11.029504,2354,1,5.034147E-06
perf,all-on,1051,6651.987177,-689.8416,18,-221.4395,4000,-3275.489,80,0,0,10.1685,8.2776,10.648576,4865977781824,10.372096,2355,1,4.784596E-06
perf,all-on,1052,6651.998055,-689.8416,18,-221.4395,4000,-3275.489,80,0,0,10.0644,9.5262,11.000832,4865977900032,10.648576,2356,1,4.549784E-06
perf,all-on,1053,6652.008602,-689.8416,18,-221.4395,4000,-3275.489,80,0,0,10.8647,8.7818,10.788864,4865978007675,11.000832,2357,1,4.309217E-06
perf,all-on,1054,6652.019205,-689.8416,18,-221.4395,4000,-3275.489,80,0,0,11.6877,8.7312,10.79808,4865978118061,10.788864,2358,1,4.06461E-06
perf,all-on,1055,6652.030218,-689.8416,18,-221.4395,4000,-3275.489,80,0,0,9.518502,8.287,10.790912,4865978219713,10.79808,2359,1,3.875696E-06
perf,all-on,1056,6652.040471,-689.8416,18,-221.4395,4000,-3275.489,80,0,0,10.95609,8.477,10.722304,4865978320176,10.790912,2360,1,3.669094E-06
perf,all-on,1057,6652.051936,-689.8416,18,-221.4395,4000,-3275.489,80,0,0,10.2638,7.8758,11.021312,4865978429019,10.722304,2361,1,3.485549E-06
perf,all-on,1058,6652.062266,-689.8416,18,-221.4395,4000,-3275.489,80,0,0,11.5105,8.9013,10.482688,4865978545652,11.021312,2362,1,3.29061E-06
perf,all-on,1059,6652.072059,-689.8416,18,-221.4395,4000,-3275.489,80,0,0,10.2782,7.3706,10.363904,4865978640680,10.482688,2363,1,3.125775E-06
perf,all-on,1060,6652.082808,-689.8416,18,-221.4395,4000,-3275.489,80,0,0,9.857,7.8428,10.824704,4865978750648,10.363904,2364,1,2.975455E-06
perf,all-on,1061,6652.093758,-689.8416,18,-221.4395,4000,-3275.489,80,0,0,10.7208,7.0234,10.522624,4865978853261,10.824704,2365,1,2.820158E-06
perf,all-on,1062,6652.103889,-689.8416,18,-221.4395,4000,-3275.489,80,0,0,10.9067,9.6434,10.220544,4865978968371,10.522624,2366,1,2.670484E-06
perf,all-on,1063,6652.114946,-689.8416,18,-221.4395,4000,-3275.489,80,0,0,10.1298,7.0511,11.15648,4865979071158,10.220544,2367,1,2.538595E-06
perf,all-on,1064,6652.126068,-689.8416,18,-221.4395,4000,-3275.489,80,0,0,11.0681,7.8228,10.123264,4865979169737,11.15648,2368,1,2.401924E-06
perf,all-on,1065,6652.138304,-689.8416,18,-221.4395,4000,-3275.489,80,0,0,11.112,8.2634,10.56256,4865979276880,10.123264,2369,1,2.272113E-06
perf,all-on,1066,6652.150259,-689.8416,18,-221.4395,4000,-3275.489,80,0,0,12.2323,7.7697,11.319296,4865979386027,10.56256,2370,1,2.137311E-06
perf,all-on,1067,6652.159663,-689.8416,18,-221.4395,4000,-3275.489,80,0,0,11.9626,7.7482,11.748352,4865979487335,11.319296,2371,1,2.01322E-06
perf,all-on,1068,6652.171027,-689.8416,18,-221.4395,4000,-3275.489,80,0,0,10.5103,8.484,10.810368,4865979597979,11.748352,2372,1,1.910154E-06
perf,all-on,1069,6652.181295,-689.8416,18,-221.4395,4000,-3275.489,80,0,0,10.2524,8.7652,11.276288,4865979709150,10.810368,2373,1,1.814704E-06
perf,all-on,1070,6652.192131,-689.8416,18,-221.4395,4000,-3275.489,80,0,0,10.35419,7.1643,10.328064,4865979831475,11.276288,2374,1,1.723145E-06
perf,all-on,1071,6652.203226,-689.8416,18,-221.4395,4000,-3275.489,80,0,0,10.9658,9.4729,10.606592,4865979951057,10.328064,2375,1,1.63121E-06
perf,all-on,1072,6652.214001,-689.8416,18,-221.4395,4000,-3275.489,80,0,0,10.8982,7.0273,11.206656,4865980055639,10.606592,2376,1,1.544702E-06
perf,all-on,1073,6652.224618,-689.8416,18,-221.4395,4000,-3275.489,80,0,0,10.7667,8.6209,10.377216,4865980158721,11.206656,2377,1,1.463744E-06
perf,all-on,1074,6652.235462,-689.8416,18,-221.4395,4000,-3275.489,80,0,0,10.6027,8.359199,10.667008,4865980262163,10.377216,2378,1,1.388167E-06
perf,all-on,1075,6652.246334,-689.8416,18,-221.4395,4000,-3275.489,80,0,0,10.8705,7.84,11.251712,4865980371540,10.667008,2379,1,1.31473E-06
perf,all-on,1076,6652.257307,-689.8416,18,-221.4395,4000,-3275.489,80,0,0,10.87199,7.4877,10.714112,4865980480861,11.251712,2380,1,1.245169E-06
perf,all-on,1077,6652.268022,-689.8416,18,-221.4395,4000,-3275.489,80,0,0,10.959,8.993,10.919936,4865980588510,10.714112,2381,1,1.178776E-06
perf,all-on,1078,6652.278936,-689.8416,18,-221.4395,4000,-3275.489,80,0,0,10.7058,7.6071,11.073536,4865980694610,10.919936,2382,1,1.117336E-06
perf,all-on,1079,6652.289886,-689.8416,18,-221.4395,4000,-3275.489,80,0,0,10.9177,7.1502,10.290176,4865980803305,11.073536,2383,1,1.057977E-06
perf,all-on,1080,6652.300243,-689.8416,18,-221.4395,4000,-3275.489,80,0,0,11.0066,8.7671,10.843136,4865980912011,10.290176,2384,1,1.001327E-06
perf,all-on,1081,6652.311373,-689.8416,18,-221.4395,4000,-3275.489,80,0,0,10.3666,7.0993,11.01312,4865981021574,10.843136,2385,1,9.507473E-07
perf,all-on,1082,6652.322467,-689.8416,18,-221.4395,4000,-3275.489,80,0,0,12.1426,8.0403,10.29632,4865981128672,11.01312,2386,1,8.94742E-07
perf,all-on,1083,6652.332977,-689.8416,18,-221.4395,4000,-3275.489,80,0,0,10.01271,8.1803,11.268096,4865981237822,10.29632,2387,1,8.510508E-07
perf,all-on,1084,6652.345731,-689.8416,18,-221.4395,4000,-3275.489,80,0,0,10.5084,8.567,11.209728,4865981347886,11.268096,2388,1,8.074894E-07
perf,all-on,1085,6652.355909,-689.8416,18,-221.4395,4000,-3275.489,80,0,0,12.8489,7.119,10.161152,4865981451297,11.209728,2389,1,7.572439E-07
perf,all-on,1086,6652.366502,-689.8416,18,-221.4395,4000,-3275.489,80,0,0,10.0802,8.8037,12.145664,4865981572861,10.161152,2390,1,7.200239E-07
perf,all-on,1087,6652.377117,-689.8416,18,-221.4395,4000,-3275.489,80,0,0,10.5974,7.4022,11.300864,4865981673099,12.145664,2391,1,6.828651E-07
perf,all-on,1088,6652.387497,-689.8416,18,-221.4395,4000,-3275.489,80,0,0,10.6233,8.1349,10.010624,4865981778203,11.300864,2392,1,6.475402E-07
perf,all-on,1089,6652.398069,-689.8416,18,-221.4395,4000,-3275.489,80,0,0,10.4536,8.6296,10.492928,4865981905819,10.010624,2393,1,6.145639E-07
perf,all-on,1090,6652.408807,-689.8416,18,-221.4395,4000,-3275.489,80,0,0,10.5018,7.0948,10.508288,4865982007515,10.492928,2394,1,5.831263E-07
perf,all-on,1091,6652.419517,-689.8416,18,-221.4395,4000,-3275.489,80,0,0,10.7879,7.9839,10.576896,4865982113472,10.508288,2395,1,5.52506E-07
perf,all-on,1092,6652.433277,-689.8416,18,-221.4395,4000,-3275.489,80,0,0,10.6956,8.5086,10.752,4865982219658,10.576896,2396,1,5.237353E-07
perf,all-on,1093,6652.443744,-689.8416,18,-221.4395,4000,-3275.489,80,0,0,13.7185,8.025,10.55232,4865982324239,10.752,2397,1,4.890153E-07
perf,all-on,1094,6652.452502,-689.8416,18,-221.4395,4000,-3275.489,80,0,0,10.4653,7.0709,10.749952,4865982429234,10.55232,2398,1,4.640848E-07
perf,all-on,1095,6652.463467,-689.8416,18,-221.4395,4000,-3275.489,80,0,0,8.786402,8.4983,10.750976,4865982536620,10.749952,2399,1,4.44138E-07
perf,all-on,1096,6652.474799,-689.8416,18,-221.4395,4000,-3275.489,80,0,0,12.0161,7.3701,11.081728,4865982643607,10.750976,2400,1,4.182398E-07
perf,all-on,1097,6652.484801,-689.8416,18,-221.4395,4000,-3275.489,80,0,0,10.2464,10.9277,11.374592,4865982781257,11.081728,2401,1,3.973522E-07
perf,all-on,1098,6652.495726,-689.8416,18,-221.4395,4000,-3275.489,80,0,0,10.0236,8.7702,10.924032,4865982885911,11.374592,2402,1,3.779285E-07
perf,all-on,1099,6652.506186,-689.8416,18,-221.4395,4000,-3275.489,80,0,0,10.9017,7.1433,10.375168,4865982973524,10.924032,2403,1,3.578795E-07
perf,all-on,1100,6652.516683,-689.8416,18,-221.4395,4000,-3275.489,80,0,0,10.4573,6.883,11.052032,4865983093833,10.375168,2404,1,3.396481E-07
perf,all-on,1101,6652.527625,-689.8416,18,-221.4395,4000,-3275.489,80,0,0,10.51011,8.609,10.59328,4865983196426,11.052032,2405,1,3.222603E-07
perf,all-on,1102,6652.538426,-689.8416,18,-221.4395,4000,-3275.489,80,0,0,10.9322,7.7927,10.17344,4865983296436,10.59328,2406,1,3.05118E-07
perf,all-on,1103,6652.550500,-689.8416,18,-221.4395,4000,-3275.489,80,0,0,10.8621,6.7957,10.884096,4865983405693,10.17344,2407,1,2.889888E-07
perf,all-on,1104,6652.561381,-689.8416,18,-221.4395,4000,-3275.489,80,0,0,12.0945,7.487,10.509312,4865983510263,10.884096,2408,1,2.720309E-07
perf,all-on,1105,6652.571960,-689.8416,18,-221.4395,4000,-3275.489,80,0,0,10.8028,7.9489,11.491328,4865983615336,10.509312,2409,1,2.577272E-07
perf,all-on,1106,6652.582838,-689.8416,18,-221.4395,4000,-3275.489,80,0,0,10.5812,7.6071,11.403264,4865983724667,11.491328,2410,1,2.444463E-07
perf,all-on,1107,6652.593757,-689.8416,18,-221.4395,4000,-3275.489,80,0,0,10.9464,7.2279,10.4704,4865983833283,11.403264,2411,1,2.314268E-07
perf,all-on,1108,6652.612407,-689.8416,18,-221.4395,4000,-3275.489,80,0,0,10.9055,9.6028,10.08128,4865983954199,10.4704,2412,1,2.191455E-07
perf,all-on,1109,6652.621921,-689.8416,18,-221.4395,4000,-3275.489,80,0,0,18.6184,7.2488,11.185152,4865984062256,10.08128,2413,1,1.996656E-07
perf,all-on,1110,6652.633624,-689.8416,18,-221.4395,4000,-3275.489,80,0,0,10.7401,7.7735,10.77248,4865984168079,11.185152,2414,1,1.892263E-07
perf,all-on,1111,6652.644261,-689.8416,18,-221.4395,4000,-3275.489,80,0,0,10.4676,8.6603,0,0,10.77248,2415,1,1.795773E-07
perf,all-on,1112,6652.652551,-689.8416,18,-221.4395,4000,-3275.489,80,0,0,10.63999,8.6411,14.83776,4865984386568,0,2416,1,1.702735E-07
perf,all-on,1113,6652.662146,-689.8416,18,-221.4395,4000,-3275.489,80,0,0,8.284906,16.742,11.02848,4865984572699,14.83776,2417,1,1.63364E-07
perf,all-on,1114,6652.672403,-689.8416,18,-221.4395,4000,-3275.489,80,0,0,9.601693,7.9765,10.35264,4865984679623,11.02848,2418,1,1.557065E-07
perf,all-on,1115,6652.682942,-689.8416,18,-221.4395,4000,-3275.489,80,0,0,10.2451,8.7516,11.143168,4865984784784,10.35264,2419,1,1.479312E-07
perf,all-on,1116,6652.693872,-689.8416,18,-221.4395,4000,-3275.489,80,0,0,10.5337,8.9331,10.96192,4865984891161,11.143168,2420,1,1.403415E-07
perf,all-on,1117,6652.703982,-689.8416,18,-221.4395,4000,-3275.489,80,0,0,10.9268,6.733,9.885696,4865984974038,10.96192,2421,1,1.328798E-07
perf,all-on,1118,6652.714494,-689.8416,18,-221.4395,4000,-3275.489,80,0,0,10.1056,7.9787,11.191296,4865985070029,9.885696,2422,1,1.263324E-07
perf,all-on,1119,6652.724740,-689.8416,18,-221.4395,4000,-3275.489,80,0,0,10.5227,6.8736,10.09664,4865985172522,11.191296,2423,1,1.198575E-07
perf,all-on,1120,6652.744426,-689.8416,18,-221.4395,4000,-3275.489,80,0,0,10.2518,8.667,10.287104,4865985277880,10.09664,2424,1,1.138685E-07
perf,all-on,1121,6652.755126,-689.8416,18,-221.4395,4000,-3275.489,80,0,0,19.7078,7.6888,10.150912,4865985387169,10.287104,2425,1,1.031831E-07
perf,all-on,1122,6652.764398,-689.8416,18,-221.4395,4000,-3275.489,80,0,0,10.681,7.5763,0,0,10.150912,2426,1,9.781718E-08
perf,all-on,1123,6652.772624,-689.8416,18,-221.4395,4000,-3275.489,80,0,0,9.303097,8.0667,10.156032,4865985593405,0,2427,1,9.337137E-08
perf,all-on,1124,6652.784555,-689.8416,18,-221.4395,4000,-3275.489,80,0,0,9.246606,7.6651,11.049984,4865985695992,10.156032,2428,1,8.91528E-08
perf,all-on,1125,6652.792869,-689.8416,18,-221.4395,4000,-3275.489,80,0,0,10.8715,7.2548,13.865984,4865985892903,11.049984,2429,1,8.443604E-08
perf,all-on,1126,6652.802455,-689.8416,18,-221.4395,4000,-3275.489,80,0,0,8.308794,8.9759,10.441728,4865985999786,13.865984,2430,1,8.10001E-08
perf,all-on,1127,6652.812826,-689.8416,18,-221.4395,4000,-3275.489,80,0,0,9.580201,7.4817,11.029504,4865986092656,10.441728,2431,1,7.721157E-08
perf,all-on,1128,6652.822590,-689.8416,18,-221.4395,4000,-3275.489,80,0,0,10.4451,6.657,10.052608,4865986185230,11.029504,2432,1,7.328264E-08
perf,all-on,1129,6652.832383,-689.8416,18,-221.4395,4000,-3275.489,80,0,0,9.692999,9.258,10.054656,4865986294027,10.052608,2433,1,6.981569E-08
perf,all-on,1130,6652.842691,-689.8416,18,-221.4395,4000,-3275.489,80,0,0,9.796103,6.7719,10.257408,4865986377165,10.054656,2434,1,6.647848E-08
perf,all-on,1131,6652.852284,-689.8416,18,-221.4395,4000,-3275.489,80,0,0,10.33459,7.4873,9.54368,4865986472962,10.257408,2435,1,6.313058E-08
perf,all-on,1132,6652.862609,-689.8416,18,-221.4395,4000,-3275.489,80,0,0,9.571301,8.021699,9.91232,4865986576849,9.54368,2436,1,6.018052E-08
perf,all-on,1133,6652.872434,-689.8416,18,-221.4395,4000,-3275.489,80,0,0,10.3109,7.9097,9.852928,4865986674332,9.91232,2437,1,5.715656E-08
perf,all-on,1134,6652.882616,-689.8416,18,-221.4395,4000,-3275.489,80,0,0,9.8339,6.6552,10.28608,4865986772293,9.852928,2438,1,5.441418E-08
perf,all-on,1135,6652.892564,-689.8416,18,-221.4395,4000,-3275.489,80,0,0,10.247,8.1005,10.04544,4865986875510,10.28608,2439,1,5.169648E-08
perf,all-on,1136,6652.902326,-689.8416,18,-221.4395,4000,-3275.489,80,0,0,9.885403,7.8374,9.6256,4865986971356,10.04544,2440,1,4.920339E-08
perf,all-on,1137,6652.912858,-689.8416,18,-221.4395,4000,-3275.489,80,0,0,9.763499,7.0246,10.37824,4865987074501,9.6256,2441,1,4.685909E-08
perf,all-on,1138,6652.923254,-689.8416,18,-221.4395,4000,-3275.489,80,0,0,10.5264,7.5028,9.608192,4865987172823,10.37824,2442,1,4.445658E-08
perf,all-on,1139,6652.934378,-689.8416,18,-221.4395,4000,-3275.489,80,0,0,11.45551,8.1972,9.988096,4865987274638,9.608192,2443,1,4.198177E-08
perf,all-on,1140,6652.945046,-689.8416,18,-221.4395,4000,-3275.489,80,0,0,10.0727,7.4114,10.802176,4865987374121,9.988096,2444,1,3.991978E-08
perf,all-on,1141,6652.953802,-689.8416,18,-221.4395,4000,-3275.489,80,0,0,10.6597,7.718,9.554944,4865987471762,10.802176,2445,1,3.784782E-08
perf,all-on,1142,6652.965005,-689.8416,18,-221.4395,4000,-3275.489,80,0,0,8.763698,7.9846,10.19392,4865987577040,9.554944,2446,1,3.62252E-08
perf,all-on,1143,6652.974921,-689.8416,18,-221.4395,4000,-3275.489,80,0,0,11.1993,7.5337,10.26048,4865987691564,10.19392,2447,1,3.425246E-08
perf,all-on,1144,6652.984992,-689.8416,18,-221.4395,4000,-3275.489,80,0,0,9.905704,8.4043,11.213824,4865987792278,10.26048,2448,1,3.259732E-08
perf,all-on,1145,6652.995259,-689.8416,18,-221.4395,4000,-3275.489,80,0,0,10.1193,8.8202,10.359808,4865987898903,11.213824,2449,1,3.098904E-08
perf,all-on,1146,6653.005115,-689.8416,18,-221.4395,4000,-3275.489,80,0,0,10.2182,7.1929,9.913344,4865987986513,10.359808,2450,1,2.944554E-08
perf,all-on,1147,6653.015111,-689.8416,18,-221.4395,4000,-3275.489,80,0,0,9.860395,7.8612,10.200064,4865988098520,9.913344,2451,1,2.802902E-08
perf,all-on,1148,6653.025572,-689.8416,18,-221.4395,4000,-3275.489,80,0,0,10.0009,7.701,9.946112,4865988197627,10.200064,2452,1,2.666191E-08
perf,all-on,1149,6653.035317,-689.8416,18,-221.4395,4000,-3275.489,80,0,0,10.4783,7.6833,9.595904,4865988298396,9.946112,2453,1,2.530101E-08
perf,all-on,1150,6653.045766,-689.8416,18,-221.4395,4000,-3275.489,80,0,0,9.719501,6.7925,10.773504,4865988401002,9.595904,2454,1,2.410084E-08
perf,all-on,1151,6653.055657,-689.8416,18,-221.4395,4000,-3275.489,80,0,0,10.4513,7.4634,9.641984,4865988499598,10.773504,2455,1,2.287376E-08
perf,all-on,1152,6653.065525,-689.8416,18,-221.4395,4000,-3275.489,80,0,0,9.930605,7.9463,9.911296,4865988599571,9.641984,2456,1,2.176574E-08
perf,all-on,1153,6653.075918,-689.8416,18,-221.4395,4000,-3275.489,80,0,0,9.830995,7.3105,10.515456,4865988704170,9.911296,2457,1,2.072172E-08
perf,all-on,1154,6653.086250,-689.8416,18,-221.4395,4000,-3275.489,80,0,0,11.4898,6.8539,9.546752,4865988801587,10.515456,2458,1,1.956483E-08
perf,all-on,1155,6653.097172,-689.8416,18,-221.4395,4000,-3275.489,80,0,0,9.2321,8.6778,10.129408,4865988906098,9.546752,2459,1,1.868223E-08
perf,all-on,1156,6653.106991,-689.8416,18,-221.4395,4000,-3275.489,80,0.8,0,10.9455,6.9043,10.271744,4865989004991,10.129408,2460,1,1.768727E-08
perf,all-on,1157,6653.117633,-689.8416,18,-221.4395,4000,-3275.489,80,0.7215242,0,9.798101,7.7658,10.648576,4865989103705,10.271744,2461,1,1.684165E-08
perf,all-on,1158,6653.127642,-689.8416,18,-221.4395,4000,-3275.489,80,0.6449781,0,10.64159,7.809,10.26048,4865989218412,10.648576,2462,1,1.596896E-08
perf,all-on,1159,6653.137046,-689.8416,18,-221.4395,4000,-3275.489,80,0.580028,0,10.0741,7.7066,10.179584,4865989310932,10.26048,2463,1,1.518452E-08
perf,all-on,1160,6653.148590,-689.8416,18,-221.4395,4000,-3275.489,80,0.5256386,0,9.343204,6.9119,10.376192,4865989420249,10.179584,2464,1,1.449147E-08
perf,all-on,1161,6653.157660,-689.8416,18,-221.4395,4000,-3275.489,80,0.4654382,0,11.5436,7.3521,9.561088,4865989518378,10.376192,2465,1,1.367873E-08
perf,all-on,1162,6653.169204,-689.8416,18,-221.4395,4000,-3275.489,80,0.4230176,0,9.0751,8.1287,9.752576,4865989624767,9.561088,2466,1,1.307193E-08
perf,all-on,1163,6653.179713,-689.8416,18,-221.4395,4000,-3275.489,80,0.3758403,0,11.5316,7.6305,10.64448,4865989724896,9.752576,2467,1,1.233954E-08
perf,all-on,1164,6653.190875,-689.8416,18,-221.4395,4000,-3275.489,80,0.3535489,0,10.5102,6.6978,11.119616,4865989818959,10.64448,2468,1,1.170783E-08
perf,all-on,1165,6653.200694,-689.8416,18,-221.4395,4000,-3275.489,80,0.4334062,0,11.16599,9.9343,10.430464,4865989934364,11.119616,2469,1,1.10721E-08
perf,all-on,1166,6653.211651,-689.8416,18,-221.4395,4000,-3275.489,80,0.6545767,0,9.854903,6.6063,10.976256,4865990025114,10.430464,2470,1,1.053975E-08
perf,all-on,1167,6653.222608,-689.8416,18,-221.4395,4000,-3275.489,80,0.7988143,0,10.9248,7.9648,10.16832,4865990140463,10.976256,2471,1,9.979465E-09
perf,all-on,1168,6653.232925,-689.8416,18,-221.4395,4000,-3275.489,80,0.5655906,0,10.9551,7.869,10.319872,4865990245557,10.16832,2472,1,9.447536E-09
perf,all-on,1169,6653.245533,-689.8416,18,-221.4395,4000,-3275.489,80,0.2780888,0,11.446,7.8392,11.307008,4865990357207,10.319872,2473,1,8.922034E-09
perf,all-on,1170,6653.254596,-689.8416,18,-221.4395,4000,-3275.489,80,0.1765097,0,11.4842,6.7475,9.648128,4865990455401,11.307008,2474,1,8.424153E-09
perf,all-on,1171,6653.264869,-689.8416,18,-221.4395,4000,-3275.489,80,0.1530674,0,9.064902,8.9638,10.530816,4865990564993,9.648128,2475,1,8.050856E-09
perf,all-on,1172,6653.275138,-689.8416,18,-221.4395,4000,-3275.489,80,0.1366638,0,10.2985,6.933,10.191872,4865990674550,10.530816,2476,1,7.64679E-09
perf,all-on,1173,6653.285385,-689.8416,18,-221.4395,4000,-3275.489,80,0.1225819,0,10.3166,8.1294,11.02848,4865990788734,10.191872,2477,1,7.262346E-09
perf,all-on,1174,6653.295521,-689.8416,18,-221.4395,4000,-3275.489,80,0.1106261,0,10.1927,9.7527,10.20416,4865990903844,11.02848,2478,1,6.901504E-09
perf,all-on,1175,6653.305747,-689.8416,18,-221.4395,4000,-3275.489,80,0.107736,0,10.1029,7.3124,10.1376,4865990994477,10.20416,2479,1,6.561537E-09
perf,all-on,1176,6653.315810,-689.8416,18,-221.4395,4000,-3275.489,80,0.152901,0,10.2243,7.8379,10.850304,4865991097342,10.1376,2480,1,6.234532E-09
perf,all-on,1177,6653.326663,-689.8416,18,-221.4395,4000,-3275.489,80,0.2803925,0,10.0704,8.5511,10.310656,4865991200505,10.850304,2481,1,5.928383E-09
perf,all-on,1178,6653.336416,-689.8416,18,-221.4395,4000,-3275.489,80,0.3480036,0,10.8565,8.4332,10.067968,4865991302471,10.310656,2482,1,5.615154E-09
perf,all-on,1179,6653.346598,-689.8416,18,-221.4395,4000,-3275.489,80,0.2300003,0,9.742702,6.7892,10.9056,4865991403638,10.067968,2483,1,5.348175E-09
perf,all-on,1180,6653.357230,-689.8416,18,-221.4395,4000,-3275.489,80,0.100782,0,10.1904,7.271,9.643008,4865991505878,10.9056,2484,1,5.082501E-09
perf,all-on,1181,6653.367410,-689.8416,18,-221.4395,4000,-3275.489,80,0.05600267,0,10.6284,8.1629,9.765888,4865991606557,9.643008,2485,1,4.819458E-09
perf,all-on,1182,6653.378380,-689.8416,18,-221.4395,4000,-3275.489,80,0.04660526,0,10.1792,7.4822,11.142144,4865991715106,9.765888,2486,1,4.580305E-09
perf,all-on,1183,6653.389050,-689.8416,18,-221.4395,4000,-3275.489,80,0.04133331,0,10.9751,6.9474,9.91232,4865991812574,11.142144,2487,1,4.33573E-09
perf,all-on,1184,6653.399400,-689.8416,18,-221.4395,4000,-3275.489,80,0.03652836,0,11.7197,8.6322,11.047936,4865991914463,9.91232,2488,1,4.088963E-09
perf,all-on,1185,6653.410205,-689.8416,18,-221.4395,4000,-3275.489,80,0.03311838,0,9.2999,6.8961,10.81344,4865992020754,11.047936,2489,1,3.903181E-09
perf,all-on,1186,6653.420116,-689.8416,18,-221.4395,4000,-3275.489,80,0.02952881,0,10.8876,7.6096,10.000384,4865992122546,10.81344,2490,1,3.69638E-09
perf,all-on,1187,6653.430427,-689.8416,18,-221.4395,4000,-3275.489,80,0.02662523,0,9.823901,8.1181,10.423296,4865992232274,10.000384,2491,1,3.519203E-09
perf,all-on,1188,6653.440299,-689.8416,18,-221.4395,4000,-3275.489,80,0.02388108,0,10.3222,7.4702,10.281984,4865992349470,10.423296,2492,1,3.342181E-09
perf,all-on,1189,6653.450675,-689.8416,18,-221.4395,4000,-3275.489,80,0.02152461,0,9.858999,6.7603,10.15808,4865992442475,10.281984,2493,1,3.181423E-09
perf,all-on,1190,6653.460531,-689.8416,18,-221.4395,4000,-3275.489,80,0.0192798,0,10.452,8.5188,10.310656,4865992551245,10.15808,2494,1,3.019431E-09
perf,all-on,1191,6653.470368,-689.8416,18,-221.4395,4000,-3275.489,80,0.0173903,0,9.788003,6.6687,9.734144,4865992649622,10.310656,2495,1,2.875218E-09
perf,all-on,1192,6653.480394,-689.8416,18,-221.4395,4000,-3275.489,80,0.01567936,0,9.828295,7.6318,10.134528,4865992752784,9.734144,2496,1,2.737341E-09
perf,all-on,1193,6653.491156,-689.8416,18,-221.4395,4000,-3275.489,80,0.01410638,0,10.0339,6.5618,9.622528,4865992851426,10.134528,2497,1,2.603398E-09
perf,all-on,1194,6653.501304,-689.8416,18,-221.4395,4000,-3275.489,80,0.0125949,0,10.7554,8.7735,10.021888,4865992955242,9.622528,2498,1,2.467093E-09
perf,all-on,1195,6653.511914,-689.8416,18,-221.4395,4000,-3275.489,80,0.01131747,0,10.14851,6.9621,10.641408,4865993053795,10.021888,2499,1,2.34503E-09
perf,all-on,1196,6653.522739,-689.8416,18,-221.4395,4000,-3275.489,80,0.01011864,0,10.626,7.403,10.013696,4865993152105,10.641408,2500,1,2.22369E-09
perf,all-on,1197,6653.533125,-689.8416,18,-221.4395,4000,-3275.489,80,0.009023729,0,10.86859,8.1477,10.34752,4865993252422,10.013696,2501,1,2.106073E-09
perf,all-on,1198,6653.543524,-689.8416,18,-221.4395,4000,-3275.489,80,0.008092715,0,10.33311,7.48,11.087872,4865993359978,10.34752,2502,1,2.000025E-09
perf,all-on,1199,6653.553916,-689.8416,18,-221.4395,4000,-3275.489,80,0.007171769,0,11.4661,6.7657,10.140672,4865993461487,11.087872,2503,1,1.888587E-09
perf,all-on,1200,6653.563486,-689.8416,18,-221.4395,4000,-3275.489,80,0.006500707,0,9.322994,8.8761,10.58304,4865993567578,10.140672,2504,1,1.802571E-09
perf,all-on,1201,6653.573853,-689.8416,18,-221.4395,4000,-3275.489,80,0.005876706,0,9.577005,6.787,9.977856,4865993675841,10.58304,2505,1,1.718289E-09
perf,all-on,1202,6653.586021,-689.8416,18,-221.4395,4000,-3275.489,80,0,0,10.35429,7.5164,10.13248,4865993779749,9.977856,2506,1,1.631594E-09
perf,all-on,1203,6653.596462,-689.8416,18,-221.4395,4000,-3275.489,80,0,0,12.1678,8.5306,10.436608,4865993894350,10.13248,2507,1,1.535289E-09
perf,all-on,1204,6653.606922,-689.8416,18,-221.4395,4000,-3275.489,80,0,0,10.4858,6.9422,11.515904,4865993987627,10.436608,2508,1,1.456869E-09
perf,all-on,1205,6653.617389,-689.8416,18,-221.4395,4000,-3275.489,80,0,0,10.41271,7.7989,10.784768,4865994083378,11.515904,2509,1,1.38296E-09
perf,all-on,1206,6653.627718,-689.8416,18,-221.4395,4000,-3275.489,80,0,0,10.4702,6.5479,10.283008,4865994186965,10.784768,2510,1,1.312423E-09
perf,all-on,1207,6653.637670,-689.8416,18,-221.4395,4000,-3275.489,80,0,0,10.3335,9.0435,10.285056,4865994308629,10.283008,2511,1,1.246335E-09
perf,all-on,1208,6653.648773,-689.8416,18,-221.4395,4000,-3275.489,80,0,0,9.9956,6.6217,10.5728,4865994413040,10.285056,2512,1,1.185577E-09
perf,all-on,1209,6653.658275,-689.8416,18,-221.4395,4000,-3275.489,80,0,0,11.1521,7.4889,9.894912,4865994517631,10.5728,2513,1,1.121278E-09
perf,all-on,1210,6653.668162,-689.8416,18,-221.4395,4000,-3275.489,80,0,0,9.4063,8.068899,10.179584,4865994622319,9.894912,2514,1,1.069764E-09
perf,all-on,1211,6653.678489,-689.8416,18,-221.4395,4000,-3275.489,80,0,0,9.893106,7.2436,10.622976,4865994725651,10.179584,2515,1,1.018135E-09
perf,all-on,1212,6653.688747,-689.8416,18,-221.4395,4000,-3275.489,80,0,0,10.3255,6.5432,9.839616,4865994825150,10.622976,2516,1,9.669047E-10
perf,all-on,1213,6653.699001,-689.8416,18,-221.4395,4000,-3275.489,80,0,0,10.2496,8.9524,10.000384,4865994937072,9.839616,2517,1,9.18601E-10
perf,all-on,1214,6653.710640,-689.8416,18,-221.4395,4000,-3275.489,80,0,0,11.3219,7.8821,10.510336,4865995031203,10.000384,2518,1,8.68044E-10
perf,all-on,1215,6653.719975,-689.8416,18,-221.4395,4000,-3275.489,80,0,0,10.6144,7.3104,9.71264,4865995130072,10.510336,2519,1,8.231764E-10
perf,all-on,1216,6653.730863,-689.8416,18,-221.4395,4000,-3275.489,80,0,0,9.295203,7.7617,10.499072,4865995233355,9.71264,2520,1,7.857938E-10
perf,all-on,1217,6653.740446,-689.8416,18,-221.4395,4000,-3275.489,80,0,0,11.0457,7.5018,10.541056,4865995335884,10.499072,2521,1,7.435723E-10
perf,all-on,1218,6653.751074,-689.8416,18,-221.4395,4000,-3275.489,80,0,0,9.421599,6.4672,10.518528,4865995449055,10.541056,2522,1,7.093563E-10
perf,all-on,1219,6653.761729,-689.8416,18,-221.4395,4000,-3275.489,80,0,0,10.6327,8.9128,10.266624,4865995554859,10.518528,2523,1,6.726293E-10
perf,all-on,1220,6653.771600,-689.8416,18,-221.4395,4000,-3275.489,80,0,0,10.6535,6.8851,10.092544,4865995648195,10.266624,2524,1,6.377376E-10
perf,all-on,1221,6653.781936,-689.8416,18,-221.4395,4000,-3275.489,80,0,0,9.872499,7.4996,10.571776,4865995757698,10.092544,2525,1,6.070217E-10
perf,all-on,1222,6653.793132,-689.8416,18,-221.4395,4000,-3275.489,80,0,0,10.3436,6.74,10.2144,4865995852880,10.571776,2526,1,5.764257E-10
perf,all-on,1223,6653.803659,-689.8416,18,-221.4395,4000,-3275.489,80,0,0,11.2018,8.5261,9.464832,4865995959178,10.2144,2527,1,5.450281E-10
perf,all-on,1224,6653.813969,-689.8416,18,-221.4395,4000,-3275.489,80,0,0,10.5154,6.9258,11.752448,4865996065736,9.464832,2528,1,5.171125E-10
perf,all-on,1225,6653.824275,-689.8416,18,-221.4395,4000,-3275.489,80,0,0,10.3209,7.5883,10.028032,4865996164454,11.752448,2529,1,4.91104E-10
perf,all-on,1226,6653.834186,-689.8416,18,-221.4395,4000,-3275.489,80,0,0,10.2896,7.894,10.467328,4865996267856,10.028032,2530,1,4.664766E-10
perf,all-on,1227,6653.844834,-689.8416,18,-221.4395,4000,-3275.489,80,0,0,9.917503,7.6824,10.807296,4865996379860,10.467328,2531,1,4.439094E-10
perf,all-on,1228,6653.855137,-689.8416,18,-221.4395,4000,-3275.489,80,0,0,10.6492,8.0484,9.549824,4865996485045,10.807296,2532,1,4.208912E-10
perf,all-on,1229,6653.865389,-689.8416,18,-221.4395,4000,-3275.489,80,0,0,11.4174,8.3178,10.358784,4865996588209,9.549824,2533,1,3.975368E-10
perf,all-on,1230,6653.874835,-689.8416,18,-221.4395,4000,-3275.489,80,0,0,9.133999,7.3784,10.454016,4865996691170,10.358784,2534,1,3.797896E-10
perf,all-on,1231,6653.885670,-689.8416,18,-221.4395,4000,-3275.489,80,0,0,9.446804,6.661,9.607168,4865996790341,10.454016,2535,1,3.622677E-10
perf,all-on,1232,6653.895409,-689.8416,18,-221.4395,4000,-3275.489,80,0,0,10.8332,8.305099,10.302464,4865996896804,9.607168,2536,1,3.431671E-10
perf,all-on,1233,6653.905318,-689.8416,18,-221.4395,4000,-3275.489,80,0,0,9.785196,6.7294,10.384384,4865997010357,10.302464,2537,1,3.267814E-10
perf,all-on,1234,6653.915947,-689.8416,18,-221.4395,4000,-3275.489,80,0,0,9.860898,7.6234,10.078208,4865997102344,10.384384,2538,1,3.110604E-10
perf,all-on,1235,6653.926125,-689.8416,18,-221.4395,4000,-3275.489,80,0,0,10.6338,7.6466,10.016768,4865997196814,10.078208,2539,1,2.949536E-10
perf,all-on,1236,6653.935749,-689.8416,18,-221.4395,4000,-3275.489,80,0,0,10.1759,8.1799,9.924608,4865997305148,10.016768,2540,1,2.803219E-10
perf,all-on,1237,6653.946537,-689.8416,18,-221.4395,4000,-3275.489,80,0,0,9.6206,6.9801,10.841088,4865997402766,9.924608,2541,1,2.671567E-10
perf,all-on,1238,6653.957242,-689.8416,18,-221.4395,4000,-3275.489,80,0,0,10.7901,7.3021,9.508864,4865997501611,10.841088,2542,1,2.531254E-10
perf,all-on,1239,6653.966973,-689.8416,18,-221.4395,4000,-3275.489,80,0,0,10.70111,8.0974,10.177536,4865997607933,9.508864,2543,1,2.399378E-10
perf,all-on,1240,6653.977487,-689.8416,18,-221.4395,4000,-3275.489,80,0,0,9.752494,7.2019,10.944512,4865997709702,10.177536,2544,1,2.285185E-10
perf,all-on,1241,6653.987147,-689.8416,18,-221.4395,4000,-3275.489,80,0,0,10.4985,6.6843,9.931776,4865997805929,10.944512,2545,1,2.168324E-10
perf,all-on,1242,6653.998635,-689.8416,18,-221.4395,4000,-3275.489,80,0,0,9.657696,8.6549,10.01472,4865997913815,9.931776,2546,1,2.066106E-10
perf,all-on,1243,6654.009326,-689.8416,18,-221.4395,4000,-3275.489,80,0,0,11.4952,6.7899,9.921536,4865998020837,10.01472,2547,1,1.950703E-10
perf,all-on,1244,6654.019511,-689.8416,18,-221.4395,4000,-3275.489,80,0,0,11.7936,7.7965,11.111424,4865998118262,9.921536,2548,1,1.839E-10
perf,all-on,1245,6654.030438,-689.8416,18,-221.4395,4000,-3275.489,80,0,0,9.075,7.9858,10.627072,4865998223321,11.111424,2549,1,1.75742E-10
perf,all-on,1246,6654.040623,-689.8416,18,-221.4395,4000,-3275.489,80,0,0,10.9346,7.5615,10.451968,4865998319916,10.627072,2550,1,1.663916E-10
perf,all-on,1247,6654.051103,-689.8416,18,-221.4395,4000,-3275.489,80,0,0,10.2021,6.745,10.790912,4865998434848,10.451968,2551,1,1.581167E-10
perf,all-on,1248,6654.061029,-689.8416,18,-221.4395,4000,-3275.489,80,0,0,10.5008,8.3038,10.335232,4865998552595,10.790912,2552,1,1.500292E-10
perf,all-on,1249,6654.070930,-689.8416,18,-221.4395,4000,-3275.489,80,0,0,9.880995,6.8804,9.679872,4865998643547,10.335232,2553,1,1.427971E-10
perf,all-on,1250,6654.081483,-689.8416,18,-221.4395,4000,-3275.489,80,0,0,9.898405,7.3576,10.333184,4865998752867,9.679872,2554,1,1.359018E-10
perf,all-on,1251,6654.091247,-689.8416,18,-221.4395,4000,-3275.489,80,0,0,10.5646,6.5958,9.908224,4865998854837,10.333184,2555,1,1.289094E-10
perf,all-on,1252,6654.101129,-689.8416,18,-221.4395,4000,-3275.489,80,0,0,9.775702,8.8947,10.24512,4865998959479,9.908224,2556,1,1.2276E-10
perf,all-on,1253,6654.111415,-689.8416,18,-221.4395,4000,-3275.489,80,0,0,9.865101,6.8184,10.471424,4865999058739,10.24512,2557,1,1.168517E-10
perf,all-on,1254,6654.122148,-689.8416,18,-221.4395,4000,-3275.489,80,0,0,10.285,7.4011,9.643008,4865999157731,10.471424,2558,1,1.109945E-10
perf,all-on,1255,6654.132633,-689.8416,18,-221.4395,4000,-3275.489,80,0,0,10.7395,7.6861,9.939968,4865999263333,9.643008,2559,1,1.051916E-10
perf,all-on,1256,6654.142510,-689.8416,18,-221.4395,4000,-3275.489,80,0,0,10.4837,7.196,10.324992,4865999360897,9.939968,2560,1,9.981961E-11
perf,all-on,1257,6654.152397,-689.8416,18,-221.4395,4000,-3275.489,80,0,0,9.901396,7.0815,10.452992,4865999459756,10.324992,2561,1,9.499818E-11
perf,all-on,1258,6654.163190,-689.8416,18,-221.4395,4000,-3275.489,80,0,0,9.855202,8.2037,10.502144,4865999562588,10.452992,2562,1,9.043051E-11
perf,all-on,1259,6654.180140,-689.8416,18,-221.4395,4000,-3275.489,80,0,0,12.5512,7.7159,9.710592,4865999669981,10.502144,2563,1,8.492985E-11
perf,all-on,1260,6654.190298,-689.8416,18,-221.4395,4000,-3275.489,80,0,0,15.25339,7.8476,10.477568,4865999774807,9.710592,2564,1,7.869336E-11
perf,all-on,1261,6654.199142,-689.8416,18,-221.4395,4000,-3275.489,80,0,0,10.1199,8.0634,0,0,10.477568,2565,1,7.481057E-11
perf,all-on,1262,6654.209717,-689.8416,18,-221.4395,4000,-3275.489,80,0,0,8.873101,6.9516,10.370048,4865999972415,0,2566,1,7.156412E-11
perf,all-on,1263,6654.219346,-689.8416,18,-221.4395,4000,-3275.489,80,0,0,10.5871,6.9062,12.758016,4866000097533,10.370048,2567,1,6.787436E-11
perf,all-on,1264,6654.230350,-689.8416,18,-221.4395,4000,-3275.489,80,0,0,9.5669,13.0096,11.877376,4866000250265,12.758016,2568,1,6.470405E-11
perf,all-on,1265,6654.240944,-689.8416,18,-221.4395,4000,-3275.489,80,0,0,11.0481,8.3979,10.450944,4866000351580,11.877376,2569,1,6.12267E-11
perf,all-on,1266,6654.251820,-689.8416,18,-221.4395,4000,-3275.489,80,0,0,10.5499,7.2007,10.79808,4866000439965,10.450944,2570,1,5.808072E-11
perf,all-on,1267,6654.261557,-689.8416,18,-221.4395,4000,-3275.489,80,0,0,10.8871,8.7985,10.872832,4866000545970,10.79808,2571,1,5.500358E-11
perf,all-on,1268,6654.272116,-689.8416,18,-221.4395,4000,-3275.489,80,0,0,9.754103,7.5719,10.191872,4866000641923,10.872832,2572,1,5.238539E-11
perf,all-on,1269,6654.282188,-689.8416,18,-221.4395,4000,-3275.489,80,0,0,10.5431,8.0898,10.175488,4866000752046,10.191872,2573,1,4.96954E-11
perf,all-on,1270,6654.292919,-689.8416,18,-221.4395,4000,-3275.489,80,0,0,10.0855,7.2717,10.394624,4866000857899,10.175488,2574,1,4.725152E-11
perf,all-on,1271,6654.302396,-689.8416,18,-221.4395,4000,-3275.489,80,0,0,10.7076,9.2662,9.967616,4866000966740,10.394624,2575,1,4.478829E-11
perf,all-on,1272,6654.312955,-689.8416,18,-221.4395,4000,-3275.489,80,0,0,9.477296,7.4355,10.963968,4866001064210,9.967616,2576,1,4.271543E-11
perf,all-on,1273,6654.324089,-689.8416,18,-221.4395,4000,-3275.489,80,0,0,10.5765,8.5787,9.964544,4866001169685,10.963968,2577,1,4.051522E-11
perf,all-on,1274,6654.334146,-689.8416,18,-221.4395,4000,-3275.489,80,0,0,12.2144,8.0411,9.993216,4866001270477,9.964544,2578,1,3.811492E-11
perf,all-on,1275,6654.345119,-689.8416,18,-221.4395,4000,-3275.489,80,0,0,8.961402,7.5377,10.97216,4866001377670,9.993216,2579,1,3.64448E-11
perf,all-on,1276,6654.355572,-689.8416,18,-221.4395,4000,-3275.489,80,0,0,10.9662,7.2481,10.24,4866001472434,10.97216,2580,1,3.450029E-11
perf,all-on,1277,6654.365489,-689.8416,18,-221.4395,4000,-3275.489,80,0,0,10.4579,8.304399,10.913792,4866001578114,10.24,2581,1,3.274264E-11
perf,all-on,1278,6654.376048,-689.8416,18,-221.4395,4000,-3275.489,80,0,0,9.932795,7.4619,10.843136,4866001700170,10.913792,2582,1,3.115623E-11
perf,all-on,1279,6654.386277,-689.8416,18,-221.4395,4000,-3275.489,80,0,0,10.5616,7.0732,9.509888,4866001789968,10.843136,2583,1,2.955362E-11
perf,all-on,1280,6654.397033,-689.8416,18,-221.4395,4000,-3275.489,80,0,0,10.205,8.1277,10.47552,4866001899630,9.509888,2584,1,2.808347E-11
perf,all-on,1281,6654.407264,-689.8416,18,-221.4395,4000,-3275.489,80,0,0,10.7715,6.8406,10.194944,4866002004220,10.47552,2585,1,2.661098E-11
perf,all-on,1282,6654.418751,-689.8416,18,-221.4395,4000,-3275.489,80,0,0,10.2126,8.0341,10.858496,4866002103460,10.194944,2586,1,2.528625E-11
perf,all-on,1283,6654.429657,-689.8416,18,-221.4395,4000,-3275.489,80,0,0,11.4926,7.6236,10.346496,4866002209015,10.858496,2587,1,2.387418E-11
perf,all-on,1284,6654.440012,-689.8416,18,-221.4395,4000,-3275.489,80,0,0,10.908,7.6911,11.164672,4866002311234,10.346496,2588,1,2.260696E-11
perf,all-on,1285,6654.450228,-689.8416,18,-221.4395,4000,-3275.489,80,0,0,10.3485,6.7457,10.496,4866002418868,11.164672,2589,1,2.146697E-11
perf,all-on,1286,6654.460257,-689.8416,18,-221.4395,4000,-3275.489,80,0,0,10.2499,7.6683,10.756096,4866002521071,10.496,2590,1,2.039451E-11
perf,all-on,1287,6654.470553,-689.8416,18,-221.4395,4000,-3275.489,80,0,0,9.997903,8.2415,9.990144,4866002635978,10.756096,2591,1,1.940006E-11
perf,all-on,1288,6654.481467,-689.8416,18,-221.4395,4000,-3275.489,80,0,0,10.293,8.0173,10.274816,4866002745011,9.990144,2592,1,1.84269E-11
perf,all-on,1289,6654.492965,-689.8416,18,-221.4395,4000,-3275.489,80,0,0,12.004,6.8304,10.592256,4866002848562,10.274816,2593,1,1.735345E-11
perf,all-on,1290,6654.503261,-689.8416,18,-221.4395,4000,-3275.489,80,0,0,10.4545,8.5998,10.303488,4866002950773,10.592256,2594,1,1.646964E-11
perf,all-on,1291,6654.514294,-689.8416,18,-221.4395,4000,-3275.489,80,0,0,10.2482,6.8563,11.53536,4866003051027,10.303488,2595,1,1.564698E-11
perf,all-on,1292,6654.526985,-689.8416,18,-221.4395,4000,-3275.489,80,0,0,11.0455,7.4106,10.318848,4866003153965,11.53536,2596,1,1.480627E-11
perf,all-on,1293,6654.537418,-689.8416,18,-221.4395,4000,-3275.489,80,0,0,12.74841,7.8817,10.478592,4866003273874,10.318848,2597,1,1.389193E-11
perf,all-on,1294,6654.548114,-689.8416,18,-221.4395,4000,-3275.489,80,0,0,10.36419,7.3897,13.130752,4866003378346,10.478592,2598,1,1.319038E-11
perf,all-on,1295,6654.558197,-689.8416,18,-221.4395,4000,-3275.489,80,0,0,10.70461,7.2806,10.103808,4866003481029,13.130752,2599,1,1.250295E-11
perf,all-on,1296,6654.568423,-689.8416,18,-221.4395,4000,-3275.489,80,0,0,10.0741,8.1815,10.545152,4866003591431,10.103808,2600,1,1.188877E-11
perf,all-on,1297,6654.578989,-689.8416,18,-221.4395,4000,-3275.489,80,0,0,10.22579,7.6621,10.773504,4866003718352,10.545152,2601,1,1.129618E-11
perf,all-on,1298,6654.589486,-689.8416,18,-221.4395,4000,-3275.489,80,0,0,10.5682,6.7932,10.084352,4866003822626,10.773504,2602,1,1.071478E-11
perf,all-on,1299,6654.599808,-689.8416,18,-221.4395,4000,-3275.489,80,0,0,10.4952,8.3972,10.37824,4866003929607,10.084352,2603,1,1.016701E-11
perf,all-on,1300,6654.610439,-689.8416,18,-221.4395,4000,-3275.489,80,0,0,10.3272,6.537,10.71616,4866004030401,10.37824,2604,1,9.655348E-12
perf,all-on,1301,6654.621902,-689.8416,18,-221.4395,4000,-3275.489,80,0,0,10.6352,7.5231,9.783296,4866004132660,10.71616,2605,1,9.155328E-12
perf,all-on,1302,6654.632083,-689.8416,18,-221.4395,4000,-3275.489,80,0,0,11.4729,7.6819,10.805248,4866004238327,9.783296,2606,1,8.644916E-12
perf,all-on,1303,6654.643418,-689.8416,18,-221.4395,4000,-3275.489,80,0,0,11.2417,7.3265,11.676672,4866004343294,10.805248,2607,1,8.172403E-12
perf,all-on,1304,6654.653033,-689.8416,18,-221.4395,4000,-3275.489,80,0,0,10.27389,6.5452,10.0352,4866004446552,11.676672,2608,1,7.763191E-12
perf,all-on,1305,6654.663444,-689.8416,18,-221.4395,4000,-3275.489,80,0,0,9.603401,8.5471,10.153984,4866004552876,10.0352,2609,1,7.399234E-12
perf,all-on,1306,6654.674239,-689.8416,18,-221.4395,4000,-3275.489,80,0,0,10.4198,6.6519,10.274816,4866004667446,10.153984,2610,1,7.023611E-12
perf,all-on,1307,6654.687256,-689.8416,18,-221.4395,4000,-3275.489,80,0,0,10.8273,7.5576,10.573824,4866004779985,10.274816,2611,1,6.653486E-12
perf,all-on,1308,6654.696458,-689.8416,18,-221.4395,4000,-3275.489,80,0,0,12.9881,8.5926,10.980352,4866004882740,10.573824,2612,1,6.235136E-12
perf,all-on,1309,6654.707794,-689.8416,18,-221.4395,4000,-3275.489,80,0,0,9.192595,6.9239,9.936896,4866004978810,10.980352,2613,1,5.955037E-12
perf,all-on,1310,6654.719168,-689.8416,18,-221.4395,4000,-3275.489,80,0,0,11.3477,7.8834,11.14624,4866005082975,9.936896,2614,1,5.626564E-12
perf,all-on,1311,6654.730995,-689.8416,18,-221.4395,4000,-3275.489,80,0,0,11.4246,6.7209,10.733568,4866005190903,11.14624,2615,1,5.314165E-12
perf,all-on,1312,6654.740797,-689.8416,18,-221.4395,4000,-3275.489,80,0,0,11.8274,11.3891,10.131456,4866005321094,10.733568,2616,1,5.009013E-12
perf,all-on,1313,6654.754831,-689.8416,18,-221.4395,4000,-3275.489,80,0,0,9.748901,7.4965,10.904576,4866005413080,10.131456,2617,1,4.770706E-12
perf,all-on,1314,6654.765398,-689.8416,18,-221.4395,4000,-3275.489,80,0,0,14.0876,8.7935,10.537984,4866005526494,10.904576,2618,1,4.446229E-12
perf,all-on,1315,6654.776585,-689.8416,18,-221.4395,4000,-3275.489,80,0,0,10.5329,9.5379,10.857472,4866005640267,10.537984,2619,1,4.218129E-12
perf,all-on,1316,6654.786684,-689.8416,18,-221.4395,4000,-3275.489,80,0,0,11.1978,9.6663,11.526144,4866005758768,10.857472,2620,1,3.98845E-12
perf,all-on,1317,6654.798070,-689.8416,18,-221.4395,4000,-3275.489,80,0,0,11.2105,8.1166,10.417152,4866005856546,11.526144,2621,1,3.771038E-12
perf,all-on,1318,6654.808363,-689.8416,18,-221.4395,4000,-3275.489,80,0,0,10.2817,11.9741,11.561984,4866005997334,10.417152,2622,1,3.582073E-12
perf,all-on,1319,6654.817009,-689.8416,18,-221.4395,4000,-3275.489,80,0,0,10.27129,8.5049,9.802752,4866006102624,11.561984,2623,1,3.402754E-12
perf,all-on,1320,6654.826576,-689.8416,18,-221.4395,4000,-3275.489,80,0,0,8.621202,9.2137,0,0,9.802752,2624,1,3.259192E-12
perf,all-on,1321,6654.836709,-689.8416,18,-221.4395,4000,-3275.489,80,0,0,9.647704,8.376099,11.264,4866006326300,0,2625,1,3.105705E-12
perf,all-on,1322,6654.848919,-689.8416,18,-221.4395,4000,-3275.489,80,0,0,10.0493,8.3169,11.988992,4866006429470,11.264,2626,1,2.95351E-12
perf,all-on,1323,6654.857818,-689.8416,18,-221.4395,4000,-3275.489,80,0,0,12.223,8.5544,10.242048,4866006532236,11.988992,2627,1,2.778411E-12
perf,all-on,1324,6654.868094,-689.8416,18,-221.4395,4000,-3275.489,80,0,0,8.915795,7.0452,10.456064,4866006618604,10.242048,2628,1,2.657272E-12
perf,all-on,1325,6654.878419,-689.8416,18,-221.4395,4000,-3275.489,80,0,0,10.2456,7.6765,10.702848,4866006714320,10.456064,2629,1,2.524574E-12
perf,all-on,1326,6654.888888,-689.8416,18,-221.4395,4000,-3275.489,80,0,0,10.32511,7.3555,10.350592,4866006815564,10.702848,2630,1,2.397548E-12
perf,all-on,1327,6654.899322,-689.8416,18,-221.4395,4000,-3275.489,80,0,0,10.48569,10.5527,10.452992,4866006937760,10.350592,2631,1,2.275087E-12
perf,all-on,1328,6654.911017,-689.8416,18,-221.4395,4000,-3275.489,80,0,0,10.42071,7.0797,10.60864,4866007026901,10.452992,2632,1,2.159582E-12
perf,all-on,1329,6654.920751,-689.8416,18,-221.4395,4000,-3275.489,80,0,0,11.6992,8.1996,9.851904,4866007129398,10.60864,2633,1,2.036879E-12
perf,all-on,1330,6654.931275,-689.8416,18,-221.4395,4000,-3275.489,80,0,0,9.728799,7.8965,10.878976,4866007232658,9.851904,2634,1,1.940168E-12
perf,all-on,1331,6654.942243,-689.8416,18,-221.4395,4000,-3275.489,80,0,0,10.5484,7.6436,10.19904,4866007337360,10.878976,2635,1,1.840492E-12
perf,all-on,1332,6654.952957,-689.8416,18,-221.4395,4000,-3275.489,80,0,0,12.1388,6.8726,10.41408,4866007441710,10.19904,2636,1,1.732107E-12
perf,all-on,1333,6654.962112,-689.8416,18,-221.4395,4000,-3275.489,80,0,0,9.536097,9.3476,10.788864,4866007558706,10.41408,2637,1,1.651457E-12
perf,all-on,1334,6654.972551,-689.8416,18,-221.4395,4000,-3275.489,80,0,0,9.157101,7.3466,9.883648,4866007655976,10.788864,2638,1,1.57755E-12
perf,all-on,1335,6654.982930,-689.8416,18,-221.4395,4000,-3275.489,80,0,0,10.418,8.056699,10.653696,4866007761328,9.883648,2639,1,1.497478E-12
perf,all-on,1336,6654.993562,-689.8416,18,-221.4395,4000,-3275.489,80,0,0,10.375,9.2977,10.268672,4866007882509,10.653696,2640,1,1.421777E-12
perf,all-on,1337,6655.002920,-689.8416,18,-221.4395,4000,-3275.489,80,0,0,10.6436,7.9286,9.905152,4866007978177,10.268672,2641,1,1.348091E-12
perf,all-on,1338,6655.014437,-689.8416,18,-221.4395,4000,-3275.489,80,0,0,9.345798,7.5856,10.98752,4866008069601,9.905152,2642,1,1.286545E-12
perf,all-on,1339,6655.024176,-689.8416,18,-221.4395,4000,-3275.489,80,0,0,11.56891,6.9627,9.842688,4866008173988,10.98752,2643,1,1.214237E-12
perf,all-on,1340,6655.035218,-689.8416,18,-221.4395,4000,-3275.489,80,0,0,9.686997,8.7419,10.413056,4866008277745,9.842688,2644,1,1.156827E-12
perf,all-on,1341,6655.046580,-689.8416,18,-221.4395,4000,-3275.489,80,0,0,11.0373,6.7954,10.510336,4866008384136,10.413056,2645,1,1.094716E-12
perf,all-on,1342,6655.056622,-689.8416,18,-221.4395,4000,-3275.489,80,0,0,11.3756,7.7935,11.190272,4866008477665,10.510336,2646,1,1.034188E-12
perf,all-on,1343,6655.066915,-689.8416,18,-221.4395,4000,-3275.489,80,0,0,10.0286,8.3298,10.2912,4866008593109,11.190272,2647,1,9.836095E-13
perf,all-on,1344,6655.077460,-689.8416,18,-221.4395,4000,-3275.489,80,0,0,10.2969,7.7331,10.756096,4866008690209,10.2912,2648,1,9.342503E-13
perf,all-on,1345,6655.087534,-689.8416,18,-221.4395,4000,-3275.489,80,0,0,10.5477,7.3213,10.198016,4866008800599,10.756096,2649,1,8.86256E-13
perf,all-on,1346,6655.098214,-689.8416,18,-221.4395,4000,-3275.489,80,0,0,10.0672,8.6748,10.435584,4866008914310,10.198016,2650,1,8.427496E-13
perf,all-on,1347,6655.109338,-689.8416,18,-221.4395,4000,-3275.489,80,0,0,11.7758,7.9667,10.227712,4866009014626,10.435584,2651,1,7.945619E-13
perf,all-on,1348,6655.118188,-689.8416,18,-221.4395,4000,-3275.489,80,0,0.8,10.0448,7.6642,10.203136,4866009117595,10.227712,2652,1,7.556414E-13
perf,all-on,1349,6655.128743,-689.8416,18,-221.4395,4000,-3275.489,80,0,0.7520922,8.8376,7.9202,10.113024,4866009223050,10.203136,2653,1,7.22978E-13
perf,all-on,1350,6655.139161,-689.8416,18,-221.4395,4000,-3275.489,80,0,0.6986241,10.5556,7.4004,9.900032,4866009323772,10.113024,2654,1,6.858102E-13
perf,all-on,1351,6655.150080,-689.8416,18,-221.4395,4000,-3275.489,80,0,0.6495714,10.4195,6.7957,10.53696,4866009441143,9.900032,2655,1,6.50996E-13
perf,all-on,1352,6655.160884,-689.8416,18,-221.4395,4000,-3275.489,80,0,0.6018578,10.9202,8.4343,10.719232,4866009541890,10.53696,2656,1,6.164039E-13
perf,all-on,1353,6655.170709,-689.8416,18,-221.4395,4000,-3275.489,80,0,0.5581248,10.7977,7.3108,10.160128,4866009630343,10.719232,2657,1,5.840076E-13
perf,all-on,1354,6655.182036,-689.8416,18,-221.4395,4000,-3275.489,80,0,0.5208353,9.8963,7.7741,11.359232,4866009735876,10.160128,2658,1,5.558133E-13
perf,all-on,1355,6655.192622,-689.8416,18,-221.4395,4000,-3275.489,80,0,0.4810692,11.3676,6.7842,10.119168,4866009840075,11.359232,2659,1,5.25103E-13
perf,all-on,1356,6655.202179,-689.8416,18,-221.4395,4000,-3275.489,80,0,0.4471103,10.48,8.8667,10.1376,4866009949267,10.119168,2660,1,4.982961E-13
perf,all-on,1357,6655.212410,-689.8416,18,-221.4395,4000,-3275.489,80,0,0.4181994,9.5794,6.7606,11.021312,4866010057269,10.1376,2661,1,4.749917E-13
perf,all-on,1358,6655.223205,-689.8416,18,-221.4395,4000,-3275.489,80,0,0.3897573,10.218,7.6763,10.089472,4866010155551,11.021312,2662,1,4.513339E-13
perf,all-on,1359,6655.232596,-689.8416,18,-221.4395,4000,-3275.489,80,0,0.3644058,10.7804,8.567,10.070016,4866010268896,10.089472,2663,1,4.276501E-13
perf,all-on,1360,6655.244116,-689.8416,18,-221.4395,4000,-3275.489,80,0,0.3534307,9.401403,8.6359,10.482688,4866010374687,10.070016,2664,1,4.080127E-13
perf,all-on,1361,6655.255354,-689.8416,18,-221.4395,4000,-3275.489,80,0,0.3810097,11.5187,7.3797,9.67168,4866010470388,10.482688,2665,1,3.851777E-13
perf,all-on,1362,6655.266208,-689.8416,18,-221.4395,4000,-3275.489,80,0,0.5072519,12.3384,7.8621,11.34592,4866010572627,9.67168,2666,1,3.621335E-13
perf,all-on,1363,6655.276148,-689.8416,18,-221.4395,4000,-3275.489,80,0,0.6660891,9.747102,7.1369,10.303488,4866010680492,11.34592,2667,1,3.449079E-13
perf,all-on,1364,6655.286502,-689.8416,18,-221.4395,4000,-3275.489,80,0,0.7889882,9.972597,7.5176,10.0864,4866010774464,10.303488,2668,1,3.281315E-13
perf,all-on,1365,6655.297405,-689.8416,18,-221.4395,4000,-3275.489,80,0,0.7676567,10.3175,8.455,10.68032,4866010889652,10.0864,2669,1,3.116332E-13
perf,all-on,1366,6655.307139,-689.8416,18,-221.4395,4000,-3275.489,80,0,0.5841721,11.0913,6.9178,10.37312,4866011012603,10.68032,2670,1,2.948216E-13
perf,all-on,1367,6655.317694,-689.8416,18,-221.4395,4000,-3275.489,80,0,0.399363,9.545797,8.1834,10.719232,4866011110532,10.37312,2671,1,2.810806E-13
perf,all-on,1368,6655.327960,-689.8416,18,-221.4395,4000,-3275.489,80,0,0.2587492,10.5574,7.9088,10.3936,4866011210136,10.719232,2672,1,2.66628E-13
perf,passes-off,1525,6656.841494,-689.8416,18,-221.4395,4000,-3275.489,80,0,0,8.245699,7.0298,0,0,9.355264,2829,1,1.375319E-16
perf,passes-off,1526,6656.851057,-689.8416,18,-221.4395,4000,-3275.489,80,0,0,9.868403,8.097899,10.211328,4866026480269,0,2830,1,1.309105E-16
perf,passes-off,1527,6656.860136,-689.8416,18,-221.4395,4000,-3275.489,80,0,0,9.587202,7.96,8.835072,4866026576073,10.211328,2831,1,1.247832E-16
perf,passes-off,1528,6656.869648,-689.8416,18,-221.4395,4000,-3275.489,80,0,0,9.053493,7.9001,9.342976,4866026682307,8.835072,2832,1,1.192605E-16
perf,passes-off,1529,6656.879750,-689.8416,18,-221.4395,4000,-3275.489,80,0,0,9.572704,6.594,10.396672,4866026764769,9.342976,2833,1,1.136867E-16
perf,passes-off,1530,6656.889192,-689.8416,18,-221.4395,4000,-3275.489,80,0,0,10.0343,8.2013,7.738368,4866026863503,10.396672,2834,1,1.081236E-16
perf,passes-off,1531,6656.897839,-689.8416,18,-221.4395,4000,-3275.489,80,0,0,9.561699,7.9178,9.547776,4866026959151,7.738368,2835,1,1.03076E-16
perf,passes-off,1532,6656.908159,-689.8416,18,-221.4395,4000,-3275.489,80,0,0,8.660006,7.1649,10.933248,4866027049919,9.547776,2836,1,9.870805E-17
perf,passes-off,1533,6656.917388,-689.8416,18,-221.4395,4000,-3275.489,80,0,0,10.2075,7.8026,8.40704,4866027145096,10.933248,2837,1,9.379664E-17
perf,passes-off,1534,6656.927157,-689.8416,18,-221.4395,4000,-3275.489,80,0,0,9.236302,8.3628,0,0,8.40704,2838,1,8.956347E-17
perf,passes-off,1535,6656.935604,-689.8416,18,-221.4395,4000,-3275.489,80,0,0,9.748796,7.7876,8.670208,4866027341040,0,2839,1,8.530248E-17
perf,passes-off,1536,6656.946956,-689.8416,18,-221.4395,4000,-3275.489,80,0,0,8.506505,6.8631,9.106432,4866027428146,8.670208,2840,1,8.175043E-17
perf,passes-off,1537,6656.955656,-689.8416,18,-221.4395,4000,-3275.489,80,0,0,11.3423,8.4765,10.013696,4866027530213,9.106432,2841,1,7.724326E-17
perf,passes-off,1538,6656.965800,-689.8416,18,-221.4395,4000,-3275.489,80,0,0,8.656597,7.3919,0,0,10.013696,2842,1,7.397126E-17
perf,passes-off,1539,6656.975428,-689.8416,18,-221.4395,4000,-3275.489,80,0,0,10.1373,8.0914,12.004352,4866027720130,0,2843,1,7.031535E-17
perf,passes-off,1540,6656.986147,-689.8416,18,-221.4395,4000,-3275.489,80,0,0,10.8182,6.764,7.87456,4866027804545,12.004352,2844,1,6.661295E-17
perf,passes-off,1541,6656.995037,-689.8416,18,-221.4395,4000,-3275.489,80,0,0,9.552495,9.6363,10.073088,4866027918152,7.87456,2845,1,6.350614E-17
perf,passes-off,1542,6657.004231,-689.8416,18,-221.4395,4000,-3275.489,80,0,0,8.9367,7.0868,0,0,10.073088,2846,1,6.073093E-17
perf,passes-off,1543,6657.013827,-689.8416,18,-221.4395,4000,-3275.489,80,0,0,9.121102,8.223699,9.715712,4866028106564,0,2847,1,5.802346E-17
perf,passes-off,1544,6657.023200,-689.8416,18,-221.4395,4000,-3275.489,80,0,0,9.613499,7.8822,10.606592,4866028214324,9.715712,2848,1,5.530039E-17
perf,passes-off,1545,6657.031722,-689.8416,18,-221.4395,4000,-3275.489,80,0,0,9.367999,7.7516,9.122816,4866028310283,10.606592,2849,1,5.276985E-17
perf,passes-off,1546,6657.041301,-689.8416,18,-221.4395,4000,-3275.489,80,0,0,8.509205,6.7871,9.143296,4866028398925,9.122816,2850,1,5.057179E-17
perf,passes-off,1547,6657.050956,-689.8416,18,-221.4395,4000,-3275.489,80,0.8,0,9.640497,7.4909,9.975808,4866028490840,9.143296,2851,1,4.819193E-17
perf,passes-off,1548,6657.059968,-689.8416,18,-221.4395,4000,-3275.489,80,0.7279643,0,9.639803,7.8263,8.808448,4866028586886,9.975808,2852,1,4.592421E-17
perf,passes-off,1549,6657.068898,-689.8416,18,-221.4395,4000,-3275.489,80,0.666733,0,8.976296,7.6567,9.66656,4866028680606,8.808448,2853,1,4.390863E-17
perf,passes-off,1550,6657.078617,-689.8416,18,-221.4395,4000,-3275.489,80,0.611017,0,8.9151,6.892,0,0,9.66656,2854,1,4.199436E-17
perf,passes-off,1551,6657.087488,-689.8416,18,-221.4395,4000,-3275.489,80,0.5555417,0,9.723201,7.9075,9.517056,4866028861529,0,2855,1,4.00016E-17
perf,passes-off,1552,6657.096287,-689.8416,18,-221.4395,4000,-3275.489,80,0.5093647,0,8.866801,7.9673,0,0,9.517056,2856,1,3.826691E-17
perf,passes-off,1553,6657.105332,-689.8416,18,-221.4395,4000,-3275.489,80,0.4672881,0,8.807299,7.2655,7.549952,4866029048203,0,2857,1,3.661833E-17
perf,passes-off,1554,6657.115263,-689.8416,18,-221.4395,4000,-3275.489,80,0.4277532,0,9.036097,7.3278,10.805248,4866029137487,7.549952,2858,1,3.500071E-17
perf,passes-off,1555,6657.124165,-689.8416,18,-221.4395,4000,-3275.489,80,0.3885109,0,9.944806,7.6842,8.951808,4866029234715,10.805248,2859,1,3.33029E-17
perf,passes-off,1556,6657.132899,-689.8416,18,-221.4395,4000,-3275.489,80,0.3605088,0,8.894997,7.2908,0,0,8.951808,2860,1,3.185421E-17
perf,passes-off,1557,6657.144116,-689.8416,18,-221.4395,4000,-3275.489,80,0.3607571,0,9.8116,7.1517,10.083328,4866029411418,0,2861,1,3.032922E-17
perf,passes-off,1558,6657.153352,-689.8416,18,-221.4395,4000,-3275.489,80,0.4655709,0,10.2141,7.3452,8.866816,4866029501830,10.083328,2862,1,2.881917E-17
perf,passes-off,1559,6657.162351,-689.8416,18,-221.4395,4000,-3275.489,80,0.6679811,0,9.211501,8.0321,0,0,8.866816,2863,1,2.752194E-17
perf,passes-off,1560,6657.171097,-689.8416,18,-221.4395,4000,-3275.489,80,0.8,0,8.961699,7.2752,11.784192,4866029690229,0,2864,1,2.631594E-17
perf,passes-off,1561,6657.180642,-689.8416,18,-221.4395,4000,-3275.489,80,0.7048779,0,8.741497,7.016,0,0,11.784192,2865,1,2.519051E-17
perf,passes-off,1562,6657.189907,-689.8416,18,-221.4395,4000,-3275.489,80,0.4435942,0,9.670797,8.4254,9.289728,4866029889813,0,2866,1,2.400143E-17
perf,passes-off,1563,6657.198421,-689.8416,18,-221.4395,4000,-3275.489,80,0.2607194,0,9.142503,7.5402,0,0,9.289728,2867,1,2.292896E-17
perf,passes-off,1564,6657.208305,-689.8416,18,-221.4395,4000,-3275.489,80,0.1877353,0,8.499602,7.2811,8.17152,4866030072177,0,2868,1,2.197494E-17
perf,passes-off,1565,6657.218314,-689.8416,18,-221.4395,4000,-3275.489,80,0.1576037,0,9.891596,7.0925,10.036224,4866030159573,8.171519,2869,1,2.091455E-17
perf,passes-off,1566,6657.227360,-689.8416,18,-221.4395,4000,-3275.489,80,0.1416056,0,10.0035,7.7692,8.71936,4866030255422,10.036224,2870,1,1.989418E-17
perf,passes-off,1567,6657.236363,-689.8416,18,-221.4395,4000,-3275.489,80,0.1295433,0,9.043303,7.5635,8.441856,4866030347690,8.71936,2871,1,1.901467E-17
perf,passes-off,1568,6657.246699,-689.8416,18,-221.4395,4000,-3275.489,80,0.1186655,0,8.9973,6.8366,10.03008,4866030432740,8.441856,2872,1,1.817822E-17
perf,passes-off,1569,6657.255317,-689.8416,18,-221.4395,4000,-3275.489,80,0.1083561,0,10.3591,8.235099,9.345024,4866030531622,10.03008,2873,1,1.726064E-17
perf,passes-off,1570,6657.264684,-689.8416,18,-221.4395,4000,-3275.489,80,0.1082942,0,8.6758,8.2909,0,0,9.345024,2874,1,1.65279E-17
perf,passes-off,1571,6657.274100,-689.8416,18,-221.4395,4000,-3275.489,80,0.1437465,0,9.294501,7.4305,8.558592,4866030722130,0,2875,1,1.577738E-17
perf,passes-off,1572,6657.283700,-689.8416,18,-221.4395,4000,-3275.489,80,0.2459946,0,9.409099,7.3754,10.906624,4866030812148,8.558592,2876,1,1.505232E-17
perf,passes-off,1573,6657.293580,-689.8416,18,-221.4395,4000,-3275.489,80,0.3508154,0,10.67479,8.6377,10.43456,4866030915598,10.906624,2877,1,1.426998E-17
perf,passes-off,1574,6657.302413,-689.8416,18,-221.4395,4000,-3275.489,80,0.3037757,0,8.814704,6.9579,8.269824,4866031001742,10.43456,2878,1,1.365471E-17
perf,passes-off,1575,6657.312250,-689.8416,18,-221.4395,4000,-3275.489,80,0.1796087,0,8.829798,7.5499,9.376768,4866031095376,8.269824,2879,1,1.306498E-17
perf,passes-off,1576,6657.320572,-689.8416,18,-221.4395,4000,-3275.489,80,0.08496708,0,9.860501,7.7612,9.997312,4866031189499,9.376768,2880,1,1.243647E-17
perf,passes-off,1577,6657.329572,-689.8416,18,-221.4395,4000,-3275.489,80,0.05716021,0,8.3071,7.7914,0,0,9.997312,2881,1,1.193049E-17
perf,passes-off,1578,6657.337945,-689.8416,18,-221.4395,4000,-3275.489,80,0.04810179,0,8.9893,7.1501,8.869888,4866031384370,0,2882,1,1.140613E-17
perf,passes-off,1579,6657.348416,-689.8416,18,-221.4395,4000,-3275.489,80,0.04390907,0,8.381498,7.1954,10.088448,4866031472694,8.869888,2883,1,1.093801E-17
perf,passes-off,1580,6657.357356,-689.8416,18,-221.4395,4000,-3275.489,80,0.03960409,0,10.472,7.8278,9.6,4866031571192,10.088448,2884,1,1.038003E-17
perf,passes-off,1581,6657.367215,-689.8416,18,-221.4395,4000,-3275.489,80,0.0362636,0,9.000198,6.664,7.890944,4866031654220,9.6,2885,1,9.923269E-18
perf,passes-off,1582,6657.376834,-689.8416,18,-221.4395,4000,-3275.489,80,0.03294346,0,9.810304,7.3996,0,0,7.890944,2886,1,9.448263E-18
perf,passes-off,1583,6657.385736,-689.8416,18,-221.4395,4000,-3275.489,80,0.02998604,0,9.607497,6.695,8.743936,4866031828042,0,2887,1,9.005121E-18
perf,passes-off,1584,6657.393939,-689.8416,18,-221.4395,4000,-3275.489,80,0.02748896,0,8.883405,8.6757,0,0,8.743936,2888,1,8.613892E-18
perf,passes-off,1585,6657.402601,-689.8416,18,-221.4395,4000,-3275.489,80,0.02536646,0,8.209198,6.8865,9.954304,4866032022302,0,2889,1,8.267485E-18
perf,passes-off,1586,6657.412617,-689.8416,18,-221.4395,4000,-3275.489,80,0.02330318,0,8.666397,8.133599,9.428992,4866032120806,9.954304,2890,1,7.916889E-18
perf,passes-off,1587,6657.422209,-689.8416,18,-221.4395,4000,-3275.489,80,0.02112543,0,10.0243,7.8939,8.236032,4866032216931,9.428992,2891,1,7.529863E-18
perf,passes-off,1588,6657.430926,-689.8416,18,-221.4395,4000,-3275.489,80,0.01923361,0,9.584801,7.2546,0,0,8.236032,2892,1,7.177512E-18
perf,passes-off,1589,6657.439426,-689.8416,18,-221.4395,4000,-3275.489,80,0.01765928,0,8.723101,6.55,10.580992,4866032387902,0,2893,1,6.87119E-18
perf,passes-off,1590,6657.450876,-689.8416,18,-221.4395,4000,-3275.489,80,0.01607366,0,9.6106,7.0219,8.930304,4866032474555,10.580992,2894,1,6.548817E-18
perf,passes-off,1591,6657.459232,-689.8416,18,-221.4395,4000,-3275.489,80,0.01452834,0,10.3276,8.0317,9.018368,4866032574783,8.930304,2895,1,6.219231E-18
perf,passes-off,1592,6657.468278,-689.8416,18,-221.4395,4000,-3275.489,80,0.01338605,0,8.364803,7.8622,8.567808,4866032670634,9.018368,2896,1,5.964483E-18
perf,passes-off,1593,6657.477865,-689.8416,18,-221.4395,4000,-3275.489,80,0.01225095,0,9.052601,6.9445,0,0,8.567808,2897,1,5.70053E-18
perf,passes-off,1594,6657.487015,-689.8416,18,-221.4395,4000,-3275.489,80,0.01115365,0,9.586394,6.8817,11.209728,4866032853418,0,2898,1,5.433738E-18
perf,passes-off,1595,6657.495457,-689.8416,18,-221.4395,4000,-3275.489,80,0.01019262,0,9.204203,8.6481,8.352768,4866032957252,11.209728,2899,1,5.189339E-18
perf,passes-off,1596,6657.504338,-689.8416,18,-221.4395,4000,-3275.489,80,0.009390878,0,8.3705,6.7035,10.002432,4866033040911,8.352767,2900,1,4.976634E-18
perf,passes-off,1597,6657.513550,-689.8416,18,-221.4395,4000,-3275.489,80,0.008608856,0,8.882199,7.3849,8.957952,4866033131342,10.002432,2901,1,4.760453E-18
perf,passes-off,1598,6657.522365,-689.8416,18,-221.4395,4000,-3275.489,80,0.007865624,0,9.224199,7.933,8.3968,4866033227279,8.957952,2902,1,4.545882E-18
perf,passes-off,1599,6657.530583,-689.8416,18,-221.4395,4000,-3275.489,80,0.00721506,0,8.818303,7.4865,8.819712,4866033318659,8.3968,2903,1,4.349802E-18
perf,passes-off,1600,6657.538666,-689.8416,18,-221.4395,4000,-3275.489,80,0.006655975,0,8.241199,6.7031,8.416256,4866033403071,8.819712,2904,1,4.174206E-18
perf,passes-off,1601,6657.549147,-689.8416,18,-221.4395,4000,-3275.489,80,0.006152032,0,8.043701,7.1999,10.002432,4866033491878,8.416256,2905,1,4.009657E-18
perf,passes-off,1602,6657.557314,-689.8416,18,-221.4395,4000,-3275.489,80,0.005551032,0,10.5016,7.5729,8.523776,4866033584066,10.002432,2906,1,3.80455E-18
perf,passes-off,1603,6657.566234,-689.8416,18,-221.4395,4000,-3275.489,80,0,0,8.147995,7.1512,0,0,8.523776,2907,1,3.652667E-18
perf,passes-off,1604,6657.575219,-689.8416,18,-221.4395,4000,-3275.489,80,0,0,8.9151,6.5252,10.3936,4866033754548,0,2908,1,3.493424E-18
perf,passes-off,1605,6657.584664,-689.8416,18,-221.4395,4000,-3275.489,80,0,0,9.081604,6.4321,8.119296,4866033835162,10.3936,2909,1,3.338342E-18
perf,passes-off,1606,6657.592977,-689.8416,18,-221.4395,4000,-3275.489,80,0,0,9.3634,8.7247,0,0,8.119296,2910,1,3.185653E-18
perf,passes-off,1607,6657.602988,-689.8416,18,-221.4395,4000,-3275.489,80,0,0,9.4733,6.5413,9.37984,4866034021660,0,2911,1,3.038277E-18
perf,passes-off,1608,6657.612595,-689.8416,18,-221.4395,4000,-3275.489,80,0,0,8.837401,7.2335,0,0,9.37984,2912,1,2.906948E-18
perf,passes-off,1609,6657.621425,-689.8416,18,-221.4395,4000,-3275.489,80,0,0,9.620096,7.3529,8.982528,4866034201444,0,2913,1,2.770432E-18
perf,passes-off,1610,6657.629547,-689.8416,18,-221.4395,4000,-3275.489,80,0,0,8.815802,7.718,8.449024,4866034295127,8.982528,2914,1,2.650966E-18
perf,passes-off,1611,6657.637695,-689.8416,18,-221.4395,4000,-3275.489,80,0,0,8.127997,6.7121,10.017792,4866034389123,8.449024,2915,1,2.545391E-18
perf,passes-off,1612,6657.647725,-689.8416,18,-221.4395,4000,-3275.489,80,0,0,8.1438,7.2902,9.9328,4866034478358,10.017792,2916,1,2.443827E-18
perf,passes-off,1613,6657.656199,-689.8416,18,-221.4395,4000,-3275.489,80,0,0,10.074,7.5871,8.510464,4866034574534,9.9328,2917,1,2.32378E-18
perf,passes-off,1614,6657.665182,-689.8416,18,-221.4395,4000,-3275.489,80,0,0,8.503103,7.1863,0,0,8.510464,2918,1,2.227054E-18
perf,passes-off,1615,6657.674228,-689.8416,18,-221.4395,4000,-3275.489,80,0,0,8.914697,6.5212,10.338304,4866034744023,0,2919,1,2.129967E-18
perf,passes-off,1616,6657.683498,-689.8416,18,-221.4395,4000,-3275.489,80,0,0,9.044097,6.5165,0,0,10.338304,2920,1,2.035794E-18
perf,passes-off,1617,6657.691700,-689.8416,18,-221.4395,4000,-3275.489,80,0,0,9.346805,8.2627,8.329216,4866034925845,0,2921,1,1.942842E-18
perf,passes-off,1618,6657.700138,-689.8416,18,-221.4395,4000,-3275.489,80,0,0,8.123695,6.8714,8.952832,4866035010512,8.329216,2922,1,1.865508E-18
perf,passes-off,1619,6657.710318,-689.8416,18,-221.4395,4000,-3275.489,80,0,0,8.446301,7.3168,7.819264,4866035100355,8.952832,2923,1,1.788365E-18
perf,passes-off,1620,6657.719644,-689.8416,18,-221.4395,4000,-3275.489,80,0,0,10.1827,7.4463,8.088576,4866035190800,7.819264,2924,1,1.699592E-18
perf,passes-off,1621,6657.728906,-689.8416,18,-221.4395,4000,-3275.489,80,0,0,9.3231,7.5665,0,0,8.088576,2925,1,1.622183E-18
perf,passes-off,1622,6657.737088,-689.8416,18,-221.4395,4000,-3275.489,80,0,0,9.251999,6.4969,8.428544,4866035365517,0,2926,1,1.54885E-18
perf,passes-off,1623,6657.747211,-689.8416,18,-221.4395,4000,-3275.489,80,0,0,8.194899,6.761,10.940416,4866035449930,8.428544,2927,1,1.486669E-18
perf,passes-off,1624,6657.756731,-689.8416,18,-221.4395,4000,-3275.489,80,0,0,11.2494,8.3663,9.581568,4866035551783,10.940416,2928,1,1.405357E-18
perf,passes-off,1625,6657.765597,-689.8416,18,-221.4395,4000,-3275.489,80,0,0,8.386494,7.7063,0,0,9.581568,2929,1,1.347645E-18
perf,passes-off,1626,6657.774551,-689.8416,18,-221.4395,4000,-3275.489,80,0,0,8.858206,7.5827,7.795712,4866035737549,0,2930,1,1.289259E-18
perf,passes-off,1627,6657.784606,-689.8416,18,-221.4395,4000,-3275.489,80,0,0,8.957597,6.5131,10.635264,4866035819461,7.795712,2931,1,1.23279E-18
perf,passes-off,1628,6657.793202,-689.8416,18,-221.4395,4000,-3275.489,80,0,0,10.0713,8.4056,8.879104,4866035931509,10.635264,2932,1,1.172248E-18
perf,passes-off,1629,6657.802488,-689.8416,18,-221.4395,4000,-3275.489,80,0,0,8.5983,6.8241,0,0,8.879104,2933,1,1.122919E-18
perf,passes-off,1630,6657.811599,-689.8416,18,-221.4395,4000,-3275.489,80,0,0,9.273902,7.2125,9.842688,4866036104442,0,2934,1,1.072039E-18
perf,passes-off,1631,6657.819775,-689.8416,18,-221.4395,4000,-3275.489,80,0,0,9.1071,7.3276,0,0,9.842688,2935,1,1.024318E-18
perf,passes-off,1632,6657.828581,-689.8416,18,-221.4395,4000,-3275.489,80,0,0,8.171499,8.289899,8.699904,4866036294643,0,2936,1,9.833101E-19
perf,passes-off,1633,6657.836684,-689.8416,18,-221.4395,4000,-3275.489,80,0,0,8.807001,6.9267,9.629696,4866036380621,8.699904,2937,1,9.409496E-19
perf,passes-off,1634,6657.847036,-689.8416,18,-221.4395,4000,-3275.489,80,0,0,8.103898,7.5497,7.448576,4866036473452,9.629696,2938,1,9.035849E-19
perf,passes-off,1635,6657.855408,-689.8416,18,-221.4395,4000,-3275.489,80,0,0,10.4029,7.3638,9.182208,4866036564528,7.448576,2939,1,8.577868E-19
perf,passes-off,1636,6657.864814,-689.8416,18,-221.4395,4000,-3275.489,80,0,0,8.392205,6.509,0,0,9.182208,2940,1,8.225379E-19
perf,passes-off,1637,6657.873903,-689.8416,18,-221.4395,4000,-3275.489,80,0,0,9.337996,7.1431,11.116544,4866036734316,0,2941,1,7.850164E-19
perf,passes-off,1638,6657.883361,-689.8416,18,-221.4395,4000,-3275.489,80,0,0,9.098604,6.4627,0,0,11.116544,2942,1,7.501038E-19
perf,passes-off,1639,6657.891085,-689.8416,18,-221.4395,4000,-3275.489,80,0,0,9.4473,8.4498,9.356288,4866036919210,0,2943,1,7.154954E-19
perf,passes-off,1640,6657.899288,-689.8416,18,-221.4395,4000,-3275.489,80,0,0,7.722598,6.7221,0,0,9.356288,2944,1,6.883945E-19
perf,passes-off,1641,6657.910497,-689.8416,18,-221.4395,4000,-3275.489,80,0,0,9.273101,7.707,10.225664,4866037096665,0,2945,1,6.572054E-19
perf,passes-off,1642,6657.919322,-689.8416,18,-221.4395,4000,-3275.489,80,0,0,10.1483,7.4838,6.643712,4866037187643,10.225664,2946,1,6.246897E-19
perf,passes-off,1643,6657.927978,-689.8416,18,-221.4395,4000,-3275.489,80,0,0,8.817801,7.7096,0,0,6.643712,2947,1,5.977461E-19
perf,passes-off,1644,6657.936014,-689.8416,18,-221.4395,4000,-3275.489,80,0,0,8.658198,6.1612,7.958528,4866037359365,0,2948,1,5.724212E-19
perf,passes-off,1645,6657.945844,-689.8416,18,-221.4395,4000,-3275.489,80,0,0,8.030003,6.5432,11.558912,4866037452052,7.958528,2949,1,5.498937E-19
perf,passes-off,1646,6657.953793,-689.8416,18,-221.4395,4000,-3275.489,80,0,0,9.827898,8.339399,8.47872,4866037553570,11.558912,2950,1,5.235254E-19
perf,passes-off,1647,6657.962548,-689.8416,18,-221.4395,4000,-3275.489,80,0,0,7.955698,7.2198,8.812544,4866037641756,8.47872,2951,1,5.031091E-19
perf,passes-off,1648,6657.971151,-689.8416,18,-221.4395,4000,-3275.489,80,0,0,8.753798,6.9725,7.65952,4866037728315,8.812544,2952,1,4.815635E-19
perf,passes-off,1649,6657.980449,-689.8416,18,-221.4395,4000,-3275.489,80,0,0,8.599405,6.4317,10.421248,4866037808667,7.65952,2953,1,4.612965E-19
perf,passes-off,1650,6657.989245,-689.8416,18,-221.4395,4000,-3275.489,80,0,0,9.318197,8.1163,9.232384,4866037906928,10.421248,2954,1,4.402972E-19
perf,passes-off,1651,6657.997594,-689.8416,18,-221.4395,4000,-3275.489,80,0,0,8.791101,6.3635,0,0,9.232384,2955,1,4.213629E-19
perf,passes-off,1652,6658.006198,-689.8416,18,-221.4395,4000,-3275.489,80,0,0,8.388499,7.0745,8.1152,4866038074008,0,2956,1,4.040554E-19
perf,passes-off,1653,6658.015678,-689.8416,18,-221.4395,4000,-3275.489,80,0,0,8.550404,7.0358,10.047488,4866038160029,8.1152,2957,1,3.871453E-19
perf,passes-off,1654,6658.024572,-689.8416,18,-221.4395,4000,-3275.489,80,0,0,9.505102,7.6526,8.167424,4866038253128,10.047488,2958,1,3.691764E-19
perf,passes-off,1655,6658.032757,-689.8416,18,-221.4395,4000,-3275.489,80,0,0,8.871294,7.0734,0,0,8.167424,2959,1,3.531589E-19
perf,passes-off,1656,6658.042544,-689.8416,18,-221.4395,4000,-3275.489,80,0,0,8.210799,6.5947,8.710144,4866038424487,0,2960,1,3.389539E-19
perf,passes-off,1657,6658.050765,-689.8416,18,-221.4395,4000,-3275.489,80,0,0,9.797002,7.0193,8.849408,4866038510494,8.710144,2961,1,3.227503E-19
perf,passes-off,1658,6658.060090,-689.8416,18,-221.4395,4000,-3275.489,80,0,0,9.261203,7.8084,8.162304,4866038605321,8.849408,2962,1,3.081458E-19
perf,passes-off,1659,6658.069129,-689.8416,18,-221.4395,4000,-3275.489,80,0,0,8.250801,7.2609,0,0,8.162304,2963,1,2.956922E-19
perf,passes-off,1660,6658.078356,-689.8416,18,-221.4395,4000,-3275.489,80,0,0,9.035295,6.493,9.73824,4866038776100,0,2964,1,2.826311E-19
perf,passes-off,1661,6658.087926,-689.8416,18,-221.4395,4000,-3275.489,80,0,0,9.230002,7.8382,8.210432,4866038874104,9.73824,2965,1,2.698841E-19
perf,passes-off,1662,6658.095997,-689.8416,18,-221.4395,4000,-3275.489,80,0,0,9.568197,6.5183,9.225216,4866038966878,8.210432,2966,1,2.572765E-19
perf,passes-off,1663,6658.104827,-689.8416,18,-221.4395,4000,-3275.489,80,0,0,8.149199,6.645,9.194496,4866039049445,9.225216,2967,1,2.470042E-19
perf,passes-off,1664,6658.114062,-689.8416,18,-221.4395,4000,-3275.489,80,0,0,8.749504,7.4062,9.80992,4866039139800,9.194496,2968,1,2.364314E-19
perf,passes-off,1665,6658.123145,-689.8416,18,-221.4395,4000,-3275.489,80,0,0,9.257695,7.534,7.389184,4866039232105,9.80992,2969,1,2.257368E-19
perf,passes-off,1666,6658.132065,-689.8416,18,-221.4395,4000,-3275.489,80,0,0,9.059503,7.9501,0,0,7.389184,2970,1,2.157396E-19
perf,passes-off,1667,6658.141526,-689.8416,18,-221.4395,4000,-3275.489,80,0,0,8.979401,6.4146,8.399872,4866039408508,0,2971,1,2.062677E-19
perf,passes-off,1668,6658.150831,-689.8416,18,-221.4395,4000,-3275.489,80,0,0,9.405598,7.1963,9.786368,4866039496772,8.399872,2972,1,1.967919E-19
perf,passes-off,1669,6658.158969,-689.8416,18,-221.4395,4000,-3275.489,80,0,0,9.306803,7.5946,8.435712,4866039589279,9.786368,2973,1,1.878442E-19
perf,passes-off,1670,6658.168963,-689.8416,18,-221.4395,4000,-3275.489,80,0,0,8.177395,7.4553,9.377792,4866039679949,8.435712,2974,1,1.803187E-19
perf,passes-off,1671,6658.178391,-689.8416,18,-221.4395,4000,-3275.489,80,0,0,9.952906,7.0286,0,0,9.377792,2975,1,1.715649E-19
perf,passes-off,1672,6658.187559,-689.8416,18,-221.4395,4000,-3275.489,80,0,0,9.429996,7.7722,9.135104,4866039863778,0,2976,1,1.636633E-19
perf,passes-off,1673,6658.195921,-689.8416,18,-221.4395,4000,-3275.489,80,0,0,9.162301,7.6503,8.25344,4866039956829,9.135104,2977,1,1.563348E-19
perf,passes-off,1674,6658.204789,-689.8416,18,-221.4395,4000,-3275.489,80,0,0,8.361501,6.3489,10.00448,4866040038435,8.253439,2978,1,1.499336E-19
perf,passes-off,1675,6658.215430,-689.8416,18,-221.4395,4000,-3275.489,80,0,0,9.9367,8.2955,8.466432,4866040138144,10.00448,2979,1,1.426664E-19
perf,passes-off,1676,6658.225562,-689.8416,18,-221.4395,4000,-3275.489,80,0,0.8,9.574,7.6669,9.02144,4866040232460,8.466432,2980,1,1.359978E-19
perf,passes-off,1677,6658.234587,-689.8416,18,-221.4395,4000,-3275.489,80,0,0.7057368,10.263,7.5139,8.122368,4866040324088,9.02144,2981,1,1.291951E-19
perf,passes-off,1678,6658.245209,-689.8416,18,-221.4395,4000,-3275.489,80,0,0.6330977,8.8929,6.6781,0,0,8.122368,2982,1,1.235764E-19
perf,passes-off,1679,6658.253218,-689.8416,18,-221.4395,4000,-3275.489,80,0,0.5560595,10.622,7.1562,9.851904,4866040507020,0,2983,1,1.171845E-19
perf,passes-off,1680,6658.262418,-689.8416,18,-221.4395,4000,-3275.489,80,0,0.5042245,8.010403,7.9016,9.09312,4866040602797,9.851904,2984,1,1.125837E-19
perf,passes-off,1681,6658.271257,-689.8416,18,-221.4395,4000,-3275.489,80,0,0.4505304,9.2187,8.2578,11.082752,4866040704484,9.09312,2985,1,1.075121E-19
perf,passes-off,1682,6658.280572,-689.8416,18,-221.4395,4000,-3275.489,80,0,0.4046009,8.826197,7.383,0,0,11.082752,2986,1,1.028707E-19
perf,passes-off,1683,6658.289695,-689.8416,18,-221.4395,4000,-3275.489,80,0,0.3642574,9.332298,8.5964,7.630848,4866040900593,0,2987,1,9.818086E-20
perf,passes-off,1684,6658.298940,-689.8416,18,-221.4395,4000,-3275.489,80,0,0.3609811,9.100503,6.4208,9.638912,4866040980700,7.630848,2988,1,9.381349E-20
perf,passes-off,1685,6658.308522,-689.8416,18,-221.4395,4000,-3275.489,80,0,0.4925781,9.293998,7.2215,10.11712,4866041072718,9.638912,2989,1,8.955372E-20
perf,passes-off,1686,6658.317503,-689.8416,18,-221.4395,4000,-3275.489,80,0,0.7528756,9.608001,7.1599,0,0,10.11712,2990,1,8.535326E-20
perf,passes-off,1687,6658.326662,-689.8416,18,-221.4395,4000,-3275.489,80,0,0.7526478,8.908298,7.6213,9.432064,4866041254380,0,2991,1,8.163493E-20
perf,passes-off,1688,6658.334897,-689.8416,18,-221.4395,4000,-3275.489,80,0,0.4590941,9.175205,7.52,8.267776,4866041345483,9.432064,2992,1,7.797445E-20
perf,passes-off,1689,6658.345133,-689.8416,18,-221.4395,4000,-3275.489,80,0,0.2522648,8.320798,7.506,9.7536,4866041437936,8.267776,2993,1,7.479695E-20
perf,passes-off,1690,6658.353463,-689.8416,18,-221.4395,4000,-3275.489,80,0,0.1695006,10.1353,7.9871,8.748032,4866041534315,9.7536,2994,1,7.110095E-20
perf,passes-off,1691,6658.362611,-689.8416,18,-221.4395,4000,-3275.489,80,0,0.1485292,8.326503,7.0671,16655285114726,4866041623547,8.748032,2995,1,6.820161E-20
perf,passes-off,1692,6658.372223,-689.8416,18,-221.4395,4000,-3275.489,80,0,0.1306587,10.3111,7.4506,10.789888,4866041715244,-9223372036854.78,2996,1,6.477454E-20
perf,passes-off,1693,6658.381892,-689.8416,18,-221.4395,4000,-3275.489,80,0,0.1177493,8.557305,6.5307,0,0,10.789888,2997,1,6.206152E-20
perf,passes-off,1694,6658.391057,-689.8416,18,-221.4395,4000,-3275.489,80,0,0.1069253,9.570897,8.2264,9.704448,4866041899877,0,2998,1,5.916154E-20
perf,passes-off,1695,6658.399711,-689.8416,18,-221.4395,4000,-3275.489,80,0,0.1207336,9.156002,6.621,8.920064,4866041983151,9.704448,2999,1,5.651419E-20
perf,passes-off,1696,6658.409265,-689.8416,18,-221.4395,4000,-3275.489,80,0,0.2105687,8.677197,7.2933,9.704448,4866042085445,8.920064,3000,1,5.411469E-20
perf,passes-off,1697,6658.417497,-689.8416,18,-221.4395,4000,-3275.489,80,0,0.3448209,9.5544,6.8501,0,0,9.704448,3001,1,5.15903E-20
perf,passes-off,1698,6658.426711,-689.8416,18,-221.4395,4000,-3275.489,80,0,0.304594,8.202303,7.9452,9.340928,4866042267496,0,3002,1,4.951731E-20
perf,passes-off,1699,6658.435159,-689.8416,18,-221.4395,4000,-3275.489,80,0,0.1465274,9.240299,7.5634,8.645632,4866042359099,9.340928,3003,1,4.728158E-20
perf,passes-off,1700,6658.445217,-689.8416,18,-221.4395,4000,-3275.489,80,0,0.06998655,8.4223,6.6632,9.66144,4866042445690,8.645632,3004,1,4.533182E-20
perf,passes-off,1701,6658.453330,-689.8416,18,-221.4395,4000,-3275.489,80,0,0.04902022,10.0812,7.9071,8.005632,4866042541300,9.66144,3005,1,4.310346E-20
perf,passes-off,1702,6658.462580,-689.8416,18,-221.4395,4000,-3275.489,80,0,0.04378618,8.088697,6.5542,9.020416,4866042623435,8.005632,3006,1,4.139498E-20
perf,passes-off,1703,6658.470732,-689.8416,18,-221.4395,4000,-3275.489,80,0,0.03905855,9.302898,7.4777,8.35584,4866042715739,9.020416,3007,1,3.951361E-20
perf,passes-off,1704,6658.480309,-689.8416,18,-221.4395,4000,-3275.489,80,0,0.03537772,8.102105,6.8012,10.600448,4866042800059,8.35584,3008,1,3.794489E-20
perf,passes-off,1705,6658.489305,-689.8416,18,-221.4395,4000,-3275.489,80,0,0.03146694,9.590901,8.071899,9.781248,4866042900813,10.600448,3009,1,3.61682E-20
perf,passes-off,1706,6658.498763,-689.8416,18,-221.4395,4000,-3275.489,80,0,0.02819331,8.991894,6.5171,0,0,9.781248,3010,1,3.457811E-20
perf,passes-off,1707,6658.508467,-689.8416,18,-221.4395,4000,-3275.489,80,0,0.02510711,9.4919,7.4343,10.2144,4866043074336,0,3011,1,3.297538E-20
perf,passes-off,1708,6658.517134,-689.8416,18,-221.4395,4000,-3275.489,80,0,0.0223114,9.663507,6.5728,0,0,10.2144,3012,1,3.141997E-20
perf,passes-off,1709,6658.527411,-689.8416,18,-221.4395,4000,-3275.489,80,0,0.0198076,9.745896,7.6994,10.561536,4866043251670,0,3013,1,2.99256E-20
perf,passes-off,1710,6658.536117,-689.8416,18,-221.4395,4000,-3275.489,80,0,0.01769904,9.214003,7.4127,8.886272,4866043341621,10.561536,3014,1,2.85782E-20
perf,passes-off,1711,6658.546283,-689.8416,18,-221.4395,4000,-3275.489,80,0,0.01590733,8.736501,7.7613,0,0,8.886272,3015,1,2.735671E-20
perf,passes-off,1712,6658.554256,-689.8416,18,-221.4395,4000,-3275.489,80,0,0.01405818,10.1171,8.0813,8.419328,4866043533187,0,3016,1,2.600728E-20
perf,passes-off,1713,6658.563408,-689.8416,18,-221.4395,4000,-3275.489,80,0,0.01275305,7.976198,6.9438,10.816512,4866043630582,8.419328,3017,1,2.499049E-20
perf,passes-off,1714,6658.572142,-689.8416,18,-221.4395,4000,-3275.489,80,0,0.01139042,9.251297,7.4741,10.563584,4866043722655,10.816512,3018,1,2.386085E-20
perf,passes-off,1715,6658.581711,-689.8416,18,-221.4395,4000,-3275.489,80,0,0.01024307,8.6919,7.0342,0,0,10.563584,3019,1,2.284607E-20
perf,passes-off,1716,6658.590678,-689.8416,18,-221.4395,4000,-3275.489,80,0,0.009119255,9.514406,8.5143,9.582592,4866043911334,0,3020,1,2.178469E-20
perf,passes-off,1717,6658.599412,-689.8416,18,-221.4395,4000,-3275.489,80,0,0.008173403,8.964094,6.3884,0,0,9.582592,3021,1,2.082985E-20
perf,passes-off,1718,6658.609083,-689.8416,18,-221.4395,4000,-3275.489,80,0,0.007346503,8.731399,7.3833,8.213504,4866044083039,0,3022,1,1.994004E-20
perf,passes-off,1719,6658.617356,-689.8416,18,-221.4395,4000,-3275.489,80,0,0.00652466,9.713003,7.0482,9.73824,4866044170083,8.213504,3023,1,1.899479E-20
perf,passes-off,1720,6658.626228,-689.8416,18,-221.4395,4000,-3275.489,80,0,0.005900473,8.231703,7.8519,8.958976,4866044265640,9.73824,3024,1,1.822887E-20
perf,passes-off,1721,6658.634582,-689.8416,18,-221.4395,4000,-3275.489,80,0,0,8.892694,7.3209,8.702976,4866044355291,8.958976,3025,1,1.74361E-20
perf,passes-off,1722,6658.644882,-689.8416,18,-221.4395,4000,-3275.489,80,0,0,8.416901,7.089,9.75872,4866044442632,8.702976,3026,1,1.671754E-20
perf,passes-off,1723,6658.652904,-689.8416,18,-221.4395,4000,-3275.489,80,0,0,10.22351,7.9443,8.747008,4866044539585,9.75872,3027,1,1.588445E-20
perf,passes-off,1724,6658.661669,-689.8416,18,-221.4395,4000,-3275.489,80,0,0,8.014995,6.6047,0,0,8.747008,3028,1,1.526047E-20
perf,passes-off,1725,6658.674988,-689.8416,18,-221.4395,4000,-3275.489,80,0,0,8.853401,7.1933,10.723328,4866044710909,0,3029,1,1.459967E-20
perf,passes-off,1726,6658.686255,-689.8416,18,-221.4395,4000,-3275.489,80,0,0,14.5361,6.7178,7.327744,4866044794364,10.723328,3030,1,1.35762E-20
perf,passes-off,1727,6658.694920,-689.8416,18,-221.4395,4000,-3275.489,80,0,0,9.955995,8.4469,0,0,7.327744,3031,1,1.291692E-20
perf,passes-off,1728,6658.704228,-689.8416,18,-221.4395,4000,-3275.489,80,0,0,8.712202,6.3678,9.680896,4866044977556,0,3032,1,1.236633E-20
perf,passes-off,1729,6658.713570,-689.8416,18,-221.4395,4000,-3275.489,80,0,0,9.273398,6.9954,10.283008,4866045065244,9.680896,3033,1,1.180603E-20
perf,passes-off,1730,6658.722363,-689.8416,18,-221.4395,4000,-3275.489,80,0,0,9.380003,8.9351,13.617152,4866045211089,10.283008,3034,1,1.126511E-20
perf,passes-off,1731,6658.731845,-689.8416,18,-221.4395,4000,-3275.489,80,0,0,8.767198,8.3767,9.061376,4866045311019,13.617152,3035,1,1.078196E-20
perf,passes-off,1732,6658.740978,-689.8416,18,-221.4395,4000,-3275.489,80,0,0,9.605301,6.7473,9.714688,4866045397734,9.061376,3036,1,1.027638E-20
perf,passes-off,1733,6658.750476,-689.8416,18,-221.4395,4000,-3275.489,80,0,0,8.988903,7.6516,8.920064,4866045490841,9.714688,3037,1,9.824737E-21
perf,passes-off,1734,6658.758425,-689.8416,18,-221.4395,4000,-3275.489,80,0,0,9.510699,7.5738,8.107008,4866045584502,8.920064,3038,1,9.368471E-21
perf,passes-off,1735,6658.768000,-689.8416,18,-221.4395,4000,-3275.489,80,0,0,7.937798,7.0946,9.544704,4866045672250,8.107008,3039,1,9.003927E-21
perf,passes-off,1736,6658.777566,-689.8416,18,-221.4395,4000,-3275.489,80,0,0,9.578501,7.7355,8.79104,4866045766997,9.544704,3040,1,8.58287E-21
perf,passes-off,1737,6658.787030,-689.8416,18,-221.4395,4000,-3275.489,80,0,0,9.575603,7.4925,8.05888,4866045858267,8.79104,3041,1,8.181621E-21
perf,passes-off,1738,6658.795495,-689.8416,18,-221.4395,4000,-3275.489,80,0,0,9.453197,7.7891,0,0,8.05888,3042,1,7.803905E-21
perf,passes-off,1739,6658.804301,-689.8416,18,-221.4395,4000,-3275.489,80,0,0,8.466702,6.3094,9.97888,4866046032761,0,3043,1,7.480434E-21
perf,passes-off,1740,6658.813947,-689.8416,18,-221.4395,4000,-3275.489,80,0,0,8.806399,7.9863,8.945664,4866046128522,9.97888,3044,1,7.158202E-21
perf,passes-off,1741,6658.822514,-689.8416,18,-221.4395,4000,-3275.489,80,0,0,9.664803,7.7901,8.909824,4866046224236,8.945664,3045,1,6.820514E-21
perf,passes-off,1742,6658.831752,-689.8416,18,-221.4395,4000,-3275.489,80,0,0,8.551694,7.8383,0,0,8.909824,3046,1,6.535026E-21
perf,passes-off,1743,6658.843308,-689.8416,18,-221.4395,4000,-3275.489,80,0,0,10.41091,6.7328,10.123264,4866046403495,0,3047,1,6.20355E-21
perf,passes-off,1744,6658.851995,-689.8416,18,-221.4395,4000,-3275.489,80,0,0,10.40339,7.1876,0,0,10.123264,3048,1,5.88911E-21
perf,passes-off,1745,6658.860817,-689.8416,18,-221.4395,4000,-3275.489,80,0,0,8.771705,7.668,8.203264,4866046588115,0,3049,1,5.636404E-21
perf,passes-off,1746,6658.869736,-689.8416,18,-221.4395,4000,-3275.489,80,0,0,8.709098,6.948,11.59168,4866046673736,8.203264,3050,1,5.396231E-21
perf,passes-off,1747,6658.879048,-689.8416,18,-221.4395,4000,-3275.489,80,0,0,8.917602,7.5277,0,0,11.59168,3051,1,5.160909E-21
perf,passes-off,1748,6658.888278,-689.8416,18,-221.4395,4000,-3275.489,80,0,0,9.341802,8.4083,9.23136,4866046881736,0,3052,1,4.925392E-21
perf,passes-off,1749,6658.896365,-689.8416,18,-221.4395,4000,-3275.489,80,0,0,9.203096,7.0777,0,0,9.23136,3053,1,4.703883E-21
perf,passes-off,1750,6658.905356,-689.8416,18,-221.4395,4000,-3275.489,80,0,0,8.087202,7.0526,8.331264,4866047056675,0,3054,1,4.517471E-21
perf,passes-off,1751,6658.914644,-689.8416,18,-221.4395,4000,-3275.489,80,0,0,8.988797,7.319,9.952256,4866047145866,8.331263,3055,1,4.318933E-21
perf,passes-off,1752,6658.923318,-689.8416,18,-221.4395,4000,-3275.489,80,0,0,9.310403,7.557,8.36608,4866047238958,9.952256,3056,1,4.122486E-21
perf,passes-off,1753,6658.931794,-689.8416,18,-221.4395,4000,-3275.489,80,0,0,8.651098,7.5852,0,0,8.36608,3057,1,3.947967E-21
perf,passes-off,1754,6658.940888,-689.8416,18,-221.4395,4000,-3275.489,80,0,0,8.482199,6.4799,10.032128,4866047412185,0,3058,1,3.784031E-21
perf,passes-off,1755,6658.951293,-689.8416,18,-221.4395,4000,-3275.489,80,0,0,9.0929,7.2523,9.127936,4866047502070,10.032128,3059,1,3.615844E-21
perf,passes-off,1756,6658.959449,-689.8416,18,-221.4395,4000,-3275.489,80,0,0,10.4026,7.5492,0,0,9.127936,3060,1,3.43258E-21
perf,passes-off,1757,6658.968168,-689.8416,18,-221.4395,4000,-3275.489,80,0,0,8.180301,7.0845,8.015872,4866047681684,0,3061,1,3.295015E-21
perf,passes-off,1758,6658.977707,-689.8416,18,-221.4395,4000,-3275.489,80,0,0,8.696697,6.8092,9.419776,4866047766497,8.015872,3062,1,3.154807E-21
perf,passes-off,1759,6658.986505,-689.8416,18,-221.4395,4000,-3275.489,80,0,0,9.630804,7.4525,8.061952,4866047857421,9.419776,3063,1,3.00649E-21
perf,passes-off,1760,6658.996122,-689.8416,18,-221.4395,4000,-3275.489,80,0,0,9.7644,8.733,8.445952,4866047961453,8.061952,3064,1,2.863232E-21
perf,passes-off,1761,6659.004959,-689.8416,18,-221.4395,4000,-3275.489,80,0,0,8.554797,6.4601,0,0,8.445952,3065,1,2.743343E-21
perf,passes-off,1762,6659.014433,-689.8416,18,-221.4395,4000,-3275.489,80,0,0,8.8339,7.0416,9.829376,4866048130225,0,3066,1,2.624808E-21
perf,passes-off,1763,6659.023150,-689.8416,18,-221.4395,4000,-3275.489,80,0,0,9.505902,7.8158,10.49088,4866048225584,9.829376,3067,1,2.50297E-21
perf,passes-off,1764,6659.031051,-689.8416,18,-221.4395,4000,-3275.489,80,0,0,8.687302,7.194,0,0,10.49088,3068,1,2.396578E-21
perf,passes-off,1765,6659.038975,-689.8416,18,-221.4395,4000,-3275.489,80,0,0,7.905195,6.9245,7.881728,4866048409735,0,3069,1,2.303698E-21
perf,passes-off,1766,6659.049292,-689.8416,18,-221.4395,4000,-3275.489,80,0,0,7.9196,7.1993,9.893888,4866048498085,7.881728,3070,1,2.214259E-21
perf,passes-off,1767,6659.057167,-689.8416,18,-221.4395,4000,-3275.489,80,0,0,10.3205,7.5735,7.9616,4866048592961,9.893888,3071,1,2.102896E-21
perf,passes-off,1768,6659.065870,-689.8416,18,-221.4395,4000,-3275.489,80,0,0,7.870203,7.0745,0,0,7.9616,3072,1,2.021752E-21
perf,passes-off,1769,6659.074949,-689.8416,18,-221.4395,4000,-3275.489,80,0,0,8.705697,6.3217,10.095616,4866048759047,0,3073,1,1.935636E-21
perf,passes-off,1770,6659.083870,-689.8416,18,-221.4395,4000,-3275.489,80,0,0,9.148703,6.2867,7.836672,4866048838254,10.095616,3074,1,1.849087E-21
perf,passes-off,1771,6659.091624,-689.8416,18,-221.4395,4000,-3275.489,80,0,0,8.847696,8.6107,0,0,7.836672,3075,1,1.76907E-21
perf,passes-off,1772,6659.100027,-689.8416,18,-221.4395,4000,-3275.489,80,0,0,7.761905,6.2926,8.701952,4866049020170,0,3076,1,1.701728E-21
perf,passes-off,1773,6659.110269,-689.8416,18,-221.4395,4000,-3275.489,80,0,0,8.403395,7.0606,9.452544,4866049107211,8.701952,3077,1,1.631708E-21
perf,passes-off,1774,6659.118863,-689.8416,18,-221.4395,4000,-3275.489,80,0,0,10.2933,7.3583,7.90528,4866049197997,9.452544,3078,1,1.549854E-21
perf,passes-off,1775,6659.128319,-689.8416,18,-221.4395,4000,-3275.489,80,0,0,8.608397,7.2474,0,0,7.90528,3079,1,1.48456E-21
perf,passes-off,1776,6659.137376,-689.8416,18,-221.4395,4000,-3275.489,80,0,0,9.393204,6.1924,8.211456,4866049364813,0,3080,1,1.416449E-21
perf,passes-off,1777,6659.148619,-689.8416,18,-221.4395,4000,-3275.489,80,0,0,10.1458,6.7244,6.857728,4866049448835,8.211456,3081,1,1.346386E-21
perf,passes-off,1778,6659.156485,-689.8416,18,-221.4395,4000,-3275.489,80,0,0,10.1507,8.4875,9.773056,4866049551315,6.857728,3082,1,1.279757E-21
perf,passes-off,1779,6659.166011,-689.8416,18,-221.4395,4000,-3275.489,80,0,0,7.856002,6.9632,0,0,9.773056,3083,1,1.230463E-21
perf,passes-off,1780,6659.175043,-689.8416,18,-221.4395,4000,-3275.489,80,0,0,9.532993,7.3532,11.198464,4866049731724,0,3084,1,1.173189E-21
perf,passes-off,1781,6659.183963,-689.8416,18,-221.4395,4000,-3275.489,80,0,0,9.030004,7.4351,7.84896,4866049833096,11.198464,3085,1,1.121397E-21
perf,passes-off,1782,6659.191748,-689.8416,18,-221.4395,4000,-3275.489,80,0,0,8.919799,8.4808,0,0,7.84896,3086,1,1.072483E-21
perf,passes-off,1783,6659.199800,-689.8416,18,-221.4395,4000,-3275.489,80,0,0,7.784503,6.3015,9.409536,4866050013325,0,3087,1,1.031541E-21
perf,passes-off,1784,6659.209989,-689.8416,18,-221.4395,4000,-3275.489,80,0,0,8.054896,7.6966,8.612864,4866050108615,9.409536,3088,1,9.908217E-22
perf,passes-off,1785,6659.218156,-689.8416,18,-221.4395,4000,-3275.489,80,0,0,10.2077,7.3523,7.72608,4866050198939,8.612864,3089,1,9.415206E-22
perf,passes-off,1786,6659.227072,-689.8416,18,-221.4395,4000,-3275.489,80,0,0,8.153203,7.2207,0,0,7.72608,3090,1,9.039103E-22
perf,passes-off,1787,6659.235075,-689.8416,18,-221.4395,4000,-3275.489,80,0,0,8.908496,6.2033,8.235008,4866050365972,0,3091,1,8.645314E-22
perf,passes-off,1788,6659.245714,-689.8416,18,-221.4395,4000,-3275.489,80,0,0,8.007802,6.3961,10.075136,4866050446541,8.235008,3092,1,8.306002E-22
perf,passes-off,1789,6659.253915,-689.8416,18,-221.4395,4000,-3275.489,80,0,0,10.6335,8.386699,9.1136,4866050548459,10.075136,3093,1,7.875927E-22
perf,passes-off,1790,6659.262921,-689.8416,18,-221.4395,4000,-3275.489,80,0,0,8.214902,6.5624,0,0,9.1136,3094,1,7.558981E-22
perf,passes-off,1791,6659.271321,-689.8416,18,-221.4395,4000,-3275.489,80,0,0,8.994699,7.2974,7.409664,4866050719214,0,3095,1,7.226559E-22
perf,passes-off,1792,6659.280700,-689.8416,18,-221.4395,4000,-3275.489,80,0,0,8.469204,6.329,11.460608,4866050799273,7.409664,3096,1,6.926931E-22
perf,passes-off,1793,6659.289486,-689.8416,18,-221.4395,4000,-3275.489,80,0,0,9.3322,8.9108,7.31648,4866050905630,11.460608,3097,1,6.611139E-22
perf,passes-off,1794,6659.299133,-689.8416,18,-221.4395,4000,-3275.489,80,0,0,9.829598,6.5453,8.051712,4866050987765,7.31648,3098,1,6.29407E-22
perf,passes-off,1795,6659.308670,-689.8416,18,-221.4395,4000,-3275.489,80,0,0,8.581101,7.3259,0,0,8.051712,3099,1,6.029731E-22
perf,passes-off,1796,6659.317764,-689.8416,18,-221.4395,4000,-3275.489,80,0,0,9.616199,6.7922,9.89696,4866051161746,0,3100,1,5.746675E-22
perf,passes-off,1797,6659.326814,-689.8416,18,-221.4395,4000,-3275.489,80,0,0,9.173002,7.696,8.146944,4866051255647,9.89696,3101,1,5.489056E-22
perf,passes-off,1798,6659.335259,-689.8416,18,-221.4395,4000,-3275.489,80,0,0,8.894097,7.1788,9.719808,4866051353993,8.146943,3102,1,5.250303E-22
perf,passes-off,1799,6659.345427,-689.8416,18,-221.4395,4000,-3275.489,80,0,0,8.437897,6.8406,9.79968,4866051439850,9.719808,3103,1,5.033403E-22
perf,passes-off,1800,6659.353782,-689.8416,18,-221.4395,4000,-3275.489,80,0,0,10.1736,7.922,8.288256,4866051535831,9.79968,3104,1,4.783767E-22
perf,passes-off,1801,6659.362593,-689.8416,18,-221.4395,4000,-3275.489,80,0,0,8.349999,7.3024,0,0,8.288256,3105,1,4.588157E-22
perf,passes-off,1802,6659.371117,-689.8416,18,-221.4395,4000,-3275.489,80,0,0,8.818296,7.4544,8.351744,4866051716666,0,3106,1,4.390254E-22
perf,passes-off,1803,6659.380813,-689.8416,18,-221.4395,4000,-3275.489,80,0,0,8.515299,6.8005,10.519552,4866051801074,8.351744,3107,1,4.207255E-22
perf,passes-off,1804,6659.389478,-689.8416,18,-221.4395,4000,-3275.489,80,0,0,9.740604,8.0683,9.061376,4866051902792,10.519552,3108,1,4.007259E-22
perf,passes-off,1805,6659.397506,-689.8416,18,-221.4395,4000,-3275.489,80,0,0,8.624603,6.7865,0,0,9.061376,3109,1,3.838127E-22
perf,passes-off,1806,6659.405998,-689.8416,18,-221.4395,4000,-3275.489,80,0,0,8.039895,7.1088,7.973888,4866052074457,0,3110,1,3.686896E-22
perf,passes-off,1807,6659.415748,-689.8416,18,-221.4395,4000,-3275.489,80,0,0,8.479401,6.9333,10.097664,4866052159648,7.973888,3111,1,3.53385E-22
perf,passes-off,1808,6659.424644,-689.8416,18,-221.4395,4000,-3275.489,80,0,0,9.755102,7.9717,8.070144,4866052256888,10.097664,3112,1,3.365621E-22
perf,passes-off,1809,6659.433233,-689.8416,18,-221.4395,4000,-3275.489,80,0,0,8.913796,7.0791,0,0,8.070144,3113,1,3.218912E-22
perf,passes-off,1810,6659.443571,-689.8416,18,-221.4395,4000,-3275.489,80,0,0,8.564605,6.3799,8.640512,4866052423630,0,3114,1,3.083978E-22
perf,passes-off,1811,6659.453263,-689.8416,18,-221.4395,4000,-3275.489,80,0,0,11.47569,6.8993,8.568832,4866052508489,8.640512,3115,1,2.912005E-22
perf,passes-off,1812,6659.462216,-689.8416,18,-221.4395,4000,-3275.489,80,0,0,8.641603,8.083,0,0,8.568832,3116,1,2.788863E-22
perf,passes-off,1813,6659.470099,-689.8416,18,-221.4395,4000,-3275.489,80,0,0,8.865803,7.2595,8.856576,4866052695104,0,3117,1,2.667935E-22
perf,passes-off,1814,6659.479539,-689.8416,18,-221.4395,4000,-3275.489,80,0,0,7.8839,6.8987,10.156032,4866052780815,8.856576,3118,1,2.564813E-22
perf,passes-off,1815,6659.488247,-689.8416,18,-221.4395,4000,-3275.489,80,0,0,9.445096,8.398,9.4208,4866052894846,10.156032,3119,1,2.446504E-22
perf,passes-off,1816,6659.496668,-689.8416,18,-221.4395,4000,-3275.489,80,0,0,8.735402,7.0063,0,0,9.4208,3120,1,2.341948E-22
perf,passes-off,1817,6659.505394,-689.8416,18,-221.4395,4000,-3275.489,80,0,0,8.394501,7.3484,7.479296,4866053070645,0,3121,1,2.245685E-22
perf,passes-off,1818,6659.514749,-689.8416,18,-221.4395,4000,-3275.489,80,0,0,8.798597,6.3152,10.029056,4866053149496,7.479296,3122,1,2.149032E-22
perf,passes-off,1819,6659.523603,-689.8416,18,-221.4395,4000,-3275.489,80,0,0,9.290604,7.8102,8.549376,4866053243924,10.029056,3123,1,2.051486E-22
perf,passes-off,1820,6659.531539,-689.8416,18,-221.4395,4000,-3275.489,80,0,0,8.841397,7.1136,0,0,8.549376,3124,1,1.962772E-22
perf,passes-off,1821,6659.540558,-689.8416,18,-221.4395,4000,-3275.489,80,0,0,7.934,6.7767,8.30976,4866053415188,0,3125,1,1.886432E-22
perf,passes-off,1822,6659.549816,-689.8416,18,-221.4395,4000,-3275.489,80,0,0,9.025999,7.0813,9.355264,4866053502439,8.30976,3126,1,1.80319E-22
perf,passes-off,1823,6659.557740,-689.8416,18,-221.4395,4000,-3275.489,80,0,0,9.251899,7.6698,9.894912,4866053596084,9.355264,3127,1,1.721676E-22
perf,passes-off,1824,6659.566669,-689.8416,18,-221.4395,4000,-3275.489,80,0,0,7.922102,7.2353,7.185408,4866053684534,9.894912,3128,1,1.654812E-22
perf,passes-off,1825,6659.575734,-689.8416,18,-221.4395,4000,-3275.489,80,0,0,8.942801,6.2813,8.950784,4866053763894,7.185408,3129,1,1.582449E-22
perf,passes-off,1826,6659.584718,-689.8416,18,-221.4395,4000,-3275.489,80,0,0,9.122399,7.3941,9.049088,4866053854108,8.950784,3130,1,1.511891E-22
perf,passes-off,1827,6659.593126,-689.8416,18,-221.4395,4000,-3275.489,80,0,0,8.913598,7.5603,7.627776,4866053946661,9.049088,3131,1,1.445989E-22
perf,passes-off,1828,6659.603535,-689.8416,18,-221.4395,4000,-3275.489,80,0,0,8.432703,6.3297,9.148416,4866054025897,7.627776,3132,1,1.386288E-22
perf,passes-off,1829,6659.613900,-689.8416,18,-221.4395,4000,-3275.489,80,0,0,11.4505,7.2055,8.615936,4866054115256,9.148416,3133,1,1.309149E-22
perf,passes-off,1830,6659.622526,-689.8416,18,-221.4395,4000,-3275.489,80,0,0,9.320104,7.3739,8.278016,4866054206350,8.615936,3134,1,1.249542E-22
perf,passes-off,1831,6659.630461,-689.8416,18,-221.4395,4000,-3275.489,80,0,0,8.605301,7.2921,0,0,8.278015,3135,1,1.196919E-22
perf,passes-off,1832,6659.638326,-689.8416,18,-221.4395,4000,-3275.489,80,0,0,7.950099,6.655,10.871808,4866054379913,0,3136,1,1.150274E-22
perf,passes-off,1833,6659.648532,-689.8416,18,-221.4395,4000,-3275.489,80,0,0,7.898201,8.7726,10.657792,4866054494462,10.871808,3137,1,1.105733E-22
perf,passes-off,1834,6659.656539,-689.8416,18,-221.4395,4000,-3275.489,80,0,0,10.1653,7.5419,8.055808,4866054587609,10.657792,3138,1,1.050937E-22
perf,passes-off,1835,6659.665836,-689.8416,18,-221.4395,4000,-3275.489,80,0,0,8.000403,7.0197,0,0,8.055808,3139,1,1.009727E-22
perf,passes-off,1836,6659.674938,-689.8416,18,-221.4395,4000,-3275.489,80,0,0,9.296797,6.2817,10.146816,4866054753181,0,3140,1,9.638653E-23
perf,passes-off,1837,6659.684172,-689.8416,18,-221.4395,4000,-3275.489,80,0,0,9.113797,6.284,0,0,10.146816,3141,1,9.209287E-23
perf,passes-off,1838,6659.692263,-689.8416,18,-221.4395,4000,-3275.489,80,0,0,9.224603,8.537,7.947264,4866054933875,0,3142,1,8.794173E-23
perf,passes-off,1839,6659.700416,-689.8416,18,-221.4395,4000,-3275.489,80,0,0,8.154102,6.4362,9.058304,4866055013913,7.947264,3143,1,8.442841E-23
perf,passes-off,1840,6659.710341,-689.8416,18,-221.4395,4000,-3275.489,80,0,0,8.085395,7.4542,9.465856,4866055106835,9.058304,3144,1,8.10833E-23
perf,passes-off,1841,6659.718463,-689.8416,18,-221.4395,4000,-3275.489,80,0,0,9.931803,7.4668,9.023488,4866055197951,9.465856,3145,1,7.715513E-23
perf,passes-off,1842,6659.727627,-689.8416,18,-221.4395,4000,-3275.489,80,0,0,8.120599,7.6038,7.779328,4866055290212,9.023488,3146,1,7.408515E-23
perf,passes-off,1843,6659.735709,-689.8416,18,-221.4395,4000,-3275.489,80,0,0,9.164498,6.2144,8.169472,4866055371506,7.779328,3147,1,7.076698E-23
perf,passes-off,1844,6659.745664,-689.8416,18,-221.4395,4000,-3275.489,80,0,0,8.078699,6.4698,7.612416,4866055452646,8.169472,3148,1,6.796542E-23
perf,passes-off,1845,6659.754979,-689.8416,18,-221.4395,4000,-3275.489,80,0,0,9.956604,8.2172,10.544128,4866055551960,7.612416,3149,1,6.466474E-23
perf,passes-off,1846,6659.765264,-689.8416,18,-221.4395,4000,-3275.489,80,0,0,10.3838,6.4634,6.370304,4866055633157,10.544128,3150,1,6.139308E-23
perf,passes-off,1847,6659.774308,-689.8416,18,-221.4395,4000,-3275.489,80,0,0,9.214697,7.3823,11.072512,4866055724811,6.370304,3151,1,5.862866E-23
perf,passes-off,1848,6659.783541,-689.8416,18,-221.4395,4000,-3275.489,80,0.8,0,9.043197,6.3195,0,0,11.072512,3152,1,5.603675E-23
perf,passes-off,1849,6659.791756,-689.8416,18,-221.4395,4000,-3275.489,80,0.7388343,0,9.234503,8.2878,8.13056,4866055905161,0,3153,1,5.350821E-23
perf,passes-off,1850,6659.801221,-689.8416,18,-221.4395,4000,-3275.489,80,0.6865057,0,8.527998,7.6486,10.533888,4866056008934,8.130559,3154,1,5.127458E-23
perf,passes-off,1851,6659.811169,-689.8416,18,-221.4395,4000,-3275.489,80,0.6339758,0,9.240504,7.5512,9.428992,4866056101149,10.533888,3155,1,4.895946E-23
perf,passes-off,1852,6659.819464,-689.8416,18,-221.4395,4000,-3275.489,80,0.5823187,0,9.867,7.4137,8.820736,4866056191584,9.428992,3156,1,4.660266E-23
perf,passes-off,1853,6659.828235,-689.8416,18,-221.4395,4000,-3275.489,80,0.542179,0,8.291595,7.5499,8.093696,4866056283923,8.820736,3157,1,4.471011E-23
perf,passes-off,1854,6659.836220,-689.8416,18,-221.4395,4000,-3275.489,80,0.5027205,0,8.770905,6.6134,9.254912,4866056366054,8.093696,3158,1,4.279174E-23
perf,passes-off,1855,6659.845960,-689.8416,18,-221.4395,4000,-3275.489,80,0.4693463,0,7.9751,7.7612,10.584064,4866056460712,9.254912,3159,1,4.111897E-23
perf,passes-off,1856,6659.855189,-689.8416,18,-221.4395,4000,-3275.489,80,0.4315556,0,9.748597,8.1488,7.472128,4866056560269,10.584064,3160,1,3.916277E-23
perf,passes-off,1857,6659.864456,-689.8416,18,-221.4395,4000,-3275.489,80,0.3986697,0,9.256001,6.6455,9.10848,4866056643111,7.472128,3161,1,3.739162E-23
perf,passes-off,1858,6659.872649,-689.8416,18,-221.4395,4000,-3275.489,80,0.3699994,0,9.243304,7.0581,7.79264,4866056730867,9.10848,3162,1,3.570283E-23
perf,passes-off,1859,6659.882767,-689.8416,18,-221.4395,4000,-3275.489,80,0.354187,0,8.196896,6.3734,8.610816,4866056810682,7.79264,3163,1,3.426915E-23
perf,passes-off,1860,6659.890919,-689.8416,18,-221.4395,4000,-3275.489,80,0.3754799,0,10.1096,8.0868,9.376768,4866056908142,8.610816,3164,1,3.257996E-23
perf,passes-off,1861,6659.902918,-689.8416,18,-221.4395,4000,-3275.489,80,0.4631265,0,8.230499,7.5614,0,0,9.376768,3165,1,3.126643E-23
perf,passes-off,1862,6659.913302,-689.8416,18,-221.4395,4000,-3275.489,80,0.6939454,0,11.9516,7.4731,7.945216,4866057093105,0,3166,1,2.945274E-23
perf,passes-off,1863,6659.923248,-689.8416,18,-221.4395,4000,-3275.489,80,0.7984995,0,11.4557,6.4993,8.066048,4866057175051,7.945216,3167,1,2.781314E-23
perf,passes-off,1864,6659.932287,-689.8416,18,-221.4395,4000,-3275.489,80,0.6709415,0,8.933199,8.3705,0,0,8.066048,3168,1,2.659817E-23
perf,passes-off,1865,6659.941559,-689.8416,18,-221.4395,4000,-3275.489,80,0.453427,0,8.967899,6.5081,11.517952,4866057357686,0,3169,1,2.543187E-23
perf,passes-off,1866,6659.950795,-689.8416,18,-221.4395,4000,-3275.489,80,0.280314,0,9.256307,9.9499,0,0,11.517952,3170,1,2.428166E-23
perf,passes-off,1867,6659.959059,-689.8416,18,-221.4395,4000,-3275.489,80,0.1969775,0,9.302997,8.6899,10.682368,4866057592411,0,3171,1,2.317807E-23
perf,passes-off,1868,6659.967869,-689.8416,18,-221.4395,4000,-3275.489,80,0.1673563,0,8.245699,7.2577,7.795712,4866057681056,10.682368,3172,1,2.22419E-23
perf,passes-off,1869,6659.977994,-689.8416,18,-221.4395,4000,-3275.489,80,0.1515726,0,8.766901,7.2224,8.50944,4866057771502,7.795712,3173,1,2.1288E-23
perf,passes-off,1870,6659.987369,-689.8416,18,-221.4395,4000,-3275.489,80,0.1384147,0,10.1199,7.6246,8.204288,4866057864120,8.50944,3174,1,2.023764E-23
perf,passes-off,1871,6659.995832,-689.8416,18,-221.4395,4000,-3275.489,80,0.127654,0,9.368502,7.4891,0,0,8.204288,3175,1,1.931152E-23
perf,passes-off,1872,6660.004939,-689.8416,18,-221.4395,4000,-3275.489,80,0.1187251,0,8.4588,6.5578,8.820736,4866058039220,0,3176,1,1.851178E-23
perf,passes-off,1873,6660.014633,-689.8416,18,-221.4395,4000,-3275.489,80,0.110313,0,9.116397,7.1642,10.635264,4866058127256,8.820736,3177,1,1.768692E-23
perf,passes-off,1874,6660.023597,-689.8416,18,-221.4395,4000,-3275.489,80,0.1065126,0,9.706498,8.3031,8.748032,4866058228503,10.635264,3178,1,1.684903E-23
perf,passes-off,1875,6660.031880,-689.8416,18,-221.4395,4000,-3275.489,80,0.1215916,0,8.947506,7.8031,0,0,8.748032,3179,1,1.611186E-23
perf,passes-off,1876,6660.041242,-689.8416,18,-221.4395,4000,-3275.489,80,0.1737295,0,8.384899,6.8194,8.764416,4866058406800,0,3180,1,1.545034E-23
perf,passes-off,1877,6660.050844,-689.8416,18,-221.4395,4000,-3275.489,80,0.2755139,0,9.325199,7.329,9.647104,4866058497905,8.764416,3181,1,1.474649E-23
perf,passes-off,1878,6660.059251,-689.8416,18,-221.4395,4000,-3275.489,80,0.350825,0,9.598902,7.6967,8.940544,4866058594916,9.647104,3182,1,1.405545E-23
perf,passes-off,1879,6660.068377,-689.8416,18,-221.4395,4000,-3275.489,80,0.3196228,0,8.418601,7.3829,8.078336,4866058684488,8.940544,3183,1,1.34761E-23
perf,passes-off,1880,6660.079783,-689.8416,18,-221.4395,4000,-3275.489,80,0.1975286,0,10.1536,6.6434,9.193472,4866058767308,8.078336,3184,1,1.280902E-23
perf,passes-off,1881,6660.089200,-689.8416,18,-221.4395,4000,-3275.489,80,0.09834627,0,10.30069,7.7197,0,0,9.193472,3185,1,1.216601E-23
perf,passes-off,1882,6660.097667,-689.8416,18,-221.4395,4000,-3275.489,80,0.06139829,0,9.429706,7.9134,8.530944,4866058956949,0,3186,1,1.160571E-23
perf,passes-off,1883,6660.106422,-689.8416,18,-221.4395,4000,-3275.489,80,0.0506759,0,8.479797,6.6575,12.020736,4866059041050,8.530944,3187,1,1.112393E-23
perf,passes-off,1884,6660.116035,-689.8416,18,-221.4395,4000,-3275.489,80,0.04591033,0,8.731102,7.3708,0,0,12.020736,3188,1,1.064875E-23
perf,passes-off,1885,6660.124931,-689.8416,18,-221.4395,4000,-3275.489,80,0.04213197,0,9.647902,8.6687,8.607744,4866059246310,0,3189,1,1.014726E-23
perf,passes-off,1886,6660.133892,-689.8416,18,-221.4395,4000,-3275.489,80,0.0390271,0,8.869799,7.7791,0,0,8.607744,3190,1,9.707069E-24
perf,passes-off,1887,6660.144917,-689.8416,18,-221.4395,4000,-3275.489,80,0.03612894,0,8.956697,6.7422,8.536064,4866059425251,0,3191,1,9.281943E-24
perf,passes-off,1888,6660.154144,-689.8416,18,-221.4395,4000,-3275.489,80,0.03282071,0,11.1484,7.1526,8.890368,4866059512719,8.536064,3192,1,8.778705E-24
perf,passes-off,1889,6660.163973,-689.8416,18,-221.4395,4000,-3275.489,80,0.03030885,0,9.243701,7.9155,0,0,8.890368,3193,1,8.3822E-24
perf,passes-off,1890,6660.172947,-689.8416,18,-221.4395,4000,-3275.489,80,0.02787037,0,9.736805,7.224,10.77248,4866059697885,0,3194,1,7.983895E-24
perf,passes-off,1891,6660.184300,-689.8416,18,-221.4395,4000,-3275.489,80,0.02579154,0,8.998597,7.3017,0,0,10.77248,3195,1,7.632637E-24
perf,passes-off,1892,6660.193678,-689.8416,18,-221.4395,4000,-3275.489,80,0.02338221,0,11.3844,9.1112,10.41408,4866059898895,0,3196,1,7.210306E-24
perf,passes-off,1893,6660.202967,-689.8416,18,-221.4395,4000,-3275.489,80,0.02158738,0,9.271599,7.3584,0,0,10.41408,3197,1,6.88368E-24
perf,passes-off,1894,6660.213549,-689.8416,18,-221.4395,4000,-3275.489,80,0.01992802,0,9.285701,7.6744,8.859648,4866060088395,0,3198,1,6.571387E-24
perf,passes-off,1895,6660.223251,-689.8416,18,-221.4395,4000,-3275.489,80,0.01818885,0,10.6005,7.1164,11.149312,4866060178682,8.859648,3199,1,6.232157E-24
perf,passes-off,1896,6660.233344,-689.8416,18,-221.4395,4000,-3275.489,80,0.01656957,0,10.8253,9.2069,8.962048,4866060291546,11.149312,3200,1,5.903798E-24
perf,passes-off,1897,6660.244005,-689.8416,18,-221.4395,4000,-3275.489,80,0.01532711,0,9.048094,7.6458,11.181056,4866060385286,8.962048,3201,1,5.642659E-24
perf,passes-off,1898,6660.252672,-689.8416,18,-221.4395,4000,-3275.489,80,0.01399222,0,10.57701,7.5757,8.861696,4866060478152,11.181056,3202,1,5.352001E-24
perf,passes-off,1899,6660.263712,-689.8416,18,-221.4395,4000,-3275.489,80,0.01298009,0,8.717099,8.6634,0,0,8.861696,3203,1,5.123742E-24
perf,passes-off,1900,6660.280513,-689.8416,18,-221.4395,4000,-3275.489,80,0.01179619,0,11.1022,7.8383,11.297792,4866060691704,0,3204,1,4.847068E-24
perf,passes-off,1901,6660.290799,-689.8416,18,-221.4395,4000,-3275.489,80,0.01021508,0,16.7071,7.1358,0,0,11.297792,3205,1,4.458617E-24
perf,passes-off,1902,6660.298942,-689.8416,18,-221.4395,4000,-3275.489,80,0.00935135,0,10.2552,8.8952,7.890944,4866060888652,0,3206,1,4.235759E-24
perf,passes-off,1903,6660.309127,-689.8416,18,-221.4395,4000,-3275.489,80,0.008717489,0,8.149604,6.9297,11.37152,4866060975705,7.890944,3207,1,4.06663E-24
perf,passes-off,1904,6660.317750,-689.8416,18,-221.4395,4000,-3275.489,80,0.007982875,0,10.2193,9.1205,16.994304,4866061086736,11.37152,3208,1,3.864058E-24
perf,passes-off,1905,6660.326695,-689.8416,18,-221.4395,4000,-3275.489,80,0.00740847,0,8.669303,14.9707,8.201216,4866061253777,16.994304,3209,1,3.700143E-24
perf,passes-off,1906,6660.335194,-689.8416,18,-221.4395,4000,-3275.489,80,0.006863546,0,8.868402,8.6377,0,0,8.201216,3210,1,3.539656E-24
perf,passes-off,1907,6660.345240,-689.8416,18,-221.4395,4000,-3275.489,80,0.006379315,0,8.494295,6.552,10.198016,4866061437961,0,3211,1,3.392469E-24
perf,passes-off,1908,6660.353662,-689.8416,18,-221.4395,4000,-3275.489,80,0.005850478,0,10.0452,8.4308,8.766464,4866061540018,10.198016,3212,1,3.226287E-24
perf,passes-off,1909,6660.362375,-689.8416,18,-221.4395,4000,-3275.489,80,0.005441029,0,8.423498,6.9682,0,0,8.766464,3213,1,3.093226E-24
perf,passes-off,1910,6660.370584,-689.8416,18,-221.4395,4000,-3275.489,80,0,0,8.720302,7.305,9.417728,4866061715521,0,3214,1,2.961254E-24
perf,passes-off,1911,6660.379905,-689.8416,18,-221.4395,4000,-3275.489,80,0,0,8.205499,6.819,9.56928,4866061800475,9.417728,3215,1,2.84222E-24
perf,passes-off,1912,6660.389935,-689.8416,18,-221.4395,4000,-3275.489,80,0,0,10.5843,8.1244,8.910848,4866061900890,9.56928,3216,1,2.695716E-24
perf,passes-off,1913,6660.397984,-689.8416,18,-221.4395,4000,-3275.489,80,0,0,8.756803,6.8348,0,0,8.910848,3217,1,2.580233E-24
perf,passes-off,1914,6660.407765,-689.8416,18,-221.4395,4000,-3275.489,80,0,0,8.057299,7.0661,7.923712,4866062072332,0,3218,1,2.478351E-24
perf,passes-off,1915,6660.416195,-689.8416,18,-221.4395,4000,-3275.489,80,0,0,9.777898,6.6067,9.783296,4866062154383,7.923712,3219,1,2.3601E-24
perf,passes-off,1916,6660.425326,-689.8416,18,-221.4395,4000,-3275.489,80,0,0,8.506102,7.6666,9.442304,4866062258510,9.783296,3220,1,2.261828E-24
perf,passes-off,1917,6660.433667,-689.8416,18,-221.4395,4000,-3275.489,80,0,0,9.173399,7.3171,8.050688,4866062347846,9.442304,3221,1,2.160428E-24
perf,passes-off,1918,6660.444282,-689.8416,18,-221.4395,4000,-3275.489,80,0,0,8.222803,6.4639,9.91232,4866062428395,8.050687,3222,1,2.073406E-24
perf,passes-off,1919,6660.452679,-689.8416,18,-221.4395,4000,-3275.489,80,0,0,10.6191,8.1212,8.923136,4866062526155,9.91232,3223,1,1.966189E-24
perf,passes-off,1920,6660.461935,-689.8416,18,-221.4395,4000,-3275.489,80,0,0,8.394402,6.7987,8.446976,4866062610472,8.923136,3224,1,1.885372E-24
perf,passes-off,1921,6660.470194,-689.8416,18,-221.4395,4000,-3275.489,80,0,0,9.262104,7.4659,0,0,8.446976,3225,1,1.80005E-24
perf,passes-off,1922,6660.480023,-689.8416,18,-221.4395,4000,-3275.489,80,0,0,8.245798,6.6361,10.973184,4866062785211,0,3226,1,1.727345E-24
perf,passes-off,1923,6660.488799,-689.8416,18,-221.4395,4000,-3275.489,80,0,0,9.847499,8.8803,7.919616,4866062891372,10.973184,3227,1,1.644355E-24
perf,passes-off,1924,6660.497199,-689.8416,18,-221.4395,4000,-3275.489,80,0,0,8.762401,6.7456,9.55904,4866062975350,7.919616,3228,1,1.573868E-24
perf,passes-off,1925,6660.505995,-689.8416,18,-221.4395,4000,-3275.489,80,0,0,8.418403,7.5793,7.652352,4866063067912,9.55904,3229,1,1.508995E-24
perf,passes-off,1926,6660.515942,-689.8416,18,-221.4395,4000,-3275.489,80,0,0,8.788599,6.6745,10.553344,4866063150443,7.652352,3230,1,1.444121E-24
perf,passes-off,1927,6660.524775,-689.8416,18,-221.4395,4000,-3275.489,80,0,0,9.970203,8.065799,8.823808,4866063248816,10.553344,3231,1,1.373895E-24
perf,passes-off,1928,6660.532769,-689.8416,18,-221.4395,4000,-3275.489,80,0,0,8.792397,7.1921,0,0,8.823808,3232,1,1.314805E-24
perf,passes-off,1929,6660.544418,-689.8416,18,-221.4395,4000,-3275.489,80,0,0,9.060502,6.6736,10.182656,4866063420581,0,3233,1,1.25657E-24
perf,passes-off,1930,6660.552916,-689.8416,18,-221.4395,4000,-3275.489,80,0,0,10.5919,7.1981,8.759296,4866063508548,10.182656,3234,1,1.191754E-24
perf,passes-off,1931,6660.562170,-689.8416,18,-221.4395,4000,-3275.489,80,0,0,8.5134,8.2158,0,0,8.759296,3235,1,1.142089E-24
perf,passes-off,1932,6660.570273,-689.8416,18,-221.4395,4000,-3275.489,80,0,0,9.259198,7.21,7.766016,4866063696237,0,3236,1,1.09042E-24
perf,passes-off,1933,6660.579606,-689.8416,18,-221.4395,4000,-3275.489,80,0,0,8.0777,6.3429,13.065216,4866063786793,7.766016,3237,1,1.047257E-24
perf,passes-off,1934,6660.588695,-689.8416,18,-221.4395,4000,-3275.489,80,0,0,9.367503,8.8781,9.880576,4866063892733,13.065216,3238,1,9.993372E-25
perf,passes-off,1935,6660.596741,-689.8416,18,-221.4395,4000,-3275.489,80,0,0,9.053097,6.6858,7.537664,4866063977778,9.880576,3239,1,9.551103E-25
perf,passes-off,1936,6660.605963,-689.8416,18,-221.4395,4000,-3275.489,80,0,0,8.057001,7.4622,0,0,7.537664,3240,1,9.173984E-25
perf,passes-off,1937,6660.615998,-689.8416,18,-221.4395,4000,-3275.489,80,0,0,9.208701,6.4592,9.94816,4866064151254,0,3241,1,8.761158E-25
perf,passes-off,1938,6660.624605,-689.8416,18,-221.4395,4000,-3275.489,80,0,0,10.0404,7.6367,8.2944,4866064244550,9.94816,3242,1,8.332188E-25
perf,passes-off,1939,6660.632764,-689.8416,18,-221.4395,4000,-3275.489,80,0,0,8.606002,7.5123,0,0,8.2944,3243,1,7.981259E-25
perf,passes-off,1940,6660.642398,-689.8416,18,-221.4395,4000,-3275.489,80,0,0,8.1634,6.4234,8.834048,4866064415969,0,3244,1,7.662047E-25
perf,passes-off,1941,6660.650893,-689.8416,18,-221.4395,4000,-3275.489,80,0,0,9.760098,7.5783,9.947136,4866064508121,8.834048,3245,1,7.297112E-25
perf,passes-off,1942,6660.659469,-689.8416,18,-221.4395,4000,-3275.489,80,0,0,8.413102,8.3096,8.633344,4866064608493,9.947136,3246,1,6.996522E-25
perf,passes-off,1943,6660.668547,-689.8416,18,-221.4395,4000,-3275.489,80,0,0,8.5732,7.0201,8.158208,4866064694587,8.633344,3247,1,6.702946E-25
perf,passes-off,1944,6660.677678,-689.8416,18,-221.4395,4000,-3275.489,80,0,0,9.026495,6.4742,9.728,4866064776194,8.158208,3248,1,6.407151E-25
perf,passes-off,1945,6660.686653,-689.8416,18,-221.4395,4000,-3275.489,80,0,0,9.145103,7.8675,8.262656,4866064873323,9.728,3249,1,6.120778E-25
perf,passes-off,1946,6660.695673,-689.8416,18,-221.4395,4000,-3275.489,80,0,0,10.0228,6.7655,9.176064,4866064957434,8.262656,3250,1,5.8216E-25
perf,passes-off,1947,6660.704341,-689.8416,18,-221.4395,4000,-3275.489,80,0,0,7.959,6.8793,0,0,9.176064,3251,1,5.594479E-25
perf,passes-off,1948,6660.714008,-689.8416,18,-221.4395,4000,-3275.489,80,0,0,8.673002,7.4477,9.726976,4866065133939,0,3252,1,5.357059E-25
perf,passes-off,1949,6660.722750,-689.8416,18,-221.4395,4000,-3275.489,80,0,0,9.683602,7.5067,9.332736,4866065225372,9.726976,3253,1,5.10386E-25
perf,passes-off,1950,6660.730725,-689.8416,18,-221.4395,4000,-3275.489,80,0,0,8.724596,7.36,8.203264,4866065325583,9.332736,3254,1,4.886001E-25
perf,passes-off,1951,6660.738576,-689.8416,18,-221.4395,4000,-3275.489,80,0,0,7.985601,6.3536,0,0,8.203264,3255,1,4.694756E-25
perf,passes-off,1952,6660.748981,-689.8416,18,-221.4395,4000,-3275.489,80,0,0,7.838598,7.0311,10.249216,4866065491942,0,3256,1,4.514314E-25
perf,passes-off,1953,6660.757421,-689.8416,18,-221.4395,4000,-3275.489,80,0,0,10.41711,7.8857,8.192,4866065588691,10.249216,3257,1,4.285202E-25
perf,passes-off,1954,6660.767405,-689.8416,18,-221.4395,4000,-3275.489,80,0,0,8.433794,7.0968,0,0,8.192,3258,1,4.108257E-25
perf,passes-off,1955,6660.776792,-689.8416,18,-221.4395,4000,-3275.489,80,0,0,9.981101,6.3718,7.678976,4866065755819,0,3259,1,3.908264E-25
perf,passes-off,1956,6660.785610,-689.8416,18,-221.4395,4000,-3275.489,80,0,0,9.4089,6.2535,7.539712,4866065834259,7.678976,3260,1,3.72866E-25
perf,passes-off,1957,6660.793906,-689.8416,18,-221.4395,4000,-3275.489,80,0,0,8.792999,8.6818,0,0,7.539712,3261,1,3.56828E-25
perf,passes-off,1958,6660.802692,-689.8416,18,-221.4395,4000,-3275.489,80,0,0,8.313804,6.7892,9.925632,4866066022760,0,3262,1,3.422991E-25
perf,passes-off,1959,6660.812111,-689.8416,18,-221.4395,4000,-3275.489,80,0,0,8.769197,8.3313,9.352192,4866066122560,9.925632,3263,1,3.276149E-25
perf,passes-off,1960,6660.820962,-689.8416,18,-221.4395,4000,-3275.489,80,0,0,9.439605,7.6813,8.776704,4866066216579,9.352192,3264,1,3.125114E-25
perf,passes-off,1961,6660.829738,-689.8416,18,-221.4395,4000,-3275.489,80,0,0,8.8589,7.1647,8.838144,4866066304598,8.776704,3265,1,2.98971E-25
perf,inwall-all-on,2019,6662.341302,-3746.487,8.771418,-1401.373,4000,0.001708984,80,0,0,26.5786,11.6559,26.758144,4866080502475,27.426816,3323,1,0.9994027
perf,inwall-all-on,2020,6662.368669,-3746.487,8.771418,-1401.373,4000,0.001708984,80,0,0,26.9708,11.5095,27.342848,4866080777787,26.758144,3324,1,0.999478
perf,inwall-all-on,2021,6662.395760,-3746.487,8.771418,-1401.373,4000,0.001708984,80,0,0,27.37341,12.0805,27.104256,4866081051131,27.342848,3325,1,0.9995448
perf,inwall-all-on,2022,6662.423415,-3746.487,8.771418,-1401.373,4000,0.001708984,80,0,0,27.086,10.3928,26.71104,4866081326313,27.104256,3326,1,0.9996024
perf,inwall-all-on,2023,6662.450531,-3746.487,8.771418,-1401.373,4000,0.001708984,80,0,0,27.6258,11.8515,27.500544,4866081591946,26.71104,3327,1,0.9996538
perf,inwall-all-on,2024,6662.477179,-3746.487,8.771418,-1401.373,4000,0.001708984,80,0,0,28.2168,11.4596,27.819008,4866081861800,27.500544,3328,1,0.9996993
perf,inwall-all-on,2025,6662.503787,-3746.487,8.771418,-1401.373,4000,0.001708984,80,0,0,25.6001,11.1941,26.703872,4866082135488,27.819008,3329,1,0.9997354
perf,inwall-all-on,2026,6662.532034,-3746.487,8.771418,-1401.373,4000,0.001708984,80,0,0,26.5847,11.6023,26.602496,4866082406389,26.703872,3330,1,0.9997684
perf,inwall-all-on,2027,6662.558145,-3746.487,8.771418,-1401.373,4000,0.001708984,80,0,0,28.25869,10.9655,26.783744,4866082682638,26.602496,3331,1,0.9997989
perf,inwall-all-on,2028,6662.585565,-3746.487,8.771418,-1401.373,4000,0.001708984,80,0,0,26.1016,11.2952,27.388928,4866082964747,26.783744,3332,1,0.9998235
perf,inwall-all-on,2029,6662.613722,-3746.487,8.771418,-1401.373,4000,0.001708984,80,0,0,27.3835,11.8201,26.841088,4866083220688,27.388928,3333,1,0.9998461
perf,inwall-all-on,2030,6662.642762,-3746.487,8.771418,-1401.373,4000,0.001708984,80,0,0,29.3539,11.4853,26.860544,4866083486648,26.841088,3334,1,0.9998671
perf,inwall-all-on,2031,6662.668965,-3746.487,8.771418,-1401.373,4000,0.001708984,80,0,0,28.0902,11.7181,27.546624,4866083769185,26.860544,3335,1,0.9998845
perf,inwall-all-on,2032,6662.721655,-3746.487,8.771418,-1401.373,4000,0.001708984,80,0,0,26.0191,11.102,27.435008,4866084030248,27.546624,3336,1,0.9998986
perf,inwall-all-on,2033,6662.736254,-3746.487,8.771418,-1401.373,4000,0.001708984,80,0,0,52.7071,11.1732,27.751424,4866084304114,27.435008,3337,1,0.999922
perf,inwall-all-on,2034,6662.752932,-3746.487,8.771418,-1401.373,4000,0.001708984,80,0,0,14.60911,12.4972,0,0,27.751424,3338,1,0.9999275
perf,inwall-all-on,2035,6662.780986,-3746.487,8.771418,-1401.373,4000,0.001708984,80,0,0,16.6545,13.1681,27.041792,4866084877905,0,3339,1,0.9999333
perf,inwall-all-on,2036,6662.807126,-3746.487,8.771418,-1401.373,4000,0.001708984,80,0,0,29.4797,13.1786,27.19744,4866085138650,27.041792,3340,1,0.9999424
perf,inwall-all-on,2037,6662.834469,-3746.487,8.771418,-1401.373,4000,0.001708984,80,0.8,0,24.6908,11.0856,29.94176,4866085665679,27.19744,3341,1,0.9999491
perf,inwall-all-on,2038,6662.862669,-3746.487,8.771418,-1401.373,4000,0.001708984,80,0.657205,0,27.3458,12.3784,26.810368,4866085811412,29.94176,3342,1,0.9999556
perf,inwall-all-on,2039,6662.889354,-3746.487,8.771418,-1401.373,4000,0.001708984,80,0.5365545,0,28.2085,11.8609,26.829824,4866085978250,26.810368,3343,1,0.9999614
perf,inwall-all-on,2040,6662.917151,-3746.487,8.771418,-1401.373,4000,0.001708984,80,0.4429755,0,26.6577,11.4465,28.62592,4866086272666,26.829824,3344,1,0.9999663
perf,inwall-all-on,2041,6662.944100,-3746.487,8.771418,-1401.373,4000,0.001708984,80,0.3653885,0,27.9341,11.2955,26.768384,4866086520096,28.62592,3345,1,0.9999707
perf,inwall-all-on,2042,6662.971018,-3746.487,8.771418,-1401.373,4000,0.001708984,80,0.4420075,0,27.92171,11.5241,27.206656,4866086793554,26.768384,3346,1,0.9999745
perf,inwall-all-on,2043,6662.998440,-3746.487,8.771418,-1401.373,4000,0.001708984,80,0.7980506,0,25.8164,11.6315,27.313152,4866087075565,27.206656,3347,1,0.9999776
perf,inwall-all-on,2044,6663.025781,-3746.487,8.771418,-1401.373,4000,0.001708984,80,0.4151194,0,27.4341,10.819,27.067392,4866087342244,27.313152,3348,1,0.9999804
perf,inwall-all-on,2045,6663.052462,-3746.487,8.771418,-1401.373,4000,0.001708984,80,0.1733164,0,27.3541,12.1617,27.133952,4866087620449,27.067392,3349,1,0.999983
perf,inwall-all-on,2046,6663.080993,-3746.487,8.771418,-1401.373,4000,0.001708984,80,0.1371448,0,26.6348,12.7561,27.380736,4866087900621,27.133952,3350,1,0.9999851
perf,inwall-all-on,2047,6663.107290,-3746.487,8.771418,-1401.373,4000,0.001708984,80,0.1119852,0,28.6003,11.1575,26.4448,4866088158982,27.380736,3351,1,0.9999871
perf,inwall-all-on,2048,6663.134635,-3746.487,8.771418,-1401.373,4000,0.001708984,80,0.1306902,0,27.3382,12.5451,28.264448,4866088433263,26.4448,3352,1,0.9999887
perf,inwall-all-on,2049,6663.161745,-3746.487,8.771418,-1401.373,4000,0.001708984,80,0.3365951,0,26.3582,12.0367,26.770432,4866088706753,28.264448,3353,1,0.9999901
perf,inwall-all-on,2050,6663.188179,-3746.487,8.771418,-1401.373,4000,0.001708984,80,0.1875323,0,27.0042,10.8175,27.10016,4866088973173,26.770432,3354,1,0.9999914
perf,inwall-all-on,2051,6663.216232,-3746.487,8.771418,-1401.373,4000,0.001708984,80,0.05609977,0,26.40419,11.1443,27.267072,4866089258992,27.10016,3355,1,0.9999924
perf,inwall-all-on,2052,6663.242773,-3746.487,8.771418,-1401.373,4000,0.001708984,80,0.04223939,0,28.0857,12.3107,27.045888,4866089532402,27.267072,3356,1,0.9999934
perf,inwall-all-on,2053,6663.269995,-3746.487,8.771418,-1401.373,4000,0.001708984,80,0.03485273,0,26.7108,11.3211,26.984448,4866089795363,27.045888,3357,1,0.9999943
perf,inwall-all-on,2054,6663.298879,-3746.487,8.771418,-1401.373,4000,0.001708984,80,0.0284755,0,28.10551,11.1384,26.78272,4866090066212,26.984448,3358,1,0.9999951
perf,inwall-all-on,2055,6663.326107,-3746.487,8.771418,-1401.373,4000,0.001708984,80,0.02329133,0,27.952,10.5286,27.328512,4866090330285,26.78272,3359,1,0.9999957
perf,inwall-all-on,2056,6663.352518,-3746.487,8.771418,-1401.373,4000,0.001708984,80,0.01915997,0,27.1564,12.0964,28.563456,4866090611112,27.328512,3360,1,0.9999962
perf,inwall-all-on,2057,6663.381360,-3746.487,8.771418,-1401.373,4000,0.001708984,80,0.01585159,0,26.3639,11.217,27.285504,4866090877065,28.563456,3361,1,0.9999967
perf,inwall-all-on,2058,6663.407255,-3746.487,8.771418,-1401.373,4000,0.001708984,80,0.01287922,0,28.88009,11.2637,26.717184,4866091159266,27.285504,3362,1,0.9999971
perf,inwall-all-on,2059,6663.434191,-3746.487,8.771418,-1401.373,4000,0.001708984,80,0.01069399,0,25.8589,11.4446,27.07968,4866091437828,26.717184,3363,1,0.9999975
perf,inwall-all-on,2060,6663.461204,-3746.487,8.771418,-1401.373,4000,0.001708984,80,0.008739877,0,28.065,11.5768,26.88,4866091710138,27.07968,3364,1,0.9999978
perf,inwall-all-on,2061,6663.487338,-3746.487,8.771418,-1401.373,4000,0.001708984,80,0.007255986,0,25.8796,10.4992,27.039744,4866091973984,26.88,3365,1,0.999998
perf,inwall-all-on,2062,6663.516316,-3746.487,8.771418,-1401.373,4000,0.001708984,80,0.006014457,0,26.1028,12.2164,27.175936,4866092262631,27.039744,3366,1,0.9999983
perf,inwall-all-on,2063,6663.542868,-3746.487,8.771418,-1401.373,4000,0.001708984,80,0,0,29.0131,11.6056,26.640384,4866092521351,27.175936,3367,1,0.9999985
perf,inwall-all-on,2064,6663.569950,-3746.487,8.771418,-1401.373,4000,0.001708984,80,0,0,26.664,11.3531,27.810816,4866092801853,26.640384,3368,1,0.9999987
perf,inwall-all-on,2065,6663.597598,-3746.487,8.771418,-1401.373,4000,0.001708984,80,0,0,27.0416,11.6732,26.957824,4866093060844,27.810816,3369,1,0.9999989
perf,inwall-all-on,2066,6663.623939,-3746.487,8.771418,-1401.373,4000,0.001708984,80,0,0,28.7669,11.3654,27.003904,4866093321879,26.957824,3370,1,0.999999
perf,inwall-all-on,2067,6663.649874,-3746.487,8.771418,-1401.373,4000,0.001708984,80,0,0,25.1547,11.3111,27.016192,4866093611973,27.003904,3371,1,0.9999992
perf,inwall-all-on,2068,6663.677031,-3746.487,8.771418,-1401.373,4000,0.001708984,80,0,0,25.89211,11.8598,26.513408,4866093878178,27.016192,3372,1,0.9999993
perf,inwall-all-on,2069,6663.704003,-3746.487,8.771418,-1401.373,4000,0.001708984,80,0,0,27.2172,11.7908,26.515456,4866094148402,26.513408,3373,1,0.9999994
perf,inwall-all-on,2070,6663.731873,-3746.487,8.771418,-1401.373,4000,0.001708984,80,0,0,26.9492,11.7793,26.715136,4866094436499,26.515456,3374,1,0.9999995
perf,inwall-all-on,2071,6663.759065,-3746.487,8.771418,-1401.373,4000,0.001708984,80,0,0,27.9106,11.5154,26.701824,4866094688209,26.715136,3375,1,0.9999995
perf,inwall-all-on,2072,6663.785177,-3746.487,8.771418,-1401.373,4000,0.001708984,80,0,0,28.3343,10.8271,28.355584,4866094947213,26.701824,3376,1,0.9999996
perf,inwall-all-on,2073,6663.812021,-3746.487,8.771418,-1401.373,4000,0.001708984,80,0,0,24.8957,11.5406,26.773504,4866095219231,28.355584,3377,1,0.9999996
perf,inwall-all-on,2074,6663.838586,-3746.487,8.771418,-1401.373,4000,0.001708984,80,0,0,26.9257,11.8282,26.382336,4866095488844,26.773504,3378,1,0.9999997
perf,inwall-all-on,2075,6663.865966,-3746.487,8.771418,-1401.373,4000,0.001708984,80,0,0.8,26.5221,11.4974,26.871808,4866095767876,26.382336,3379,1,0.9999998
perf,inwall-all-on,2076,6663.892847,-3746.487,8.771418,-1401.373,4000,0.001708984,80,0,0.630783,27.3751,12.1793,26.63936,4866096050925,26.871808,3380,1,0.9999998
perf,inwall-all-on,2077,6663.918946,-3746.487,8.771418,-1401.373,4000,0.001708984,80,0,0.4993061,26.9299,11.4371,26.94656,4866096300265,26.63936,3381,1,0.9999998
perf,inwall-all-on,2078,6663.948394,-3746.487,8.771418,-1401.373,4000,0.001708984,80,0,0.3949671,27.0853,11.5074,26.771456,4866096569248,26.94656,3382,1,0.9999998
perf,inwall-all-on,2079,6663.974871,-3746.487,8.771418,-1401.373,4000,0.001708984,80,0,0.3922761,28.5333,11.3199,26.425344,4866096834703,26.771456,3383,1,0.9999998
perf,inwall-all-on,2080,6664.000869,-3746.487,8.771418,-1401.373,4000,0.001708984,80,0,0.8,26.3955,11.985,27.963392,4866097108482,26.425344,3384,1,0.9999998
perf,inwall-all-on,2081,6664.027675,-3746.487,8.771418,-1401.373,4000,0.001708984,80,0,0.3367863,26.0588,10.9816,26.737664,4866097377558,27.963392,3385,1,0.9999998
perf,inwall-all-on,2082,6664.053057,-3746.487,8.771418,-1401.373,4000,0.001708984,80,0,0.1562172,26.7101,11.0839,26.743808,4866097648596,26.737664,3386,1,0.9999998
perf,inwall-all-on,2083,6664.080279,-3746.487,8.771418,-1401.373,4000,0.001708984,80,0,0.1243811,25.3439,11.8801,26.569728,4866097932949,26.743808,3387,1,0.9999998
perf,inwall-all-on,2084,6664.106690,-3746.487,8.771418,-1401.373,4000,0.001708984,80,0,0.1102868,28.47919,12.1754,26.30144,4866098197762,26.569728,3388,1,0.9999998
perf,inwall-all-on,2085,6664.134245,-3746.487,8.771418,-1401.373,4000,0.001708984,80,0,0.3093759,25.1842,12.346,26.472448,4866098458359,26.30144,3389,1,0.9999998
perf,inwall-all-on,2086,6664.162222,-3746.487,8.771418,-1401.373,4000,0.001708984,80,0,0.1647413,27.5654,11.7979,26.594304,4866098725601,26.472448,3390,1,0.9999998
perf,inwall-all-on,2087,6664.187817,-3746.487,8.771418,-1401.373,4000,0.001708984,80,0,0.04886054,27.9965,11.4901,26.838016,4866098979050,26.594304,3391,1,0.9999998
perf,inwall-all-on,2088,6664.215169,-3746.487,8.771418,-1401.373,4000,0.001708984,80,0,0.038587,25.6034,12.0918,28.043264,4866099263577,26.838016,3392,1,0.9999998
perf,inwall-all-on,2089,6664.241338,-3746.487,8.771418,-1401.373,4000,0.001708984,80,0,0.03044101,27.3195,11.1364,26.278912,4866099515699,28.043264,3393,1,0.9999998
perf,inwall-all-on,2090,6664.267774,-3746.487,8.771418,-1401.373,4000,0.001708984,80,0,0.02397588,27.502,11.5758,26.441728,4866099791284,26.278912,3394,1,0.9999998
perf,inwall-all-on,2091,6664.295472,-3746.487,8.771418,-1401.373,4000,0.001708984,80,0,0.01927615,25.1356,11.5812,26.713088,4866100071201,26.441728,3395,1,0.9999998
perf,inwall-all-on,2092,6664.321135,-3746.487,8.771418,-1401.373,4000,0.001708984,80,0,0.01516063,27.6683,10.5654,26.656768,4866100326847,26.713088,3396,1,0.9999998
perf,inwall-all-on,2093,6664.348442,-3746.487,8.771418,-1401.373,4000,0.001708984,80,0,0.01212767,25.7156,11.7503,26.717184,4866100600503,26.656768,3397,1,0.9999998
perf,inwall-all-on,2094,6664.375472,-3746.487,8.771418,-1401.373,4000,0.001708984,80,0,0.009570962,27.2723,11.3351,26.278912,4866100875225,26.717184,3398,1,0.9999998
perf,inwall-all-on,2095,6664.402296,-3746.487,8.771418,-1401.373,4000,0.001708984,80,0,0.007563507,27.1212,12.4648,26.29632,4866101126826,26.278912,3399,1,0.9999998
perf,inwall-all-on,2096,6664.429592,-3746.487,8.771418,-1401.373,4000,0.001708984,80,0,0.005941589,27.8028,12.2652,27.810816,4866101403554,26.29632,3400,1,0.9999998
perf,inwall-all-on,2097,6664.454809,-3746.487,8.771418,-1401.373,4000,0.001708984,80,0,0,26.214,11.3749,26.63424,4866101659880,27.810816,3401,1,0.9999998
perf,inwall-all-on,2098,6664.482493,-3746.487,8.771418,-1401.373,4000,0.001708984,80,0,0,25.1732,11.9209,27.082752,4866101933360,26.63424,3402,1,0.9999998
perf,inwall-all-on,2099,6664.508845,-3746.487,8.771418,-1401.373,4000,0.001708984,80,0,0,27.73071,11.3167,26.441728,4866102204421,27.082752,3403,1,0.9999998
perf,inwall-all-on,2100,6664.536605,-3746.487,8.771418,-1401.373,4000,0.001708984,80,0,0,26.3835,12.3206,26.390528,4866102482604,26.441728,3404,1,0.9999998
perf,inwall-all-on,2101,6664.563728,-3746.487,8.771418,-1401.373,4000,0.001708984,80,0,0,27.7178,11.8673,26.878976,4866102744821,26.390528,3405,1,0.9999998
perf,inwall-all-on,2102,6664.590390,-3746.487,8.771418,-1401.373,4000,0.001708984,80,0,0,28.3004,10.6126,26.805248,4866102996589,26.878976,3406,1,0.9999998
perf,inwall-all-on,2103,6664.616502,-3746.487,8.771418,-1401.373,4000,0.001708984,80,0,0,25.4783,11.9503,26.84416,4866103273830,26.805248,3407,1,0.9999998
perf,inwall-all-on,2104,6664.643721,-3746.487,8.771418,-1401.373,4000,0.001708984,80,0,0,26.0835,10.9556,27.662336,4866103537531,26.84416,3408,1,0.9999998
perf,inwall-all-on,2105,6664.670449,-3746.487,8.771418,-1401.373,4000,0.001708984,80,0,0,27.2832,11.642,26.267648,4866103814886,27.662336,3409,1,0.9999998
perf,inwall-all-on,2106,6664.698244,-3746.487,8.771418,-1401.373,4000,0.001708984,80,0,0,26.6996,13.1082,26.56768,4866104097670,26.267648,3410,1,0.9999998
perf,inwall-all-on,2107,6664.723183,-3746.487,8.771418,-1401.373,4000,0.001708984,80,0,0,27.8765,11.6445,26.815488,4866104352698,26.56768,3411,1,0.9999998
perf,inwall-all-on,2108,6664.750137,-3746.487,8.771418,-1401.373,4000,0.001708984,80,0,0,25.9421,10.5689,26.756096,4866104613542,26.815488,3412,1,0.9999998
perf,inwall-all-on,2109,6664.776631,-3746.487,8.771418,-1401.373,4000,0.001708984,80,0,0,25.8275,11.6692,26.458112,4866104886192,26.756096,3413,1,0.9999998
perf,inwall-all-on,2110,6664.804965,-3746.487,8.771418,-1401.373,4000,0.001708984,80,0,0,26.5569,11.5271,26.5216,4866105153337,26.458112,3414,1,0.9999998
perf,inwall-all-on,2111,6664.831314,-3746.487,8.771418,-1401.373,4000,0.001708984,80,0,0,28.3165,12.3969,26.549248,4866105431330,26.5216,3415,1,0.9999998
perf,inwall-all-on,2112,6664.858199,-3746.487,8.771418,-1401.373,4000,0.001708984,80,0,0,26.4429,11.4445,27.8272,4866105691467,26.549248,3416,1,0.9999998
perf,inwall-all-on,2113,6664.884397,-3746.487,8.771418,-1401.373,4000,0.001708984,80,0,0,26.7803,10.9435,26.998784,4866105949840,27.8272,3417,1,0.9999998
perf,inwall-all-on,2114,6664.911779,-3746.487,8.771418,-1401.373,4000,0.001708984,80,0,0,27.22091,10.7607,26.865664,4866106215248,26.998784,3418,1,0.9999998
perf,inwall-all-on,2115,6664.937762,-3746.487,8.771418,-1401.373,4000,0.001708984,80,0,0,26.3761,12.0831,26.27072,4866106498534,26.865664,3419,1,0.9999998
perf,inwall-all-on,2116,6664.964825,-3746.487,8.771418,-1401.373,4000,0.001708984,80,0,0,25.966,11.8973,26.482688,4866106762138,26.27072,3420,1,0.9999998
perf,inwall-all-on,2117,6664.991085,-3746.487,8.771418,-1401.373,4000,0.001708984,80,0,0,27.1643,10.9969,26.831872,4866107030762,26.482688,3421,1,0.9999998
perf,inwall-all-on,2118,6665.019168,-3746.487,8.771418,-1401.373,4000,0.001708984,80,0,0,26.159,10.7035,26.727424,4866107303000,26.831872,3422,1,0.9999998
perf,inwall-all-on,2119,6665.045488,-3746.487,8.771418,-1401.373,4000,0.001708984,80,0,0,28.0542,10.7512,26.326016,4866107566648,26.727424,3423,1,0.9999998
perf,inwall-all-on,2120,6665.071913,-3746.487,8.771418,-1401.373,4000,0.001708984,80,0.8,0,27.4172,11.2134,27.43296,4866107826425,26.326016,3424,1,0.9999998
perf,inwall-all-on,2121,6665.099587,-3746.487,8.771418,-1401.373,4000,0.001708984,80,0.6725107,0,25.3862,12.0035,26.747904,4866108097071,27.43296,3425,1,0.9999998
perf,inwall-all-on,2122,6665.125839,-3746.487,8.771418,-1401.373,4000,0.001708984,80,0.5565883,0,27.66679,10.7261,26.729472,4866108359646,26.747904,3426,1,0.9999998
perf,inwall-all-on,2123,6665.152684,-3746.487,8.771418,-1401.373,4000,0.001708984,80,0.4651036,0,26.2601,12.2474,26.903552,4866108640188,26.729472,3427,1,0.9999998
perf,inwall-all-on,2124,6665.179260,-3746.487,8.771418,-1401.373,4000,0.001708984,80,0.3877003,0,26.8027,11.5527,26.63424,4866108914307,26.903552,3428,1,0.9999998
perf,inwall-all-on,2125,6665.205260,-3746.487,8.771418,-1401.373,4000,0.001708984,80,0.3610892,0,26.5912,11.7253,26.249216,4866109168209,26.63424,3429,1,0.9999998
perf,inwall-all-on,2126,6665.233559,-3746.487,8.771418,-1401.373,4000,0.001708984,80,0.6579519,0,27.0554,12.2431,26.838016,4866109444774,26.249216,3430,1,0.9999998
perf,inwall-all-on,2127,6665.260169,-3746.487,8.771418,-1401.373,4000,0.001708984,80,0.6837994,0,27.2408,11.1723,26.704896,4866109707332,26.838016,3431,1,0.9999998
perf,inwall-all-on,2128,6665.286074,-3746.487,8.771418,-1401.373,4000,0.001708984,80,0.2520622,0,26.617,10.705,27.911168,4866109975368,26.704896,3432,1,0.9999998
perf,inwall-all-on,2129,6665.313859,-3746.487,8.771418,-1401.373,4000,0.001708984,80,0.1568425,0,25.9362,11.6913,26.766336,4866110241430,27.911168,3433,1,0.9999998
perf,inwall-all-on,2130,6665.339922,-3746.487,8.771418,-1401.373,4000,0.001708984,80,0.1285433,0,27.8298,10.8236,26.23488,4866110511964,26.766336,3434,1,0.9999998
perf,inwall-all-on,2131,6665.367221,-3746.487,8.771418,-1401.373,4000,0.001708984,80,0.1086645,0,25.98019,11.0235,26.652672,4866110784385,26.23488,3435,1,0.9999998
perf,inwall-all-on,2132,6665.394715,-3746.487,8.771418,-1401.373,4000,0.001708984,80,0.1552849,0,28.4175,11.1784,26.845184,4866111050546,26.652672,3436,1,0.9999998
perf,inwall-all-on,2133,6665.420397,-3746.487,8.771418,-1401.373,4000,0.001708984,80,0.3502585,0,26.3726,10.172,26.788864,4866111309219,26.845184,3437,1,0.9999998
perf,inwall-all-on,2134,6665.448657,-3746.487,8.771418,-1401.373,4000,0.001708984,80,0.1785596,0,25.6533,11.3744,26.940416,4866111587673,26.788864,3438,1,0.9999998
perf,inwall-all-on,2135,6665.475213,-3746.487,8.771418,-1401.373,4000,0.001708984,80,0.05458437,0,28.316,11.76,26.607616,4866111848022,26.940416,3439,1,0.9999998
perf,inwall-all-on,2136,6665.502546,-3746.487,8.771418,-1401.373,4000,0.001708984,80,0.04267658,0,26.5412,13.0594,27.611136,4866112131629,26.607616,3440,1,0.9999998
perf,inwall-all-on,2137,6665.529122,-3746.487,8.771418,-1401.373,4000,0.001708984,80,0.03539247,0,27.3316,11.6268,26.730496,4866112395912,27.611136,3441,1,0.9999998
perf,inwall-all-on,2138,6665.555618,-3746.487,8.771418,-1401.373,4000,0.001708984,80,0.0292979,0,27.6403,10.5276,26.749952,4866112652473,26.730496,3442,1,0.9999998
perf,inwall-all-on,2139,6665.583852,-3746.487,8.771418,-1401.373,4000,0.001708984,80,0.02462829,0,25.3872,11.0302,27.232256,4866112935472,26.749952,3443,1,0.9999998
perf,inwall-all-on,2140,6665.610288,-3746.487,8.771418,-1401.373,4000,0.001708984,80,0.02029815,0,28.2784,10.9186,26.771456,4866113200979,27.232256,3444,1,0.9999998
perf,inwall-all-on,2141,6665.637234,-3746.487,8.771418,-1401.373,4000,0.001708984,80,0.01694056,0,26.4453,11.9616,26.73152,4866113474309,26.771456,3445,1,0.9999998
perf,inwall-all-on,2142,6665.665352,-3746.487,8.771418,-1401.373,4000,0.001708984,80,0.01408535,0,26.9936,10.8047,26.861568,4866113750642,26.73152,3446,1,0.9999998
perf,inwall-all-on,2143,6665.692976,-3746.487,8.771418,-1401.373,4000,0.001708984,80,0.01162645,0,28.0557,10.0521,26.986496,4866114004648,26.861568,3447,1,0.9999998
perf,inwall-all-on,2144,6665.719358,-3746.487,8.771418,-1401.373,4000,0.001708984,80,0.00955384,0,28.7146,12.0165,28.611584,4866114287396,26.986496,3448,1,0.9999998
perf,inwall-all-on,2145,6665.747643,-3746.487,8.771418,-1401.373,4000,0.001708984,80,0.00803866,0,25.2527,11.7761,27.177984,4866114551744,28.611584,3449,1,0.9999998
perf,inwall-all-on,2146,6665.773634,-3746.487,8.771418,-1401.373,4000,0.001708984,80,0.00662237,0,28.3413,11.8036,26.745856,4866114821144,27.177984,3450,1,0.9999998
perf,inwall-all-on,2147,6665.801561,-3746.487,8.771418,-1401.373,4000,0.001708984,80,0.005541662,0,26.0556,11.9747,27.43808,4866115102340,26.745856,3451,1,0.9999998
perf,inwall-all-on,2148,6665.828210,-3746.487,8.771418,-1401.373,4000,0.001708984,80,0,0,27.8457,11.0586,26.764288,4866115389295,27.43808,3452,1,0.9999998
perf,inwall-all-on,2149,6665.854877,-3746.487,8.771418,-1401.373,4000,0.001708984,80,0,0,26.6463,10.9406,27.200512,4866115642039,26.764288,3453,1,0.9999998
perf,inwall-all-on,2150,6665.884197,-3746.487,8.771418,-1401.373,4000,0.001708984,80,0,0,27.6986,11.0463,27.236352,4866115925327,27.200512,3454,1,0.9999998
perf,inwall-all-on,2151,6665.910692,-3746.487,8.771418,-1401.373,4000,0.001708984,80,0,0,28.2847,10.7047,27.07968,4866116185145,27.236352,3455,1,0.9999998
perf,inwall-all-on,2152,6665.938006,-3746.487,8.771418,-1401.373,4000,0.001708984,80,0,0,26.514,11.7625,28.204032,4866116464431,27.07968,3456,1,0.9999998
perf,inwall-all-on,2153,6665.965580,-3746.487,8.771418,-1401.373,4000,0.001708984,80,0,0,27.2969,10.9513,26.686464,4866116730901,28.204032,3457,1,0.9999998
perf,inwall-all-on,2154,6665.992853,-3746.487,8.771418,-1401.373,4000,0.001708984,80,0,0,27.57431,9.9818,27.336704,4866117007897,26.686464,3458,1,0.9999998
perf,inwall-all-on,2155,6666.019613,-3746.487,8.771418,-1401.373,4000,0.001708984,80,0,0,27.3035,11.2941,27.56096,4866117290754,27.336704,3459,1,0.9999998
perf,inwall-all-on,2156,6666.047297,-3746.487,8.771418,-1401.373,4000,0.001708984,80,0,0,27.7556,11.8291,27.276288,4866117555836,27.56096,3460,1,0.9999998
perf,inwall-all-on,2157,6666.073412,-3746.487,8.771418,-1401.373,4000,0.001708984,80,0,0,26.6961,11.3868,26.888192,4866117828852,27.276288,3461,1,0.9999998
perf,inwall-all-on,2158,6666.102626,-3746.487,8.771418,-1401.373,4000,0.001708984,80,0,0,26.0762,11.7716,27.175936,4866118104605,26.888192,3462,1,0.9999998
perf,inwall-all-on,2159,6666.130663,-3746.487,8.771418,-1401.373,4000,0.001708984,80,0,0,29.2167,10.8249,26.691584,4866118377457,27.175936,3463,1,0.9999998
perf,inwall-all-on,2160,6666.156873,-3746.487,8.771418,-1401.373,4000,0.001708984,80,0,0,28.1484,10.9099,28.423168,4866118655179,26.691584,3464,1,0.9999998
perf,inwall-all-on,2161,6666.185820,-3746.487,8.771418,-1401.373,4000,0.001708984,80,0,0,26.0622,11.5776,27.774976,4866118921968,28.423168,3465,1,0.9999998
perf,inwall-all-on,2162,6666.212124,-3746.487,8.771418,-1401.373,4000,0.001708984,80,0,0,30.0299,10.9281,27.4688,4866119182918,27.774976,3466,1,0.9999998
perf,inwall-all-on,2163,6666.239301,-3746.487,8.771418,-1401.373,4000,0.001708984,80,0,0,25.2768,11.6158,27.20256,4866119475071,27.4688,3467,1,0.9999998
perf,inwall-all-on,2164,6666.267345,-3746.487,8.771418,-1401.373,4000,0.001708984,80,0,0,27.1619,11.3897,27.498496,4866119756280,27.20256,3468,1,0.9999998
perf,inwall-all-on,2165,6666.295183,-3746.487,8.771418,-1401.373,4000,0.001708984,80,0,0,28.037,10.9037,27.006976,4866120017219,27.498496,3469,1,0.9999998
perf,inwall-all-on,2166,6666.322585,-3746.487,8.771418,-1401.373,4000,0.001708984,80,0,0,27.8409,13.1987,27.640832,4866120317451,27.006976,3470,1,0.9999998
perf,inwall-passes-off,2288,6667.862631,-3746.487,8.771418,-1401.373,4000,0.001708984,80,0,0,13.55429,9.5126,12.621824,4866136457475,0,3592,1,0.9999998
perf,inwall-passes-off,2289,6667.882275,-3746.487,8.771418,-1401.373,4000,0.001708984,80,0,0,11.3959,11.5916,11.107328,4866136599435,12.621824,3593,1,0.9999998
perf,inwall-passes-off,2290,6667.895198,-3746.487,8.771418,-1401.373,4000,0.001708984,80,0,0,19.6384,10.1412,13.238272,4866136718701,11.107328,3594,1,0.9999998
perf,inwall-passes-off,2291,6667.906874,-3746.487,8.771418,-1401.373,4000,0.001708984,80,0,0,12.9258,8.9377,11.53536,4866136825753,13.238272,3595,1,0.9999998
perf,inwall-passes-off,2292,6667.919184,-3746.487,8.771418,-1401.373,4000,0.001708984,80,0,0,11.6483,11.1238,16.166912,4866136961227,11.53536,3596,1,0.9999998
perf,inwall-passes-off,2293,6667.932023,-3746.487,8.771418,-1401.373,4000,0.001708984,80,0,0,13.4076,9.3482,15.946752,4866137075254,16.166912,3597,1,0.9999998
perf,inwall-passes-off,2294,6667.944442,-3746.487,8.771418,-1401.373,4000,0.001708984,80,0,0,11.7988,9.4979,13.326336,4866137271506,15.946752,3598,1,0.9999998
perf,inwall-passes-off,2295,6667.957269,-3746.487,8.771418,-1401.373,4000,0.001708984,80,0,0,12.4477,10.4545,10.857472,4866137400817,13.326336,3599,1,0.9999998
perf,inwall-passes-off,2296,6667.968806,-3746.487,8.771418,-1401.373,4000,0.001708984,80,0,0,12.7362,9.8724,0,0,10.857472,3600,1,0.9999998
perf,inwall-passes-off,2297,6667.980986,-3746.487,8.771418,-1401.373,4000,0.001708984,80,0,0,11.5421,10.161,11.348992,4866137651364,0,3601,1,0.9999998
perf,inwall-passes-off,2298,6667.992698,-3746.487,8.771418,-1401.373,4000,0.001708984,80,0,0,12.2344,9.8887,13.263872,4866137768908,11.348992,3602,1,0.9999998
perf,inwall-passes-off,2299,6668.003835,-3746.487,8.771418,-1401.373,4000,0.001708984,80,0,0,11.68909,10.0627,11.541504,4866137893398,13.263872,3603,1,0.9999998
perf,inwall-passes-off,2300,6668.015978,-3746.487,8.771418,-1401.373,4000,0.001708984,80,0,0,11.1049,11.0472,12.251136,4866138021225,11.541504,3604,1,0.9999998
perf,inwall-passes-off,2301,6668.027468,-3746.487,8.771418,-1401.373,4000,0.001708984,80,0,0,12.1942,9.7855,11.24864,4866138136649,12.251136,3605,1,0.9999998
perf,inwall-passes-off,2302,6668.037674,-3746.487,8.771418,-1401.373,4000,0.001708984,80,0,0,11.4347,9.9995,11.406336,4866138258868,11.24864,3606,1,0.9999998
perf,inwall-passes-off,2303,6668.050555,-3746.487,8.771418,-1401.373,4000,0.001708984,80,0,0,10.2553,9.6637,12.038144,4866138375752,11.406336,3607,1,0.9999998
perf,inwall-passes-off,2304,6668.061631,-3746.487,8.771418,-1401.373,4000,0.001708984,80,0,0,12.8606,9.3918,11.631616,4866138486989,12.038144,3608,1,0.9999998
perf,inwall-passes-off,2305,6668.073049,-3746.487,8.771418,-1401.373,4000,0.001708984,80,0,0,11.05,9.879,10.00448,4866138608657,11.631616,3609,1,0.9999998
perf,inwall-passes-off,2306,6668.087271,-3746.487,8.771418,-1401.373,4000,0.001708984,80,0,0,12.6435,9.6785,12.859392,4866138723251,10.00448,3610,1,0.9999998
perf,inwall-passes-off,2307,6668.098021,-3746.487,8.771418,-1401.373,4000,0.001708984,80,0,0,13.0239,8.4814,11.108352,4866138825335,12.859392,3611,1,0.9999998
perf,inwall-passes-off,2308,6668.111135,-3746.487,8.771418,-1401.373,4000,0.001708984,80,0,0,10.7143,10.7303,11.382784,4866138954378,11.108352,3612,1,0.9999998
perf,inwall-passes-off,2309,6668.122211,-3746.487,8.771418,-1401.373,4000,0.001708984,80,0,0,13.17399,9.1596,13.755392,4866139064907,11.382784,3613,1,0.9999998
perf,inwall-passes-off,2310,6668.133357,-3746.487,8.771418,-1401.373,4000,0.001708984,80,0,0,11.0552,9.6571,11.28448,4866139190196,13.755392,3614,1,0.9999998
perf,inwall-passes-off,2311,6668.146073,-3746.487,8.771418,-1401.373,4000,0.001708984,80,0,0,11.10651,11.0178,13.391872,4866139321550,11.28448,3615,1,0.9999998
perf,inwall-passes-off,2312,6668.157094,-3746.487,8.771418,-1401.373,4000,0.001708984,80,0,0,12.7515,8.9528,10.264576,4866139428738,13.391872,3616,1,0.9999998
perf,inwall-passes-off,2313,6668.168157,-3746.487,8.771418,-1401.373,4000,0.001708984,80,0,0,10.9982,10.6871,11.5456,4866139560332,10.264576,3617,1,0.9999998
perf,inwall-passes-off,2314,6668.182655,-3746.487,8.771418,-1401.373,4000,0.001708984,80,0,0,11.0649,9.2201,12.47744,4866139670937,11.5456,3618,1,0.9999998
perf,inwall-passes-off,2315,6668.194378,-3746.487,8.771418,-1401.373,4000,0.001708984,80,0,0,14.5479,9.3391,10.575872,4866139782100,12.47744,3619,1,0.9999998
perf,inwall-passes-off,2316,6668.205774,-3746.487,8.771418,-1401.373,4000,0.001708984,80,0,0,11.67129,10.4858,0,0,10.575872,3620,1,0.9999998
perf,inwall-passes-off,2317,6668.218777,-3746.487,8.771418,-1401.373,4000,0.001708984,80,0,0,11.4429,9.1901,13.377536,4866140019545,0,3621,1,0.9999998
perf,inwall-passes-off,2318,6668.230228,-3746.487,8.771418,-1401.373,4000,0.001708984,80,0,0,12.9968,9.2737,12.829696,4866140130193,13.377536,3622,1,0.9999998
perf,inwall-passes-off,2319,6668.243577,-3746.487,8.771418,-1401.373,4000,0.001708984,80,0,0,12.5814,11.9335,11.098112,4866140275610,12.829696,3623,1,0.9999998
perf,inwall-passes-off,2320,6668.255167,-3746.487,8.771418,-1401.373,4000,0.001708984,80,0,0,12.2261,9.894,12.932096,4866140392401,11.098112,3624,1,0.9999998
perf,inwall-passes-off,2321,6668.266263,-3746.487,8.771418,-1401.373,4000,0.001708984,80,0,0,11.5955,9.6354,11.825152,4866140506381,12.932096,3625,1,0.9999998
perf,inwall-passes-off,2322,6668.278395,-3746.487,8.771418,-1401.373,4000,0.001708984,80,0,0,11.0274,10.8342,12.47744,4866140636742,11.825152,3626,1,0.9999998
perf,inwall-passes-off,2323,6668.290174,-3746.487,8.771418,-1401.373,4000,0.001708984,80,0,0,12.1798,9.6343,12.08832,4866140761830,12.47744,3627,1,0.9999998
perf,inwall-passes-off,2324,6668.301615,-3746.487,8.771418,-1401.373,4000,0.001708984,80,0,0,11.7762,9.832,11.387904,4866140884734,12.08832,3628,1,0.9999998
perf,inwall-passes-off,2325,6668.314285,-3746.487,8.771418,-1401.373,4000,0.001708984,80,0,0,11.4045,9.7411,11.684864,4866141000793,11.387904,3629,1,0.9999998
perf,inwall-passes-off,2326,6668.326629,-3746.487,8.771418,-1401.373,4000,0.001708984,80,0,0,12.7196,9.2773,11.804672,4866141111150,11.684864,3630,1,0.9999998
perf,inwall-passes-off,2327,6668.337176,-3746.487,8.771418,-1401.373,4000,0.001708984,80,0,0,12.2983,9.8854,11.37152,4866141232832,11.804672,3631,1,0.9999998
perf,inwall-passes-off,2328,6668.350032,-3746.487,8.771418,-1401.373,4000,0.001708984,80,0,0,10.5387,9.9494,13.663232,4866141350347,11.37152,3632,1,0.9999998
perf,inwall-passes-off,2329,6668.361304,-3746.487,8.771418,-1401.373,4000,0.001708984,80,0,0,12.8881,9.5475,10.595328,4866141464730,13.663232,3633,1,0.9999998
perf,inwall-passes-off,2330,6668.372571,-3746.487,8.771418,-1401.373,4000,0.001708984,80,0,0,11.3308,10.5485,11.271168,4866141591803,10.595328,3634,1,0.9999998
perf,inwall-passes-off,2331,6668.385154,-3746.487,8.771418,-1401.373,4000,0.001708984,80,0,0,11.1781,10.3569,0,0,11.271168,3635,1,0.9999998
perf,inwall-passes-off,2332,6668.397683,-3746.487,8.771418,-1401.373,4000,0.001708984,80,0,0,13.6914,8.8088,10.943488,4866141820295,0,3636,1,0.9999998
perf,inwall-passes-off,2333,6668.408685,-3746.487,8.771418,-1401.373,4000,0.001708984,80,0,0,11.4309,10.6283,11.322368,4866141949152,10.943488,3637,1,0.9999998
perf,inwall-passes-off,2334,6668.421313,-3746.487,8.771418,-1401.373,4000,0.001708984,80,0,0,11.0546,9.2587,0,0,11.322368,3638,1,0.9999998
perf,inwall-passes-off,2335,6668.433301,-3746.487,8.771418,-1401.373,4000,0.001708984,80,0,0,12.6093,9.5014,12.869632,4866142174260,0,3639,1,0.9999998
perf,inwall-passes-off,2336,6668.445762,-3746.487,8.771418,-1401.373,4000,0.001708984,80,0,0,11.9666,10.4367,10.71104,4866142311088,12.869632,3640,1,0.9999998
perf,inwall-passes-off,2337,6668.456737,-3746.487,8.771418,-1401.373,4000,0.001708984,80,0,0,12.4762,9.6705,11.979776,4866142425461,10.71104,3641,1,0.9999998
perf,inwall-passes-off,2338,6668.468757,-3746.487,8.771418,-1401.373,4000,0.001708984,80,0,0,10.9543,9.1996,12.228608,4866142535804,11.979776,3642,1,0.9999998
perf,inwall-passes-off,2339,6668.481467,-3746.487,8.771418,-1401.373,4000,0.001708984,80,0,0,12.0091,10.4057,12.673024,4866142662104,12.228608,3643,1,0.9999998
perf,inwall-passes-off,2340,6668.493340,-3746.487,8.771418,-1401.373,4000,0.001708984,80,0,0,12.8634,9.9435,10.734592,4866142781771,12.673024,3644,1,0.9999998
perf,inwall-passes-off,2341,6668.504449,-3746.487,8.771418,-1401.373,4000,0.001708984,80,0,0,11.804,10.1093,12.285952,4866142906520,10.734592,3645,1,0.9999998
perf,inwall-passes-off,2342,6668.517079,-3746.487,8.771418,-1401.373,4000,0.001708984,80,0,0,11.0139,9.125,0,0,12.285952,3646,1,0.9999998
perf,inwall-passes-off,2343,6668.528834,-3746.487,8.771418,-1401.373,4000,0.001708984,80,0,0,12.7241,10.2763,11.84256,4866143136182,0,3647,1,0.9999998
perf,inwall-passes-off,2344,6668.539807,-3746.487,8.771418,-1401.373,4000,0.001708984,80,0,0,11.6664,10.2251,11.488256,4866143264708,11.84256,3648,1,0.9999998
perf,inwall-passes-off,2345,6668.553741,-3746.487,8.771418,-1401.373,4000,0.001708984,80,0,0,12.0456,9.9127,12.991488,4866143382504,11.488256,3649,1,0.9999998
perf,inwall-passes-off,2346,6668.565271,-3746.487,8.771418,-1401.373,4000,0.001708984,80,0,0,12.9725,9.3295,11.22816,4866143493034,12.991488,3650,1,0.9999998
perf,inwall-passes-off,2347,6668.577218,-3746.487,8.771418,-1401.373,4000,0.001708984,80,0,0,11.4122,10.4049,10.858496,4866143620206,11.22816,3651,1,0.9999998
perf,inwall-passes-off,2348,6668.588531,-3746.487,8.771418,-1401.373,4000,0.001708984,80,0,0,12.0027,9.7569,13.477888,4866143736917,10.858496,3652,1,0.9999998
perf,inwall-passes-off,2349,6668.599454,-3746.487,8.771418,-1401.373,4000,0.001708984,80,0,0,11.34359,9.0667,12.348416,4866143857344,13.477888,3653,1,0.9999998
perf,inwall-passes-off,2350,6668.612076,-3746.487,8.771418,-1401.373,4000,0.001708984,80,0,0,10.9401,10.5889,11.635712,4866143986342,12.348416,3654,1,0.9999998
perf,inwall-passes-off,2351,6668.623664,-3746.487,8.771418,-1401.373,4000,0.001708984,80,0,0,12.5929,9.7121,11.190272,4866144101235,11.635712,3655,1,0.9999998
perf,inwall-passes-off,2352,6668.634747,-3746.487,8.771418,-1401.373,4000,0.001708984,80,0,0,11.5329,9.7927,10.89024,4866144221161,11.190272,3656,1,0.9999998
perf,inwall-passes-off,2353,6668.647616,-3746.487,8.771418,-1401.373,4000,0.001708984,80,0,0,11.0786,9.4786,0,0,10.89024,3657,1,0.9999998
perf,inwall-passes-off,2354,6668.658853,-3746.487,8.771418,-1401.373,4000,0.001708984,80,0,0,12.9258,9.0084,11.011072,4866144443163,0,3658,1,0.9999998
perf,inwall-passes-off,2355,6668.670236,-3746.487,8.771418,-1401.373,4000,0.001708984,80,0,0,11.2289,10.4304,11.460608,4866144569861,11.011072,3659,1,0.9999998
perf,inwall-passes-off,2356,6668.682258,-3746.487,8.771418,-1401.373,4000,0.001708984,80,0.8,0,11.3215,9.7061,12.762112,4866144685256,11.460608,3660,1,0.9999998
perf,inwall-passes-off,2357,6668.693756,-3746.487,8.771418,-1401.373,4000,0.001708984,80,0.7324668,0,12.0797,9.3034,10.539008,4866144796099,12.762112,3661,1,0.9999998
perf,inwall-passes-off,2358,6668.706484,-3746.487,8.771418,-1401.373,4000,0.001708984,80,0.6676521,0,12.685,10.7503,11.918336,4866144925259,10.539008,3662,1,0.9999998
perf,inwall-passes-off,2359,6668.718842,-3746.487,8.771418,-1401.373,4000,0.001708984,80,0.6139534,0,11.4858,9.2521,12.128256,4866145037491,11.918336,3663,1,0.9999998
perf,inwall-passes-off,2360,6668.731122,-3746.487,8.771418,-1401.373,4000,0.001708984,80,0.5608274,0,12.3928,9.6127,11.219968,4866145150900,12.128256,3664,1,0.9999998
perf,inwall-passes-off,2361,6668.741237,-3746.487,8.771418,-1401.373,4000,0.001708984,80,0.5128267,0,12.2507,9.8764,0,0,11.219968,3665,1,0.9999998
perf,inwall-passes-off,2362,6668.753857,-3746.487,8.771418,-1401.373,4000,0.001708984,80,0.4762807,0,10.1246,9.6484,12.61056,4866145397153,0,3666,1,0.9999998
perf,inwall-passes-off,2363,6668.765542,-3746.487,8.771418,-1401.373,4000,0.001708984,80,0.4342908,0,12.6417,9.8953,11.548672,4866145513401,12.61056,3667,1,0.9999998
perf,inwall-passes-off,2364,6668.777731,-3746.487,8.771418,-1401.373,4000,0.001708984,80,0.3990566,0,11.6523,10.2343,9.971712,4866145637291,11.548672,3668,1,0.9999998
perf,inwall-passes-off,2365,6668.789146,-3746.487,8.771418,-1401.373,4000,0.001708984,80,0.3673319,0,12.22919,10.5,12.076032,4866145759797,9.971712,3669,1,0.9999998
perf,inwall-passes-off,2366,6668.801434,-3746.487,8.771418,-1401.373,4000,0.001708984,80,0.3535315,0,11.4754,8.4216,0,0,12.076032,3670,1,0.9999998
perf,inwall-passes-off,2367,6668.814103,-3746.487,8.771418,-1401.373,4000,0.001708984,80,0.3962443,0,12.1831,10.5078,12.014592,4866145987434,0,3671,1,0.9999998
perf,inwall-passes-off,2368,6668.826293,-3746.487,8.771418,-1401.373,4000,0.001708984,80,0.5588085,0,12.726,9.8994,11.203584,4866146104030,12.014592,3672,1,0.9999998
perf,inwall-passes-off,2369,6668.836856,-3746.487,8.771418,-1401.373,4000,0.001708984,80,0.7555279,0,12.1411,9.9446,12.435456,4866146226221,11.203584,3673,1,0.9999998
perf,inwall-passes-off,2370,6668.850107,-3746.487,8.771418,-1401.373,4000,0.001708984,80,0.7919825,0,10.5663,9.6242,12.608512,4866146340047,12.435456,3674,1,0.9999998
perf,inwall-passes-off,2371,6668.862013,-3746.487,8.771418,-1401.373,4000,0.001708984,80,0.5655846,0,14.34751,10.563,11.580416,4866146462886,12.608512,3675,1,0.9999998
perf,inwall-passes-off,2372,6668.873056,-3746.487,8.771418,-1401.373,4000,0.001708984,80,0.3558232,0,10.8102,10.5286,10.914816,4866146590018,11.580416,3676,1,0.9999998
perf,inwall-passes-off,2373,6668.886000,-3746.487,8.771418,-1401.373,4000,0.001708984,80,0.2288687,0,11.0375,10.1643,0,0,10.914816,3677,1,0.9999998
perf,inwall-passes-off,2374,6668.896997,-3746.487,8.771418,-1401.373,4000,0.001708984,80,0.1721213,0,12.978,8.7699,12.524544,4866146817230,0,3678,1,0.9999998
perf,inwall-passes-off,2375,6668.909444,-3746.487,8.771418,-1401.373,4000,0.001708984,80,0.1535329,0,10.9799,10.8797,11.254784,4866146960627,12.524544,3679,1,0.9999998
perf,inwall-passes-off,2376,6668.921596,-3746.487,8.771418,-1401.373,4000,0.001708984,80,0.1394769,0,12.4564,9.0523,12.060672,4866147068763,11.254784,3680,1,0.9999998
perf,inwall-passes-off,2377,6668.933548,-3746.487,8.771418,-1401.373,4000,0.001708984,80,0.1275897,0,12.1591,9.3023,11.624448,4866147179166,12.060672,3681,1,0.9999998
perf,inwall-passes-off,2378,6668.947363,-3746.487,8.771418,-1401.373,4000,0.001708984,80,0.1170287,0,11.9165,10.7555,11.101184,4866147308906,11.624448,3682,1,0.9999998
perf,inwall-passes-off,2379,6668.958363,-3746.487,8.771418,-1401.373,4000,0.001708984,80,0.1074175,0,13.8687,9.1951,13.708288,4866147418690,11.101184,3683,1,0.9999998
perf,inwall-passes-off,2380,6668.969762,-3746.487,8.771418,-1401.373,4000,0.001708984,80,0.1095276,0,10.9438,9.7915,11.388928,4866147543125,13.708288,3684,1,0.9999998
perf,inwall-passes-off,2381,6668.982798,-3746.487,8.771418,-1401.373,4000,0.001708984,80,0.144746,0,11.4085,9.9858,13.549568,4866147664849,11.388928,3685,1,0.9999998
perf,inwall-passes-off,2382,6668.994584,-3746.487,8.771418,-1401.373,4000,0.001708984,80,0.2524616,0,13.0796,10.1346,10.96704,4866147784045,13.549568,3686,1,0.9999998
perf,inwall-passes-off,2383,6669.006309,-3746.487,8.771418,-1401.373,4000,0.001708984,80,0.3451174,0,11.73691,11.6788,11.390976,4866147922636,10.96704,3687,1,0.9999998
perf,inwall-passes-off,2384,6669.021416,-3746.487,8.771418,-1401.373,4000,0.001708984,80,0.3112954,0,12.8787,9.1751,13.285376,4866148032158,11.390976,3688,1,0.9999998
perf,inwall-passes-off,2385,6669.033131,-3746.487,8.771418,-1401.373,4000,0.001708984,80,0.1669016,0,13.9882,9.6268,11.512832,4866148146253,13.285376,3689,1,0.9999998
perf,inwall-passes-off,2386,6669.045860,-3746.487,8.771418,-1401.373,4000,0.001708984,80,0.08600463,0,11.67919,10.8433,11.18208,4866148276951,11.512832,3690,1,0.9999998
perf,inwall-passes-off,2387,6669.057281,-3746.487,8.771418,-1401.373,4000,0.001708984,80,0.05551994,0,12.7601,9.7734,15.208448,4866148394433,11.18208,3691,1,0.9999998
perf,inwall-passes-off,2388,6669.068725,-3746.487,8.771418,-1401.373,4000,0.001708984,80,0.04778071,0,11.3928,9.8115,12.157952,4866148523045,15.208448,3692,1,0.9999998
perf,inwall-passes-off,2389,6669.080982,-3746.487,8.771418,-1401.373,4000,0.001708984,80,0.04360687,0,11.4389,11.8207,12.62592,4866148663048,12.157952,3693,1,0.9999998
perf,inwall-passes-off,2390,6669.092623,-3746.487,8.771418,-1401.373,4000,0.001708984,80,0.03983661,0,12.3083,9.8639,10.998784,4866148779915,12.62592,3694,1,0.9999998
perf,inwall-passes-off,2391,6669.103685,-3746.487,8.771418,-1401.373,4000,0.001708984,80,0.03659425,0,11.6222,10.3255,11.777024,4866148907487,10.998784,3695,1,0.9999998
perf,inwall-passes-off,2392,6669.115709,-3746.487,8.771418,-1401.373,4000,0.001708984,80,0.03376367,0,11.0239,9.6315,12.288,4866149021404,11.777024,3696,1,0.9999998
perf,inwall-passes-off,2393,6669.127523,-3746.487,8.771418,-1401.373,4000,0.001708984,80,0.03090829,0,12.1017,9.7025,11.055104,4866149135829,12.288,3697,1,0.9999998
perf,inwall-passes-off,2394,6669.137858,-3746.487,8.771418,-1401.373,4000,0.001708984,80,0.02836936,0,11.738,10.0374,11.373568,4866149258779,11.055104,3698,1,0.9999998
perf,inwall-passes-off,2395,6669.151080,-3746.487,8.771418,-1401.373,4000,0.001708984,80,0.0263073,0,10.33539,9.6554,12.19072,4866149374980,11.373568,3699,1,0.9999998
perf,inwall-passes-off,2396,6669.162195,-3746.487,8.771418,-1401.373,4000,0.001708984,80,0.02387344,0,13.2936,9.3075,12.731392,4866149485384,12.19072,3700,1,0.9999998
perf,inwall-passes-off,2397,6669.174938,-3746.487,8.771418,-1401.373,4000,0.001708984,80,0.02183257,0,12.2357,9.8137,9.157632,4866149605997,12.731392,3701,1,0.9999998
perf,inwall-passes-off,2398,6669.187950,-3746.487,8.771418,-1401.373,4000,0.001708984,80,0.02006652,0,11.5526,10.0291,0,0,9.157632,3702,1,0.9999998
perf,inwall-passes-off,2399,6669.198787,-3746.487,8.771418,-1401.373,4000,0.001708984,80,0.01824152,0,13.0569,8.6085,11.531264,4866149827131,0,3703,1,0.9999998
perf,inwall-passes-off,2400,6669.211041,-3746.487,8.771418,-1401.373,4000,0.001708984,80,0.01685916,0,10.7925,10.7003,12.827648,4866149959718,11.531264,3704,1,0.9999998
perf,inwall-passes-off,2401,6669.222385,-3746.487,8.771418,-1401.373,4000,0.001708984,80,0.01541019,0,12.3043,9.0913,12.438528,4866150082303,12.827648,3705,1,0.9999998
perf,inwall-passes-off,2402,6669.235123,-3746.487,8.771418,-1401.373,4000,0.001708984,80,0.01418893,0,11.3067,9.779,0,0,12.438528,3706,1,0.9999998
perf,inwall-passes-off,2403,6669.248218,-3746.487,8.771418,-1401.373,4000,0.001708984,80,0.01293014,0,12.72209,10.8849,12.547072,4866150328459,0,3707,1,0.9999998
perf,inwall-passes-off,2404,6669.259074,-3746.487,8.771418,-1401.373,4000,0.001708984,80,0.01174075,0,13.2153,9.0116,10.679296,4866150436423,12.547072,3708,1,0.9999998
perf,inwall-passes-off,2405,6669.270477,-3746.487,8.771418,-1401.373,4000,0.001708984,80,0.01084679,0,10.8463,10.0944,0,0,10.679296,3709,1,0.9999998
perf,inwall-passes-off,2406,6669.282555,-3746.487,8.771418,-1401.373,4000,0.001708984,80,0.009988019,0,11.2934,9.5424,12.449792,4866150672517,0,3710,1,0.9999998
perf,inwall-passes-off,2407,6669.294238,-3746.487,8.771418,-1401.373,4000,0.001708984,80,0.009135441,0,12.2193,10.8225,10.909696,4866150799758,12.449792,3711,1,0.9999998
perf,inwall-passes-off,2408,6669.305681,-3746.487,8.771418,-1401.373,4000,0.001708984,80,0.008396246,0,11.5554,10.6941,11.469824,4866150931242,10.909696,3712,1,0.9999998
perf,inwall-passes-off,2409,6669.317936,-3746.487,8.771418,-1401.373,4000,0.001708984,80,0.007723309,0,11.44089,8.902,12.307456,4866151039588,11.469824,3713,1,0.9999998
perf,inwall-passes-off,2410,6669.331774,-3746.487,8.771418,-1401.373,4000,0.001708984,80,0.007005455,0,13.3595,9.6481,11.237376,4866151153306,12.307456,3714,1,0.9999998
perf,inwall-passes-off,2411,6669.344244,-3746.487,8.771418,-1401.373,4000,0.001708984,80,0.006384131,0,12.7173,9.882,11.196416,4866151274686,11.237376,3715,1,0.9999998
perf,inwall-passes-off,2412,6669.355809,-3746.487,8.771418,-1401.373,4000,0.001708984,80,0.00582651,0,12.5151,9.7186,12.684288,4866151391047,11.196416,3716,1,0.9999998
perf,inwall-passes-off,2413,6669.367654,-3746.487,8.771418,-1401.373,4000,0.001708984,80,0,0,11.5316,9.6072,14.788608,4866151505373,12.684288,3717,1,0.9999998
perf,inwall-passes-off,2414,6669.379744,-3746.487,8.771418,-1401.373,4000,0.001708984,80,0,0,11.8468,10.0859,11.034624,4866151638958,14.788608,3718,1,0.9999998
perf,inwall-passes-off,2415,6669.391040,-3746.487,8.771418,-1401.373,4000,0.001708984,80,0,0,12.118,10.9776,11.521024,4866151766253,11.034624,3719,1,0.9999998
perf,inwall-passes-off,2416,6669.401644,-3746.487,8.771418,-1401.373,4000,0.001708984,80,0,0,11.2549,10.243,11.834368,4866151891333,11.521024,3720,1,0.9999998
perf,inwall-passes-off,2417,6669.414438,-3746.487,8.771418,-1401.373,4000,0.001708984,80,0,0,10.6058,9.8088,0,0,11.834368,3721,1,0.9999998
perf,inwall-passes-off,2418,6669.425941,-3746.487,8.771418,-1401.373,4000,0.001708984,80,0,0,12.8723,9.8979,11.14112,4866152125131,0,3722,1,0.9999998
perf,inwall-passes-off,2419,6669.436490,-3746.487,8.771418,-1401.373,4000,0.001708984,80,0,0,11.4505,9.8665,10.596352,4866152246329,11.14112,3723,1,0.9999998
perf,inwall-passes-off,2420,6669.449983,-3746.487,8.771418,-1401.373,4000,0.001708984,80,0,0,10.5227,9.5149,0,0,10.596352,3724,1,0.9999998
perf,inwall-passes-off,2421,6669.461109,-3746.487,8.771418,-1401.373,4000,0.001708984,80,0,0,13.563,8.8714,11.116544,4866152464968,0,3725,1,0.9999998
perf,inwall-passes-off,2422,6669.472004,-3746.487,8.771418,-1401.373,4000,0.001708984,80,0,0,11.0629,10.5447,10.788864,4866152593426,11.116544,3726,1,0.9999998
perf,inwall-passes-off,2423,6669.487231,-3746.487,8.771418,-1401.373,4000,0.001708984,80,0,0,11.9864,9.5114,13.018112,4866152708053,10.788864,3727,1,0.9999998
perf,inwall-passes-off,2424,6669.498191,-3746.487,8.771418,-1401.373,4000,0.001708984,80,0,0,14.212,8.8041,11.451392,4866152813442,13.018112,3728,1,0.9999998
perf,inwall-passes-off,2425,6669.510782,-3746.487,8.771418,-1401.373,4000,0.001708984,80,0,0,10.8801,11.2023,10.883072,4866152948911,11.451392,3729,1,0.9999998
perf,inwall-passes-off,2426,6669.521716,-3746.487,8.771418,-1401.373,4000,0.001708984,80,0,0,12.6322,9.1698,14.844928,4866153059654,10.883072,3730,1,0.9999998
perf,inwall-passes-off,2427,6669.533047,-3746.487,8.771418,-1401.373,4000,0.001708984,80,0,0,10.9024,9.1718,11.503616,4866153179482,14.844928,3731,1,0.9999998
perf,inwall-passes-off,2428,6669.545619,-3746.487,8.771418,-1401.373,4000,0.001708984,80,0,0,11.3209,11.9288,12.201984,4866153321273,11.503616,3732,1,0.9999998
perf,inwall-passes-off,2429,6669.556422,-3746.487,8.771418,-1401.373,4000,0.001708984,80,0,0,12.6115,9.1416,10.71104,4866153430448,12.201984,3733,1,0.9999998
perf,inwall-passes-off,2430,6669.567640,-3746.487,8.771418,-1401.373,4000,0.001708984,80,0,0,10.8604,10.4353,12.793856,4866153556727,10.71104,3734,1,0.9999998
perf,inwall-passes-off,2431,6669.579803,-3746.487,8.771418,-1401.373,4000,0.001708984,80,0,0,11.1183,9.0629,11.486208,4866153665781,12.793856,3735,1,0.9999998
perf,inwall-passes-off,2432,6669.591410,-3746.487,8.771418,-1401.373,4000,0.001708984,80,0,0,12.203,9.5547,10.499072,4866153779031,11.486208,3736,1,0.9999998
perf,inwall-passes-off,2433,6669.602535,-3746.487,8.771418,-1401.373,4000,0.001708984,80,0,0,11.5665,10.2616,11.54048,4866153905082,10.499072,3737,1,0.9999998
perf,inwall-passes-off,2434,6669.615054,-3746.487,8.771418,-1401.373,4000,0.001708984,80,0,0,11.153,8.9899,11.956224,4866154013417,11.54048,3738,1,0.9999998
perf,inwall-passes-off,2435,6669.627068,-3746.487,8.771418,-1401.373,4000,0.001708984,80,0,0,12.54099,9.3997,11.245568,4866154124930,11.956224,3739,1,0.9999998
perf,inwall-passes-off,2436,6669.639736,-3746.487,8.771418,-1401.373,4000,0.001708984,80,0,0,13.1668,9.9836,11.085824,4866154246897,11.245568,3740,1,0.9999998
perf,inwall-passes-off,2437,6669.653197,-3746.487,8.771418,-1401.373,4000,0.001708984,80,0,0,11.4757,9.7695,12.893184,4866154362630,11.085824,3741,1,0.9999998
perf,inwall-passes-off,2438,6669.664570,-3746.487,8.771418,-1401.373,4000,0.001708984,80,0,0,13.5044,9.303,11.18208,4866154474057,12.893184,3742,1,0.9999998
perf,inwall-passes-off,2439,6669.676526,-3746.487,8.771418,-1401.373,4000,0.001708984,80,0,0,11.3224,10.3615,13.299712,4866154599457,11.18208,3743,1,0.9999998
perf,inwall-passes-off,2440,6669.688011,-3746.487,8.771418,-1401.373,4000,0.001708984,80,0,0,12.0333,10.1113,12.572672,4866154730203,13.299712,3744,1,0.9999998
perf,inwall-passes-off,2441,6669.699298,-3746.487,8.771418,-1401.373,4000,0.001708984,80,0,0,11.42161,9.8291,12.29312,4866154845944,12.572672,3745,1,0.9999998
perf,inwall-passes-off,2442,6669.711817,-3746.487,8.771418,-1401.373,4000,0.001708984,80,0,0,11.4116,11.1629,11.252736,4866154980944,12.29312,3746,1,0.9999998
perf,inwall-passes-off,2443,6669.722995,-3746.487,8.771418,-1401.373,4000,0.001708984,80,0,0,12.4235,9.5746,11.8528,4866155094236,11.252736,3747,1,0.9999998
perf,inwall-passes-off,2444,6669.735518,-3746.487,8.771418,-1401.373,4000,0.001708984,80,0,0,11.1411,9.6748,11.204608,4866155214374,11.8528,3748,1,0.9999998
perf,inwall-passes-off,2445,6669.748843,-3746.487,8.771418,-1401.373,4000,0.001708984,80,0,0,12.5205,9.6234,12.795904,4866155328655,11.204608,3749,1,0.9999998
perf,inwall-passes-off,2446,6669.760346,-3746.487,8.771418,-1401.373,4000,0.001708984,80,0,0,13.3641,9.4974,10.564608,4866155442064,12.795904,3750,1,0.9999998
perf,inwall-passes-off,2447,6669.771836,-3746.487,8.771418,-1401.373,4000,0.001708984,80,0,0,11.5239,10.2231,13.06112,4866155567102,10.564608,3751,1,0.9999998
perf,inwall-passes-off,2448,6669.784233,-3746.487,8.771418,-1401.373,4000,0.001708984,80,0,0,11.4816,9.2761,13.202432,4866155678512,13.06112,3752,1,0.9999998
perf,inwall-passes-off,2449,6669.797502,-3746.487,8.771418,-1401.373,4000,0.001708984,80,0,0,13.4835,10.5497,10.569728,4866155803764,13.202432,3753,1,0.9999998
perf,inwall-passes-off,2450,6669.808595,-3746.487,8.771418,-1401.373,4000,0.001708984,80,0,0,12.1644,11.175,11.874304,4866155937345,10.569728,3754,1,0.9999998
perf,inwall-passes-off,2451,6669.821118,-3746.487,8.771418,-1401.373,4000,0.001708984,80,0,0,11.06441,9.5527,12.720128,4866156052067,11.874304,3755,1,0.9999998
perf,inwall-passes-off,2452,6669.833411,-3746.487,8.771418,-1401.373,4000,0.001708984,80,0,0,12.6253,9.6297,12.745728,4866156167360,12.720128,3756,1,0.9999998
perf,inwall-passes-off,2453,6669.846020,-3746.487,8.771418,-1401.373,4000,0.001708984,80,0,0,12.1949,10.135,11.26912,4866156301959,12.745728,3757,1,0.9999998
perf,inwall-passes-off,2454,6669.857089,-3746.487,8.771418,-1401.373,4000,0.001708984,80,0,0,12.6296,10.219,12.362752,4866156423834,11.26912,3758,1,0.9999998
perf,inwall-passes-off,2455,6669.868369,-3746.487,8.771418,-1401.373,4000,0.001708984,80,0,0,11.111,9.2761,12.327936,4866156534539,12.362752,3759,1,0.9999998
perf,inwall-passes-off,2456,6669.880389,-3746.487,8.771418,-1401.373,4000,0.001708984,80,0,0,11.2041,10.3687,12.826624,4866156660143,12.327936,3760,1,0.9999998
perf,inwall-passes-off,2457,6669.891886,-3746.487,8.771418,-1401.373,4000,0.001708984,80,0,0,12.085,10.2004,10.596352,4866156782722,12.826624,3761,1,0.9999998
perf,inwall-passes-off,2458,6669.903127,-3746.487,8.771418,-1401.373,4000,0.001708984,80,0,0,11.69391,10.3072,11.684864,4866156909041,10.596352,3762,1,0.9999998
perf,inwall-passes-off,2459,6669.915882,-3746.487,8.771418,-1401.373,4000,0.001708984,80,0,0,11.0126,9.2341,12.142592,4866157019606,11.684864,3763,1,0.9999998
perf,inwall-passes-off,2460,6669.927448,-3746.487,8.771418,-1401.373,4000,0.001708984,80,0,0,12.8045,9.559,10.99776,4866157132238,12.142592,3764,1,0.9999998
perf,inwall-passes-off,2461,6669.938587,-3746.487,8.771418,-1401.373,4000,0.001708984,80,0,0,11.5844,9.8494,11.224064,4866157252940,10.99776,3765,1,0.9999998
perf,inwall-passes-off,2462,6669.952970,-3746.487,8.771418,-1401.373,4000,0.001708984,80,0,0,12.2846,9.6685,12.934144,4866157369707,11.224064,3766,1,0.9999998
perf,inwall-passes-off,2463,6669.964622,-3746.487,8.771418,-1401.373,4000,0.001708984,80,0,0,13.1849,9.1784,11.667456,4866157480036,12.934144,3767,1,0.9999998
perf,inwall-passes-off,2464,6669.976668,-3746.487,8.771418,-1401.373,4000,0.001708984,80,0,0,11.6976,10.5544,11.666432,4866157607704,11.667456,3768,1,0.9999998
perf,inwall-passes-off,2465,6669.988712,-3746.487,8.771418,-1401.373,4000,0.001708984,80,0,0,12.021,9.722,13.239296,4866157723100,11.666432,3769,1,0.9999998
perf,inwall-passes-off,2466,6670.000703,-3746.487,8.771418,-1401.373,4000,0.001708984,80,0,0,11.979,9.4088,12.015616,4866157845904,13.239296,3770,1,0.9999998
perf,inwall-passes-off,2467,6670.013299,-3746.487,8.771418,-1401.373,4000,0.001708984,80,0,0,11.9884,11.0605,11.708416,4866157978638,12.015616,3771,1,0.9999998
perf,inwall-passes-off,2468,6670.024878,-3746.487,8.771418,-1401.373,4000,0.001708984,80,0,0,12.6435,9.6909,11.98592,4866158094826,11.708416,3772,1,0.9999998
perf,inwall-passes-off,2469,6670.035668,-3746.487,8.771418,-1401.373,4000,0.001708984,80,0,0,11.5315,9.8033,12.33408,4866158215714,11.98592,3773,1,0.9999998
perf,inwall-passes-off,2470,6670.048968,-3746.487,8.771418,-1401.373,4000,0.001708984,80,0,0,10.9256,10.1247,12.506112,4866158335675,12.33408,3774,1,0.9999998
perf,inwall-passes-off,2471,6670.059973,-3746.487,8.771418,-1401.373,4000,0.001708984,80,0,0,13.2011,10.2496,11.331584,4866158455573,12.506112,3775,1,0.9999998
perf,inwall-passes-off,2472,6670.071526,-3746.487,8.771418,-1401.373,4000,0.001708984,80,0,0,10.9763,10.3954,10.7264,4866158581955,11.331584,3776,1,0.9999998
perf,inwall-passes-off,2473,6670.083586,-3746.487,8.771418,-1401.373,4000,0.001708984,80,0,0,11.5468,9.8007,12.977152,4866158697343,10.7264,3777,1,0.9999998
perf,inwall-passes-off,2474,6670.095348,-3746.487,8.771418,-1401.373,4000,0.001708984,80,0,0,12.0899,9.0516,10.97728,4866158805952,12.977152,3778,1,0.9999998
perf,inwall-passes-off,2475,6670.107440,-3746.487,8.771418,-1401.373,4000,0.001708984,80,0,0,12.8662,10.8929,11.684864,4866158938560,10.97728,3779,1,0.9999998
perf,inwall-passes-off,2476,6670.120387,-3746.487,8.771418,-1401.373,4000,0.001708984,80,0,0,10.9587,9.1038,0,0,11.684864,3780,1,0.9999998
perf,inwall-passes-off,2477,6670.132853,-3746.487,8.771418,-1401.373,4000,0.001708984,80,0,0,12.9932,9.692,11.296768,4866159163837,0,3781,1,0.9999998
perf,inwall-passes-off,2478,6670.146098,-3746.487,8.771418,-1401.373,4000,0.001708984,80,0,0,12.4152,9.8595,12.105728,4866159284718,11.296768,3782,1,0.9999998
perf,inwall-passes-off,2479,6670.157537,-3746.487,8.771418,-1401.373,4000,0.001708984,80,0,0,13.3695,9.5912,12.292096,4866159412713,12.105728,3783,1,0.9999998
perf,inwall-passes-off,2480,6670.169118,-3746.487,8.771418,-1401.373,4000,0.001708984,80,0,0,11.394,9.287,13.563904,4866159522980,12.292096,3784,1,0.9999998
perf,inwall-passes-off,2481,6670.181199,-3746.487,8.771418,-1401.373,4000,0.001708984,80,0,0,11.5208,10.6513,13.52192,4866159652801,13.563904,3785,1,0.9999998
perf,inwall-passes-off,2482,6670.192687,-3746.487,8.771418,-1401.373,4000,0.001708984,80,0,0,12.1182,10.5886,10.785792,4866159777069,13.52192,3786,1,0.9999998
perf,inwall-passes-off,2483,6670.204028,-3746.487,8.771418,-1401.373,4000,0.001708984,80,0,0,11.5979,10.6967,11.184128,4866159910536,10.785792,3787,1,0.9999998
perf,inwall-passes-off,2484,6670.215969,-3746.487,8.771418,-1401.373,4000,0.001708984,80,0,0,11.17299,9.5176,0,0,11.184128,3788,1,0.9999998
perf,inwall-passes-off,2485,6670.227711,-3746.487,8.771418,-1401.373,4000,0.001708984,80,0,0,11.996,9.6943,11.04384,4866160139795,0,3789,1,0.9999998
perf,inwall-passes-off,2486,6670.238925,-3746.487,8.771418,-1401.373,4000,0.001708984,80,0,0,11.7038,9.9252,11.498496,4866160260930,11.04384,3790,1,0.9999998
perf,inwall-passes-off,2487,6670.252987,-3746.487,8.771418,-1401.373,4000,0.001708984,80,0,0,11.2612,9.3729,11.976704,4866160375783,11.498496,3791,1,0.9999998
perf,inwall-passes-off,2488,6670.266878,-3746.487,8.771418,-1401.373,4000,0.001708984,80,0,0,15.2202,9.5734,11.726848,4866160488810,11.976704,3792,1,0.9999998
perf,inwall-passes-off,2489,6670.278712,-3746.487,8.771418,-1401.373,4000,0.001708984,80,0,0,12.6677,9.7663,10.5728,4866160608645,11.726848,3793,1,0.9999998
perf,inwall-passes-off,2490,6670.289974,-3746.487,8.771418,-1401.373,4000,0.001708984,80,0,0,11.8827,9.8757,13.966336,4866160725751,10.5728,3794,1,0.9999998
perf,inwall-passes-off,2491,6670.301683,-3746.487,8.771418,-1401.373,4000,0.001708984,80,0,0,11.3333,9.3657,14.716928,4866160837841,13.966336,3795,1,0.9999998
perf,inwall-passes-off,2492,6670.314823,-3746.487,8.771418,-1401.373,4000,0.001708984,80,0,0,11.6021,11.7831,11.777024,4866160990300,14.716928,3796,1,0.9999998
perf,inwall-passes-off,2493,6670.327483,-3746.487,8.771418,-1401.373,4000,0.001708984,80,0,0,13.2777,10.9133,11.11552,4866161117303,11.777024,3797,1,0.9999998
perf,inwall-passes-off,2494,6670.339743,-3746.487,8.771418,-1401.373,4000,0.001708984,80,0,0,12.65021,9.583,11.363328,4866161236051,11.11552,3798,1,0.9999998
perf,inwall-passes-off,2495,6670.352936,-3746.487,8.771418,-1401.373,4000,0.001708984,80,0,0,12.1813,9.4327,12.792832,4866161348763,11.363328,3799,1,0.9999998
perf,inwall-passes-off,2496,6670.364922,-3746.487,8.771418,-1401.373,4000,0.001708984,80,0,0,13.1768,9.6888,12.1344,4866161465331,12.792832,3800,1,0.9999998
perf,inwall-passes-off,2497,6670.377623,-3746.487,8.771418,-1401.373,4000,0.001708984,80,0,0,12.064,10.4896,12.647424,4866161597859,12.1344,3801,1,0.9999998
perf,inwall-passes-off,2498,6670.389058,-3746.487,8.771418,-1401.373,4000,0.001708984,80,0,0,12.61901,10.3847,13.922304,4866161723600,12.647424,3802,1,0.9999998
perf,inwall-passes-off,2499,6670.399892,-3746.487,8.771418,-1401.373,4000,0.001708984,80,0,0,11.3922,10.3565,11.835392,4866161846047,13.922304,3803,1,0.9999998
perf,inwall-passes-off,2500,6670.412440,-3746.487,8.771418,-1401.373,4000,0.001708984,80,0,0,10.8513,10.9918,12.087296,4866161978283,11.835392,3804,1,0.9999998
perf,inwall-passes-off,2501,6670.424963,-3746.487,8.771418,-1401.373,4000,0.001708984,80,0,0,13.6844,10.0575,11.619328,4866162098926,12.087296,3805,1,0.9999998
perf,inwall-passes-off,2502,6670.436215,-3746.487,8.771418,-1401.373,4000,0.001708984,80,0,0,11.3849,10.3989,11.365376,4866162225107,11.619328,3806,1,0.9999998
perf,inwall-passes-off,2503,6670.449338,-3746.487,8.771418,-1401.373,4000,0.001708984,80,0,0,11.2999,9.6611,12.023808,4866162339094,11.365376,3807,1,0.9999998
perf,inwall-passes-off,2504,6670.460363,-3746.487,8.771418,-1401.373,4000,0.001708984,80,0,0.8,13.0978,9.0042,12.547072,4866162447548,12.023808,3808,1,0.9999998
perf,inwall-passes-off,2505,6670.471670,-3746.487,8.771418,-1401.373,4000,0.001708984,80,0,0.7236014,10.9979,10.1886,10.697728,4866162584269,12.547072,3809,1,0.9999998
perf,inwall-passes-off,2506,6670.484706,-3746.487,8.771418,-1401.373,4000,0.001708984,80,0,0.6521332,11.3934,9.5888,13.748224,4866162698239,10.697728,3810,1,0.9999998
perf,inwall-passes-off,2507,6670.496399,-3746.487,8.771418,-1401.373,4000,0.001708984,80,0,0.5792933,12.9773,9.4053,10.645504,4866162810821,13.748224,3811,1,0.9999998
perf,inwall-passes-off,2508,6670.508531,-3746.487,8.771418,-1401.373,4000,0.001708984,80,0,0.5208435,11.6568,10.9981,11.149312,4866162942232,10.645504,3812,1,0.9999998
perf,inwall-passes-off,2509,6670.520725,-3746.487,8.771418,-1401.373,4000,0.001708984,80,0,0.4662422,12.1347,9.1612,13.35296,4866163052233,11.149312,3813,1,0.9999998
perf,inwall-passes-off,2510,6670.532748,-3746.487,8.771418,-1401.373,4000,0.001708984,80,0,0.4170164,12.2367,9.5367,11.739136,4866163165288,13.35296,3814,1,0.9999998
perf,inwall-passes-off,2511,6670.545442,-3746.487,8.771418,-1401.373,4000,0.001708984,80,0,0.3751175,11.976,10.88,11.97568,4866163295938,11.739136,3815,1,0.9999998
perf,inwall-passes-off,2512,6670.556614,-3746.487,8.771418,-1401.373,4000,0.001708984,80,0,0.3540817,12.7346,9.8739,11.598848,4866163412507,11.97568,3816,1,0.9999998
perf,inwall-passes-off,2513,6670.568864,-3746.487,8.771418,-1401.373,4000,0.001708984,80,0,0.4212153,11.1324,10.4018,12.58496,4866163533863,11.598848,3817,1,0.9999998
perf,inwall-passes-off,2514,6670.582021,-3746.487,8.771418,-1401.373,4000,0.001708984,80,0,0.6770107,13.3578,10.0757,12.326912,4866163656175,12.58496,3818,1,0.9999998
perf,inwall-passes-off,2515,6670.593825,-3746.487,8.771418,-1401.373,4000,0.001708984,80,0,0.7961344,12.1024,9.9535,12.350464,4866163776005,12.326912,3819,1,0.9999998
perf,inwall-passes-off,2516,6670.604909,-3746.487,8.771418,-1401.373,4000,0.001708984,80,0,0.5745396,11.7706,10.2226,11.041792,4866163903311,12.350464,3820,1,0.9999998
perf,inwall-passes-off,2517,6670.617144,-3746.487,8.771418,-1401.373,4000,0.001708984,80,0,0.3169885,11.0688,9.4108,13.275136,4866164014680,11.041792,3821,1,0.9999998
perf,inwall-passes-off,2518,6670.628523,-3746.487,8.771418,-1401.373,4000,0.001708984,80,0,0.190793,12.2727,10.5016,11.82208,4866164147909,13.275136,3822,1,0.9999998
perf,inwall-passes-off,2519,6670.638971,-3746.487,8.771418,-1401.373,4000,0.001708984,80,0,0.1574157,11.3538,9.9747,10.83392,4866164269151,11.82208,3823,1,0.9999998
perf,inwall-passes-off,2520,6670.651948,-3746.487,8.771418,-1401.373,4000,0.001708984,80,0,0.1418534,10.4358,9.81,12.361728,4866164386928,10.83392,3824,1,0.9999998
perf,inwall-passes-off,2521,6670.663491,-3746.487,8.771418,-1401.373,4000,0.001708984,80,0,0.125898,13.014,9.3044,11.410432,4866164497678,12.361728,3825,1,0.9999998
perf,inwall-passes-off,2522,6670.674622,-3746.487,8.771418,-1401.373,4000,0.001708984,80,0,0.1135473,11.5213,10.0762,10.195968,4866164620347,11.410432,3826,1,0.9999998
perf,inwall-passes-off,2523,6670.687543,-3746.487,8.771418,-1401.373,4000,0.001708984,80,0,0.1063266,11.1211,9.4645,0,0,10.195968,3827,1,0.9999998
perf,inwall-passes-off,2524,6670.698981,-3746.487,8.771418,-1401.373,4000,0.001708984,80,0,0.1355534,12.9587,8.7263,11.430912,4866164838289,0,3828,1,0.9999998
perf,inwall-passes-off,2525,6670.711701,-3746.487,8.771418,-1401.373,4000,0.001708984,80,0,0.2467448,11.458,10.8821,11.101184,4866164968355,11.430912,3829,1,0.9999998
perf,inwall-passes-off,2526,6670.722516,-3746.487,8.771418,-1401.373,4000,0.001708984,80,0,0.3526816,12.7304,9.6913,12.33408,4866165083603,11.101184,3830,1,0.9999998
perf,inwall-passes-off,2527,6670.735080,-3746.487,8.771418,-1401.373,4000,0.001708984,80,0,0.2571883,11.8071,9.2421,12.3648,4866165194833,12.33408,3831,1,0.9999998
perf,inwall-passes-off,2528,6670.748177,-3746.487,8.771418,-1401.373,4000,0.001708984,80,0,0.1176901,11.5755,10.7593,0,0,12.3648,3832,1,0.9999998
perf,inwall-passes-off,2529,6670.759844,-3746.487,8.771418,-1401.373,4000,0.001708984,80,0,0.05819188,13.0694,9.6063,10.812416,4866165438489,0,3833,1,0.9999998
perf,inwall-passes-off,2530,6670.771787,-3746.487,8.771418,-1401.373,4000,0.001708984,80,0,0.04734596,11.6566,10.3375,12.788736,4866165566119,10.812416,3834,1,0.9999998
perf,inwall-passes-off,2531,6670.784545,-3746.487,8.771418,-1401.373,4000,0.001708984,80,0,0.04219051,11.908,8.939,0,0,12.788736,3835,1,0.9999998
perf,inwall-passes-off,2532,6670.796585,-3746.487,8.771418,-1401.373,4000,0.001708984,80,0,0.03753586,12.7901,9.7552,13.024256,4866165799299,0,3836,1,0.9999998
perf,inwall-passes-off,2533,6670.807875,-3746.487,8.771418,-1401.373,4000,0.001708984,80,0,0.03361951,12.0755,10.8438,0,0,13.024256,3837,1,0.9999998
perf,inwall-passes-off,2534,6670.820053,-3746.487,8.771418,-1401.373,4000,0.001708984,80,0,0.03034545,11.2254,9.7043,10.225664,4866166047343,0,3838,1,0.9999998
perf,inwall-passes-off,2535,6670.832451,-3746.487,8.771418,-1401.373,4000,0.001708984,80,0,0.02714721,12.2024,10.1349,12.100608,4866166166461,10.225664,3839,1,0.9999998
perf,inwall-passes-off,2536,6670.844476,-3746.487,8.771418,-1401.373,4000,0.001708984,80,0,0.02424633,12.3835,10.1061,11.973632,4866166294347,12.100608,3840,1,0.9999998
perf,inwall-passes-off,2537,6670.855776,-3746.487,8.771418,-1401.373,4000,0.001708984,80,0,0.02172037,12.0526,10.0608,11.415552,4866166414505,11.973632,3841,1,0.9999998
perf,inwall-passes-off,2538,6670.867192,-3746.487,8.771418,-1401.373,4000,0.001708984,80,0,0.0196017,11.2473,9.5403,12.593152,4866166527354,11.415552,3842,1,0.9999998
perf,inwall-passes-off,2539,6670.879649,-3746.487,8.771418,-1401.373,4000,0.001708984,80,0,0.01766201,11.4168,10.0601,11.972608,4866166649388,12.593152,3843,1,0.9999998
perf,inwall-passes-off,2540,6670.892082,-3746.487,8.771418,-1401.373,4000,0.001708984,80,0,0.01560156,13.5933,10.3457,11.482112,4866166773165,11.972608,3844,1,0.9999998
perf,inwall-passes-off,2541,6670.903108,-3746.487,8.771418,-1401.373,4000,0.001708984,80,0,0.01403862,11.5642,9.836,0,0,11.482112,3845,1,0.9999998
perf,inwall-passes-off,2542,6670.915919,-3746.487,8.771418,-1401.373,4000,0.001708984,80,0,0.01272539,10.7617,9.5399,11.951104,4866167006265,0,3846,1,0.9999998
perf,inwall-passes-off,2543,6670.927532,-3746.487,8.771418,-1401.373,4000,0.001708984,80,0,0.01130994,12.9223,9.6681,12.520448,4866167120440,11.951104,3847,1,0.9999998
perf,inwall-passes-off,2544,6670.937846,-3746.487,8.771418,-1401.373,4000,0.001708984,80,0,0.01018224,11.5094,10.1697,10.933248,4866167256217,12.520448,3848,1,0.9999998
perf,inwall-passes-off,2545,6670.950608,-3746.487,8.771418,-1401.373,4000,0.001708984,80,0,0.009265172,10.34169,9.5622,0,0,10.933248,3849,1,0.9999998
perf,inwall-passes-off,2546,6670.961730,-3746.487,8.771418,-1401.373,4000,0.001708984,80,0,0.008246649,12.7603,9.1484,11.787264,4866167479616,0,3850,1,0.9999998
perf,inwall-passes-off,2547,6670.972691,-3746.487,8.771418,-1401.373,4000,0.001708984,80,0,0.00745314,11.0849,10.5994,9.734144,4866167608151,11.787264,3851,1,0.9999998
perf,inwall-passes-off,2548,6670.985713,-3746.487,8.771418,-1401.373,4000,0.001708984,80,0,0.006743019,10.9684,9.7952,13.04576,4866167723927,9.734144,3852,1,0.9999998
perf,inwall-passes-off,2549,6670.996841,-3746.487,8.771418,-1401.373,4000,0.001708984,80,0,0.005985692,13.0543,8.6139,11.880448,4866167827024,13.04576,3853,1,0.9999998
perf,inwall-passes-off,2550,6671.008008,-3746.487,8.771418,-1401.373,4000,0.001708984,80,0,0.005408416,11.1127,10.5994,9.857024,4866167954924,11.880448,3854,1,0.9999998
perf,inwall-passes-off,2551,6671.022670,-3746.487,8.771418,-1401.373,4000,0.001708984,80,0,0,11.15149,9.1473,12.635136,4866168065815,9.857024,3855,1,0.9999998
perf,inwall-passes-off,2552,6671.034203,-3746.487,8.771418,-1401.373,4000,0.001708984,80,0,0,14.7083,9.2095,11.67872,4866168175493,12.635136,3856,1,0.9999998
perf,inwall-passes-off,2553,6671.048260,-3746.487,8.771418,-1401.373,4000,0.001708984,80,0,0,12.54979,10.8157,11.092992,4866168305964,11.67872,3857,1,0.9999998
perf,inwall-passes-off,2554,6671.059104,-3746.487,8.771418,-1401.373,4000,0.001708984,80,0,0,13.0579,9.2913,13.489152,4866168417080,11.092992,3858,1,0.9999998
perf,inwall-passes-off,2555,6671.070203,-3746.487,8.771418,-1401.373,4000,0.001708984,80,0,0,10.86281,9.3533,12.762112,4866168528626,13.489152,3859,1,0.9999998
perf,inwall-passes-off,2556,6671.082619,-3746.487,8.771418,-1401.373,4000,0.001708984,80,0,0,11.0089,12.2946,13.646848,4866168675676,12.762112,3860,1,0.9999998
perf,inwall-passes-off,2557,6671.094503,-3746.487,8.771418,-1401.373,4000,0.001708984,80,0,0,12.466,9.7218,10.758144,4866168801217,13.646848,3861,1,0.9999998
perf,inwall-passes-off,2558,6671.105961,-3746.487,8.771418,-1401.373,4000,0.001708984,80,0,0,11.8611,10.7468,0,0,10.758144,3862,1,0.9999998
perf,inwall-passes-off,2559,6671.118779,-3746.487,8.771418,-1401.373,4000,0.001708984,80,0,0,11.4691,8.9681,12.496896,4866169040325,0,3863,1,0.9999998
perf,inwall-passes-off,2560,6671.130893,-3746.487,8.771418,-1401.373,4000,0.001708984,80,0,0,12.8196,9.2908,11.762688,4866169150552,12.496896,3864,1,0.9999998
perf,inwall-passes-off,2561,6671.141690,-3746.487,8.771418,-1401.373,4000,0.001708984,80,0,0,12.1904,10.2465,11.264,4866169275110,11.762688,3865,1,0.9999998
perf,inwall-passes-off,2562,6671.155146,-3746.487,8.771418,-1401.373,4000,0.001708984,80,0,0,10.6875,10.0181,12.48768,4866169393727,11.264,3866,1,0.9999998
perf,inwall-passes-off,2563,6671.167432,-3746.487,8.771418,-1401.373,4000,0.001708984,80,0,0,13.5053,9.6301,12.355584,4866169508157,12.48768,3867,1,0.9999998
perf,inwall-passes-off,2564,6671.179663,-3746.487,8.771418,-1401.373,4000,0.001708984,80,0,0,12.2353,10.6162,10.962944,4866169636663,12.355584,3868,1,0.9999998
perf,inwall-passes-off,2565,6671.191068,-3746.487,8.771418,-1401.373,4000,0.001708984,80,0,0,12.2621,10.0552,12.928,4866169758523,10.962944,3869,1,0.9999998
perf,inwall-passes-off,2566,6671.203592,-3746.487,8.771418,-1401.373,4000,0.001708984,80,0,0,12.6717,8.9409,13.370368,4866169865485,12.928,3870,1,0.9999998
perf,inwall-passes-off,2567,6671.216342,-3746.487,8.771418,-1401.373,4000,0.001708984,80,0,0,11.2309,11.2951,11.585536,4866170000365,13.370368,3871,1,0.9999998
perf,inwall-passes-off,2568,6671.228116,-3746.487,8.771418,-1401.373,4000,0.001708984,80,0,0,12.78,10.2868,11.081728,4866170122861,11.585536,3872,1,0.9999998
perf,inwall-passes-off,2569,6671.239011,-3746.487,8.771418,-1401.373,4000,0.001708984,80,0,0,11.7778,10.0364,12.515328,4866170245490,11.081728,3873,1,0.9999998
perf,inwall-passes-off,2570,6671.251816,-3746.487,8.771418,-1401.373,4000,0.001708984,80,0,0,10.9513,9.5778,12.83072,4866170371681,12.515328,3874,1,0.9999998
perf,inwall-passes-off,2571,6671.262886,-3746.487,8.771418,-1401.373,4000,0.001708984,80,0,0,12.7561,9.4915,11.73504,4866170484496,12.83072,3875,1,0.9999998
perf,inwall-passes-off,2572,6671.274651,-3746.487,8.771418,-1401.373,4000,0.001708984,80,0,0,11.0238,10.6172,10.5472,4866170612310,11.73504,3876,1,0.9999998
perf,inwall-passes-off,2573,6671.287708,-3746.487,8.771418,-1401.373,4000,0.001708984,80,0,0,11.7606,9.7974,0,0,10.5472,3877,1,0.9999998
perf,inwall-passes-off,2574,6671.298919,-3746.487,8.771418,-1401.373,4000,0.001708984,80,0,0,13.1002,8.9196,10.976256,4866170838736,0,3878,1,0.9999998
perf,inwall-passes-off,2575,6671.311803,-3746.487,8.771418,-1401.373,4000,0.001708984,80,0,0,11.1674,10.6747,11.957248,4866170967089,10.976256,3879,1,0.9999998
perf,inwall-passes-off,2576,6671.322746,-3746.487,8.771418,-1401.373,4000,0.001708984,80,0,0,12.9712,9.2631,12.177408,4866171077410,11.957248,3880,1,0.9999998
perf,inwall-passes-off,2577,6671.334236,-3746.487,8.771418,-1401.373,4000,0.001708984,80,0,0,10.8683,10.0185,11.94496,4866171195044,12.177408,3881,1,0.9999998
perf,inwall-passes-off,2578,6671.347334,-3746.487,8.771418,-1401.373,4000,0.001708984,80,0,0,11.5319,10.8068,12.535808,4866171325961,11.94496,3882,1,0.9999998
perf,inwall-passes-off,2579,6671.359489,-3746.487,8.771418,-1401.373,4000,0.001708984,80,0,0,14.1941,9.3664,10.933248,4866171437714,12.535808,3883,1,0.9999998
perf,inwall-passes-off,2580,6671.370765,-3746.487,8.771418,-1401.373,4000,0.001708984,80,0,0,11.0264,10.5887,11.364352,4866171566904,10.933248,3884,1,0.9999998
perf,inwall-passes-off,2581,6671.382856,-3746.487,8.771418,-1401.373,4000,0.001708984,80,0,0,11.2547,9.0479,13.357056,4866171676099,11.364352,3885,1,0.9999998
perf,inwall-passes-off,2582,6671.395075,-3746.487,8.771418,-1401.373,4000,0.001708984,80,0,0,12.1465,9.4676,11.657216,4866171791260,13.357056,3886,1,0.9999998
perf,inwall-passes-off,2583,6671.406155,-3746.487,8.771418,-1401.373,4000,0.001708984,80,0,0,12.1775,10.9001,12.471296,4866171933159,11.657216,3887,1,0.9999998
perf,inwall-passes-off,2584,6671.418246,-3746.487,8.771418,-1401.373,4000,0.001708984,80,0,0,11.0703,9.0981,11.3664,4866172043543,12.471296,3888,1,0.9999998
perf,inwall-passes-off,2585,6671.429754,-3746.487,8.771418,-1401.373,4000,0.001708984,80,0,0,12.1269,9.4968,11.7248,4866172156184,11.3664,3889,1,0.9999998
perf,inwall-passes-off,2586,6671.440260,-3746.487,8.771418,-1401.373,4000,0.001708984,80,0,0,11.4732,9.9052,11.322368,4866172277584,11.7248,3890,1,0.9999998
perf,inwall-passes-off,2587,6671.452971,-3746.487,8.771418,-1401.373,4000,0.001708984,80,0,0,10.5003,10.0877,12.135424,4866172399303,11.322368,3891,1,0.9999998
perf,inwall-passes-off,2588,6671.464444,-3746.487,8.771418,-1401.373,4000,0.001708984,80,0,0,12.8156,9.3735,11.282432,4866172510111,12.135424,3892,1,0.9999998
perf,inwall-passes-off,2589,6671.474497,-3746.487,8.771418,-1401.373,4000,0.001708984,80,0,0,11.3743,9.9077,10.800128,4866172631321,11.282432,3893,1,0.9999998
perf,inwall-passes-off,2590,6671.487475,-3746.487,8.771418,-1401.373,4000,0.001708984,80,0,0,10.049,9.7295,0,0,10.800128,3894,1,0.9999998
perf,inwall-passes-off,2591,6671.498614,-3746.487,8.771418,-1401.373,4000,0.001708984,80,0,0,13.0121,8.7537,12.089344,4866172851123,0,3895,1,0.9999998
perf,inwall-passes-off,2592,6671.512552,-3746.487,8.771418,-1401.373,4000,0.001708984,80,0,0,12.1826,10.5666,9.976832,4866172978605,12.089344,3896,1,0.9999998
perf,inwall-passes-off,2593,6671.524351,-3746.487,8.771418,-1401.373,4000,0.001708984,80,0,0,12.9057,9.6839,12.348416,4866173093010,9.976832,3897,1,0.9999998
perf,inwall-passes-off,2594,6671.536203,-3746.487,8.771418,-1401.373,4000,0.001708984,80,0,0,11.796,8.3512,11.72992,4866173193488,12.348416,3898,1,0.9999998
perf,inwall-passes-off,2595,6671.549146,-3746.487,8.771418,-1401.373,4000,0.001708984,80,0,0,11.82559,10.836,13.524992,4866173323582,11.72992,3899,1,0.9999998
perf,inwall-passes-off,2596,6671.560306,-3746.487,8.771418,-1401.373,4000,0.001708984,80,0,0,12.9679,9.3478,11.556864,4866173445391,13.524992,3900,1,0.9999998
perf,inwall-passes-off,2597,6671.571573,-3746.487,8.771418,-1401.373,4000,0.001708984,80,0.8,0,11.1545,10.4508,11.899904,4866173574443,11.556864,3901,1,0.9999998
perf,inwall-passes-off,2598,6671.584303,-3746.487,8.771418,-1401.373,4000,0.001708984,80,0.72079,0,11.2274,9.8502,0,0,11.899904,3902,1,0.9999998
perf,inwall-passes-off,2599,6671.595835,-3746.487,8.771418,-1401.373,4000,0.001708984,80,0.6399671,0,12.8046,10.1102,10.587136,4866173810621,0,3903,1,0.9999998
perf,inwall-passes-off,2600,6671.607123,-3746.487,8.771418,-1401.373,4000,0.001708984,80,0.5753576,0,11.4627,10.7783,12.47232,4866173940348,10.587136,3904,1,0.9999998
perf,inwall-passes-off,2601,6671.619558,-3746.487,8.771418,-1401.373,4000,0.001708984,80,0.5178577,0,11.3349,9.3312,11.38176,4866174051629,12.47232,3905,1,0.9999998
perf,inwall-passes-off,2602,6671.632492,-3746.487,8.771418,-1401.373,4000,0.001708984,80,0.4613246,0,12.446,9.5322,11.957248,4866174164242,11.38176,3906,1,0.9999998
perf,inwall-passes-off,2603,6671.646058,-3746.487,8.771418,-1401.373,4000,0.001708984,80,0.4092737,0,12.9149,10.2872,11.398144,4866174291996,11.957248,3907,1,0.9999998
perf,inwall-passes-off,2604,6671.658536,-3746.487,8.771418,-1401.373,4000,0.001708984,80,0.3641118,0,13.5771,9.7549,11.644928,4866174406905,11.398144,3908,1,0.9999998
perf,inwall-passes-off,2605,6671.671862,-3746.487,8.771418,-1401.373,4000,0.001708984,80,0.3694397,0,13.8253,9.4608,13.167616,4866174520242,11.644928,3909,1,0.9999998
perf,inwall-passes-off,2606,6671.684921,-3746.487,8.771418,-1401.373,4000,0.001708984,80,0.5248513,0,11.9593,10.1313,0,0,13.167616,3910,1,0.9999998
perf,inwall-passes-off,2607,6671.696505,-3746.487,8.771418,-1401.373,4000,0.001708984,80,0.7810632,0,13.1293,10.8246,12.099584,4866174773735,0,3911,1,0.9999998
perf,inwall-passes-off,2608,6671.707542,-3746.487,8.771418,-1401.373,4000,0.001708984,80,0.7172006,0,11.4843,10.8983,13.696,4866174909536,12.099584,3912,1,0.9999998
perf,inwall-passes-off,2609,6671.719736,-3746.487,8.771418,-1401.373,4000,0.001708984,80,0.4372031,0,11.036,10.3775,12.985344,4866175046644,13.696,3913,1,0.9999998
perf,inwall-passes-off,2610,6671.731833,-3746.487,8.771418,-1401.373,4000,0.001708984,80,0.2290154,0,12.264,10.1994,12.06784,4866175167416,12.985344,3914,1,0.9999998
perf,inwall-passes-off,2611,6671.744083,-3746.487,8.771418,-1401.373,4000,0.001708984,80,0.1669752,0,12.0967,10.7006,11.0336,4866175298058,12.06784,3915,1,0.9999998
perf,inwall-passes-off,2612,6671.755792,-3746.487,8.771418,-1401.373,4000,0.001708984,80,0.1453231,0,12.2284,9.8275,11.37664,4866175413617,11.0336,3916,1,0.9999998
perf,inwall-passes-off,2613,6671.767623,-3746.487,8.771418,-1401.373,4000,0.001708984,80,0.1302432,0,11.6662,9.3189,12.145664,4866175523983,11.37664,3917,1,0.9999998
perf,inwall-passes-off,2614,6671.779901,-3746.487,8.771418,-1401.373,4000,0.001708984,80,0.1167753,0,11.82621,9.9797,12.475392,4866175646294,12.145664,3918,1,0.9999998
perf,inwall-passes-off,2615,6671.794121,-3746.487,8.771418,-1401.373,4000,0.001708984,80,0.1066766,0,12.3211,10.1642,11.578368,4866175767513,12.475392,3919,1,0.9999998
perf,inwall-passes-off,2616,6671.805508,-3746.487,8.771418,-1401.373,4000,0.001708984,80,0.1338432,0,14.197,9.8863,11.769856,4866175889767,11.578368,3920,1,0.9999998
perf,inwall-passes-off,2617,6671.817442,-3746.487,8.771418,-1401.373,4000,0.001708984,80,0.2443606,0,11.3679,9.8344,13.464576,4866176006483,11.769856,3921,1,0.9999998
perf,inwall-passes-off,2618,6671.830326,-3746.487,8.771418,-1401.373,4000,0.001708984,80,0.3526805,0,13.0347,10.0133,13.104128,4866176124772,13.464576,3922,1,0.9999998
perf,inwall-passes-off,2619,6671.841079,-3746.487,8.771418,-1401.373,4000,0.001708984,80,0.2497676,0,11.8018,10.0033,11.288576,4866176247929,13.104128,3923,1,0.9999998
