kind,label,frame,time,cameraX,cameraY,cameraZ,R,signedDistance,FOV,Primary,Secondary,frameMs,cpuMs,gpuMs,gpuTimestamp,gpuCounterMs,profileFrame
image,final2-far-qhd,301,5864.803622,-689.8416,18,-221.4395,4000,-3275.489,80,0,0.8,9.129903,0,0,0,0,-1
image,final2-inwall-baseline-markers,352,5865.713228,-3746.487,8.773813,-1401.373,4000,0.001708984,80,0,0,11.3445,0,0,0,0,-1
image,final2-inwall-on-markers,400,5867.141478,-3746.487,8.773813,-1401.373,4000,0.001708984,80,0,0,25.8543,0,0,0,0,-1
image,final2-inwall-deck,451,5868.498925,-3746.487,8.773813,-1401.373,4000,0.001708984,80,0,0,20.9345,0,0,0,0,-1
image,final2-outside-away,502,5869.560716,-4027.369,8.773813,-1506.757,4000,300.002,80,0.005446839,0,15.0486,0,0,0,0,-1
image,final2-outside-lookback,553,5870.518799,-3818.815,8.773813,-1422.102,4000,75.01221,80,0,0.4852059,13.3032,0,0,0,0,-1
image,final2-motion-00,559,5870.912250,-3732.646,8.773813,-1396.18,4000,-14.78149,80,0,0.164116,16.0448,0,0,0,0,-1
image,final2-motion-01,562,5871.262190,-3735.923,8.773813,-1397.41,4000,-11.28174,80,0,0,13.7288,0,0,0,0,-1
image,final2-motion-02,565,5871.605204,-3739.134,8.773813,-1398.614,4000,-7.852051,80,0,0,13.612,0,0,0,0,-1
image,final2-motion-03,568,5871.939552,-3742.265,8.773813,-1399.789,4000,-4.507813,80,0,0,12.7869,0,0,0,0,-1
image,final2-motion-04,571,5872.264009,-3745.3,8.773813,-1400.928,4000,-1.266846,80,0,0,12.282,0,0,0,0,-1
image,final2-motion-05,574,5872.568012,-3748.148,8.773813,-1401.997,4000,1.775879,80,0,0,14.2224,0,0,0,0,-1
image,final2-motion-06,578,5872.896017,-3751.219,8.773813,-1403.149,4000,5.055908,80,0.5443094,0,16.76319,0,0,0,0,-1
image,final2-motion-07,582,5873.188224,-3753.955,8.773813,-1404.175,4000,7.978027,80,0.05189592,0,12.542,0,0,0,0,-1
image,final2-motion-08,586,5873.474660,-3756.638,8.773813,-1405.182,4000,10.84351,80,0.005897651,0,11.2491,0,0,0,0,-1
image,final2-motion-09,589,5873.754556,-3759.258,8.773813,-1406.165,4000,13.64209,80,0,0,11.8838,0,0,0,0,-1
perf,all-on,716,5875.580215,-689.8416,18,-221.4395,4000,-3275.489,80,0.7274148,0,11.2364,8.2742,10.261504,4858213682499,12.038144,1239
perf,all-on,717,5875.590571,-689.8416,18,-221.4395,4000,-3275.489,80,0.7857824,0,12.455,8.1667,10.789888,4858213791919,10.261504,1240
perf,all-on,718,5875.601007,-689.8416,18,-221.4395,4000,-3275.489,80,0.6124026,0,10.2585,7.0635,12.19584,4858213905488,10.789888,1241
perf,all-on,719,5875.612186,-689.8416,18,-221.4395,4000,-3275.489,80,0.3835861,0,10.4165,8.8608,11.132928,4858214014766,12.19584,1242
perf,all-on,720,5875.623505,-689.8416,18,-221.4395,4000,-3275.489,80,0.2325553,0,11.178,8.143,10.747904,4858214127079,11.132928,1243
perf,all-on,721,5875.634187,-689.8416,18,-221.4395,4000,-3275.489,80,0.1748154,0,11.3251,6.9923,11.333632,4858214251577,10.747904,1244
perf,all-on,722,5875.644763,-689.8416,18,-221.4395,4000,-3275.489,80,0.1525907,0,11.7303,8.5084,10.994688,4858214354238,11.333632,1245
perf,all-on,723,5875.655538,-689.8416,18,-221.4395,4000,-3275.489,80,0.1408435,0,9.520996,7.2395,10.601472,4858214458470,10.994688,1246
perf,all-on,724,5875.666837,-689.8416,18,-221.4395,4000,-3275.489,80,0.1291844,0,10.7778,7.6309,10.958848,4858214570263,10.601472,1247
perf,all-on,725,5875.677320,-689.8416,18,-221.4395,4000,-3275.489,80,0.118037,0,11.3692,9.1757,10.561536,4858214683487,10.958848,1248
perf,all-on,726,5875.688068,-689.8416,18,-221.4395,4000,-3275.489,80,0.1093905,0,10.4106,7.3366,10.955776,4858214800763,10.561536,1249
perf,all-on,727,5875.699713,-689.8416,18,-221.4395,4000,-3275.489,80,0.1071533,0,10.7471,7.2671,10.958848,4858214896023,10.955776,1250
perf,all-on,728,5875.709909,-689.8416,18,-221.4395,4000,-3275.489,80,0.1367059,0,11.6574,6.5956,10.426368,4858215003790,10.958848,1251
perf,all-on,729,5875.720807,-689.8416,18,-221.4395,4000,-3275.489,80,0.2179784,0,10.1832,8.4095,11.040768,4858215117359,10.426368,1252
perf,all-on,730,5875.732760,-689.8416,18,-221.4395,4000,-3275.489,80,0.3269226,0,10.9009,6.5821,11.00288,4858215221603,11.040768,1253
perf,all-on,731,5875.744217,-689.8416,18,-221.4395,4000,-3275.489,80,0.334462,0,11.9649,7.4865,10.515456,4858215329062,11.00288,1254
perf,all-on,732,5875.756084,-689.8416,18,-221.4395,4000,-3275.489,80,0.2149167,0,11.4443,7.7098,11.201536,4858215445585,10.515456,1255
perf,all-on,733,5875.766757,-689.8416,18,-221.4395,4000,-3275.489,80,0.1028472,0,11.8664,7.3476,12.064768,4858215547484,11.201536,1256
perf,all-on,734,5875.777482,-689.8416,18,-221.4395,4000,-3275.489,80,0.06187309,0,10.679,6.6146,11.790336,4858215656493,12.064768,1257
perf,all-on,735,5875.788363,-689.8416,18,-221.4395,4000,-3275.489,80,0.04982182,0,10.7175,8.3362,10.553344,4858215776082,11.790336,1258
perf,all-on,736,5875.799769,-689.8416,18,-221.4395,4000,-3275.489,80,0.04444848,0,11.9342,6.7063,11.144192,4858215890577,10.553344,1259
perf,all-on,737,5875.810728,-689.8416,18,-221.4395,4000,-3275.489,80,0.04086937,0,10.3961,7.3065,10.416128,4858216009243,11.144192,1260
perf,all-on,738,5875.820925,-689.8416,18,-221.4395,4000,-3275.489,80,0.03745769,0,10.9214,8.687,10.821632,4858216115999,10.416128,1261
perf,all-on,739,5875.832331,-689.8416,18,-221.4395,4000,-3275.489,80,0.03453302,0,10.1911,6.6168,11.46368,4858216223207,10.821632,1262
perf,all-on,740,5875.843004,-689.8416,18,-221.4395,4000,-3275.489,80,0.03152439,0,11.4277,7.8483,10.433536,4858216342516,11.46368,1263
perf,all-on,741,5875.853606,-689.8416,18,-221.4395,4000,-3275.489,80,0.02895532,0,10.6566,8.1262,11.020288,4858216446270,10.433536,1264
perf,all-on,742,5875.865013,-689.8416,18,-221.4395,4000,-3275.489,80,0.02660656,0,10.6037,7.5318,10.913792,4858216555692,11.020288,1265
perf,all-on,743,5875.875957,-689.8416,18,-221.4395,4000,-3275.489,80,0.02429072,0,11.4153,6.8959,10.369024,4858216657642,10.913792,1266
perf,all-on,744,5875.887230,-689.8416,18,-221.4395,4000,-3275.489,80,0.022263,0,10.9274,8.1187,11.311104,4858216771808,10.369024,1267
perf,all-on,745,5875.898992,-689.8416,18,-221.4395,4000,-3275.489,80,0.02034628,0,11.2855,6.7083,11.25888,4858216878461,11.311104,1268
perf,all-on,746,5875.909615,-689.8416,18,-221.4395,4000,-3275.489,80,0.01851805,0,11.804,7.4838,10.541056,4858216984488,11.25888,1269
perf,all-on,747,5875.920299,-689.8416,18,-221.4395,4000,-3275.489,80,0.01702007,0,10.5741,7.9034,11.341824,4858217098612,10.541056,1270
perf,all-on,748,5875.931566,-689.8416,18,-221.4395,4000,-3275.489,80,0.01563017,0,10.6798,7.1982,11.38176,4858217207949,11.341824,1271
perf,all-on,749,5875.943182,-689.8416,18,-221.4395,4000,-3275.489,80,0.01428427,0,11.2876,7.6341,10.549248,4858217320751,11.38176,1272
perf,all-on,750,5875.954318,-689.8416,18,-221.4395,4000,-3275.489,80,0.01291165,0,12.6649,7.7846,11.379712,4858217438619,10.549248,1273
perf,all-on,751,5875.966889,-689.8416,18,-221.4395,4000,-3275.489,80,0.01191096,0,10.112,7.4183,11.30496,4858217544569,11.379712,1274
perf,all-on,752,5875.977411,-689.8416,18,-221.4395,4000,-3275.489,80,0.01077738,0,12.5378,7.5969,10.509312,4858217651380,11.30496,1275
perf,all-on,753,5875.988182,-689.8416,18,-221.4395,4000,-3275.489,80,0.009910689,0,10.50911,8.4931,13.0816,4858217764208,10.509312,1276
perf,all-on,754,5875.999212,-689.8416,18,-221.4395,4000,-3275.489,80,0.009094576,0,10.7726,6.9254,11.045888,4858217890801,13.0816,1277
perf,all-on,755,5876.010118,-689.8416,18,-221.4395,4000,-3275.489,80,0.008327907,0,11.0392,8.3866,10.568704,4858217991615,11.045888,1278
perf,all-on,756,5876.020796,-689.8416,18,-221.4395,4000,-3275.489,80,0.007634465,0,10.8982,8.1137,10.851328,4858218117355,10.568704,1279
perf,all-on,757,5876.032597,-689.8416,18,-221.4395,4000,-3275.489,80,0.00701123,0,10.6752,7.2828,11.154432,4858218222492,10.851328,1280
perf,all-on,758,5876.043411,-689.8416,18,-221.4395,4000,-3275.489,80,0.006380261,0,11.8216,7.3445,10.512384,4858218330210,11.154432,1281
perf,all-on,759,5876.054010,-689.8416,18,-221.4395,4000,-3275.489,80,0.005853623,0,10.7997,7.7936,11.189248,4858218440568,10.512384,1282
perf,all-on,760,5876.065101,-689.8416,18,-221.4395,4000,-3275.489,80,0,0,10.5977,7.2354,11.128832,4858218549592,11.189248,1283
perf,all-on,761,5876.076240,-689.8416,18,-221.4395,4000,-3275.489,80,0,0,11.1122,7.3645,10.365952,4858218656341,11.128832,1284
perf,all-on,762,5876.086532,-689.8416,18,-221.4395,4000,-3275.489,80,0,0,11.1146,8.2889,11.237376,4858218774453,10.365952,1285
perf,all-on,763,5876.097738,-689.8416,18,-221.4395,4000,-3275.489,80,0,0,10.289,6.777,11.122688,4858218882530,11.237376,1286
perf,all-on,764,5876.109067,-689.8416,18,-221.4395,4000,-3275.489,80,0,0,12.2996,7.5121,10.379264,4858218988513,11.122688,1287
perf,all-on,765,5876.119940,-689.8416,18,-221.4395,4000,-3275.489,80,0,0,10.2702,7.6817,11.230208,4858219099584,10.379264,1288
perf,all-on,766,5876.131303,-689.8416,18,-221.4395,4000,-3275.489,80,0,0,10.8409,7.4136,11.316224,4858219210784,11.230208,1289
perf,all-on,767,5876.142757,-689.8416,18,-221.4395,4000,-3275.489,80,0,0,11.3731,7.4151,10.585088,4858219313688,11.316224,1290
perf,all-on,768,5876.153414,-689.8416,18,-221.4395,4000,-3275.489,80,0,0,11.54079,7.7535,11.392,4858219436508,10.585088,1291
perf,all-on,769,5876.164189,-689.8416,18,-221.4395,4000,-3275.489,80,0,0,10.5612,7.5603,11.312128,4858219539077,11.392,1292
perf,all-on,770,5876.176445,-689.8416,18,-221.4395,4000,-3275.489,80,0,0,10.7939,6.7192,10.59328,4858219647797,11.312128,1293
perf,all-on,771,5876.187454,-689.8416,18,-221.4395,4000,-3275.489,80,0,0,12.2356,9.6081,10.686464,4858219761480,10.59328,1294
perf,all-on,772,5876.198756,-689.8416,18,-221.4395,4000,-3275.489,80,0,0,11.0474,6.743,12.427264,4858219876025,10.686464,1295
perf,all-on,773,5876.209510,-689.8416,18,-221.4395,4000,-3275.489,80,0,0,11.2844,7.4912,10.71104,4858219982537,12.427264,1296
perf,all-on,774,5876.220358,-689.8416,18,-221.4395,4000,-3275.489,80,0,0,10.7311,7.606,11.53024,4858220090366,10.71104,1297
perf,all-on,775,5876.231639,-689.8416,18,-221.4395,4000,-3275.489,80,0,0,10.8501,7.4849,10.980352,4858220212848,11.53024,1298
perf,all-on,776,5876.242692,-689.8416,18,-221.4395,4000,-3275.489,80,0,0,11.3011,7.4033,10.436608,4858220322919,10.980352,1299
perf,all-on,777,5876.253429,-689.8416,18,-221.4395,4000,-3275.489,80,0,0,11.0316,7.7569,11.218944,4858220436052,10.436608,1300
perf,all-on,778,5876.264753,-689.8416,18,-221.4395,4000,-3275.489,80,0,0,11.8087,7.3448,11.075584,4858220543482,11.218944,1301
perf,all-on,779,5876.275556,-689.8416,18,-221.4395,4000,-3275.489,80,0,0,10.259,6.7516,10.597376,4858220651971,11.075584,1302
perf,all-on,780,5876.286300,-689.8416,18,-221.4395,4000,-3275.489,80,0,0,10.8055,9.1375,11.117568,4858220764904,10.597376,1303
perf,all-on,781,5876.297522,-689.8416,18,-221.4395,4000,-3275.489,80,0,0,10.7386,6.6764,11.327488,4858220875302,11.117568,1304
perf,all-on,782,5876.308998,-689.8416,18,-221.4395,4000,-3275.489,80,0,0,11.28401,7.2753,10.42944,4858220993344,11.327488,1305
perf,all-on,783,5876.319379,-689.8416,18,-221.4395,4000,-3275.489,80,0,0,11.4152,8.0313,11.281408,4858221095952,10.42944,1306
perf,all-on,784,5876.330373,-689.8416,18,-221.4395,4000,-3275.489,80,0,0,10.3753,7.5233,11.440128,4858221204001,11.281408,1307
perf,all-on,785,5876.341900,-689.8416,18,-221.4395,4000,-3275.489,80,0,0,11.0184,7.4939,10.483712,4858221311415,11.440128,1308
perf,all-on,786,5876.352901,-689.8416,18,-221.4395,4000,-3275.489,80,0,0,11.5059,7.6454,10.906624,4858221423710,10.483712,1309
perf,all-on,787,5876.364252,-689.8416,18,-221.4395,4000,-3275.489,80,0,0,11.0346,7.6219,11.451392,4858221538392,10.906624,1310
perf,all-on,788,5876.375719,-689.8416,18,-221.4395,4000,-3275.489,80,0,0,11.3277,6.6201,10.418176,4858221642169,11.451392,1311
perf,all-on,789,5876.387371,-689.8416,18,-221.4395,4000,-3275.489,80,0,0,11.4583,8.202199,11.431936,4858221752257,10.418176,1312
perf,all-on,790,5876.399041,-689.8416,18,-221.4395,4000,-3275.489,80,0,0,11.6492,6.8356,11.323392,4858221867410,11.431936,1313
perf,all-on,791,5876.410028,-689.8416,18,-221.4395,4000,-3275.489,80,0,0,11.6911,7.4335,12.073984,4858221977470,11.323392,1314
perf,all-on,792,5876.420523,-689.8416,18,-221.4395,4000,-3275.489,80,0,0,12.0083,8.030699,11.219968,4858222090973,12.073984,1315
perf,all-on,793,5876.432257,-689.8416,18,-221.4395,4000,-3275.489,80,0,0,9.452998,7.8911,11.170816,4858222205592,11.219968,1316
perf,all-on,794,5876.442838,-689.8416,18,-221.4395,4000,-3275.489,80,0,0,11.754,7.3054,10.518528,4858222322114,11.170816,1317
perf,all-on,795,5876.453685,-689.8416,18,-221.4395,4000,-3275.489,80,0,0,10.58401,7.7763,11.425792,4858222438920,10.518528,1318
perf,all-on,796,5876.465215,-689.8416,18,-221.4395,4000,-3275.489,80,0,0,10.8259,7.2988,11.094016,4858222559077,11.425792,1319
perf,all-on,797,5876.476043,-689.8416,18,-221.4395,4000,-3275.489,80,0,0,11.6146,6.8724,10.551296,4858222653620,11.094016,1320
perf,all-on,798,5876.486587,-689.8416,18,-221.4395,4000,-3275.489,80,0,0,10.7437,8.4214,11.23328,4858222771078,10.551296,1321
perf,all-on,799,5876.497981,-689.8416,18,-221.4395,4000,-3275.489,80,0,0,10.539,7.2185,11.02848,4858222876761,11.23328,1322
perf,all-on,800,5876.509195,-689.8416,18,-221.4395,4000,-3275.489,80,0,0,11.4367,7.6527,10.566656,4858222985257,11.02848,1323
perf,all-on,801,5876.520112,-689.8416,18,-221.4395,4000,-3275.489,80,0,0,11.1914,7.7311,11.288576,4858223100639,10.566656,1324
perf,all-on,802,5876.531737,-689.8416,18,-221.4395,4000,-3275.489,80,0,0,10.8999,7.5937,11.40224,4858223208844,11.288576,1325
perf,all-on,803,5876.542874,-689.8416,18,-221.4395,4000,-3275.489,80,0,0,11.644,7.3035,10.626048,4858223314245,11.40224,1326
perf,all-on,804,5876.553612,-689.8416,18,-221.4395,4000,-3275.489,80,0,0.8,11.1193,7.6576,11.492352,4858223428468,10.626048,1327
perf,all-on,805,5876.565183,-689.8416,18,-221.4395,4000,-3275.489,80,0,0.7414393,10.7416,7.9409,11.169792,4858223540342,11.492352,1328
perf,all-on,806,5876.576359,-689.8416,18,-221.4395,4000,-3275.489,80,0,0.6779341,12.6525,6.6638,10.667008,4858223649525,11.169792,1329
perf,all-on,807,5876.587980,-689.8416,18,-221.4395,4000,-3275.489,80,0,0.6309858,10.1423,8.2956,11.312128,4858223765893,10.667008,1330
perf,all-on,808,5876.599563,-689.8416,18,-221.4395,4000,-3275.489,80,0,0.5813971,11.5657,7.2469,11.401216,4858223877136,11.312128,1331
perf,all-on,809,5876.610031,-689.8416,18,-221.4395,4000,-3275.489,80,0,0.535597,11.5956,8.1812,11.500544,4858223984546,11.401216,1332
perf,all-on,810,5876.620194,-689.8416,18,-221.4395,4000,-3275.489,80,0,0.4973767,10.4613,7.9008,11.022336,4858224110905,11.500544,1333
perf,all-on,811,5876.631091,-689.8416,18,-221.4395,4000,-3275.489,80,0,0.4627083,10.2091,7.6879,11.121664,4858224212483,11.022336,1334
perf,all-on,812,5876.641766,-689.8416,18,-221.4395,4000,-3275.489,80,0,0.4285126,10.8561,7.3551,10.033152,4858224328181,11.121664,1335
perf,all-on,813,5876.652113,-689.8416,18,-221.4395,4000,-3275.489,80,0,0.3975628,10.6647,8.035299,10.776576,4858224444063,10.033152,1336
perf,all-on,814,5876.662574,-689.8416,18,-221.4395,4000,-3275.489,80,0,0.3711217,10.3513,7.5311,10.840064,4858224548730,10.776576,1337
perf,all-on,815,5876.674038,-689.8416,18,-221.4395,4000,-3275.489,80,0,0.3541871,10.4801,6.6192,10.123264,4858224650322,10.840064,1338
perf,all-on,816,5876.684839,-689.8416,18,-221.4395,4000,-3275.489,80,0,0.3714442,11.4478,8.5978,10.658816,4858224759355,10.123264,1339
perf,all-on,817,5876.695556,-689.8416,18,-221.4395,4000,-3275.489,80,0,0.462187,10.8014,7.7247,10.943488,4858224866036,10.658816,1340
perf,all-on,818,5876.706695,-689.8416,18,-221.4395,4000,-3275.489,80,0,0.6292506,10.70789,7.2928,10.642432,4858224969550,10.943488,1341
perf,all-on,819,5876.717320,-689.8416,18,-221.4395,4000,-3275.489,80,0,0.7825971,11.14,7.8718,10.909696,4858225074310,10.642432,1342
perf,all-on,820,5876.728284,-689.8416,18,-221.4395,4000,-3275.489,80,0,0.7608487,11.6934,7.8642,11.296768,4858225188827,10.909696,1343
perf,all-on,821,5876.738629,-689.8416,18,-221.4395,4000,-3275.489,80,0,0.5930427,9.899901,6.8322,10.38336,4858225296819,11.296768,1344
perf,all-on,822,5876.749998,-689.8416,18,-221.4395,4000,-3275.489,80,0,0.3910845,10.3394,8.3049,10.647552,4858225403926,10.38336,1345
perf,all-on,823,5876.760710,-689.8416,18,-221.4395,4000,-3275.489,80,0,0.2435882,11.6441,7.9773,10.30656,4858225515324,10.647552,1346
perf,all-on,824,5876.772052,-689.8416,18,-221.4395,4000,-3275.489,80,0,0.1856678,10.4432,6.7444,11.298816,4858225632180,10.30656,1347
perf,all-on,825,5876.783191,-689.8416,18,-221.4395,4000,-3275.489,80,0,0.1600894,11.3779,8.3248,11.285504,4858225731254,11.298816,1348
perf,all-on,826,5876.795391,-689.8416,18,-221.4395,4000,-3275.489,80,0,0.1462584,11.1123,7.1944,10.991616,4858225834653,11.285504,1349
perf,all-on,827,5876.806774,-689.8416,18,-221.4395,4000,-3275.489,80,0,0.1339827,12.192,7.5774,10.925056,4858225951022,10.991616,1350
perf,all-on,828,5876.817706,-689.8416,18,-221.4395,4000,-3275.489,80,0,0.1236165,11.3786,7.7408,12.289024,4858226055514,10.925056,1351
perf,all-on,829,5876.828492,-689.8416,18,-221.4395,4000,-3275.489,80,0,0.1145516,10.9494,7.9401,11.435008,4858226168908,12.289024,1352
perf,all-on,830,5876.839543,-689.8416,18,-221.4395,4000,-3275.489,80,0,0.1075933,10.7725,6.806,10.582016,4858226280399,11.435008,1353
perf,all-on,831,5876.850496,-689.8416,18,-221.4395,4000,-3275.489,80,0,0.108849,11.0459,8.2111,11.106304,4858226402332,10.582016,1354
perf,all-on,832,5876.861393,-689.8416,18,-221.4395,4000,-3275.489,80,0,0.137604,10.9992,7.8239,11.200512,4858226516135,11.106304,1355
perf,all-on,833,5876.872178,-689.8416,18,-221.4395,4000,-3275.489,80,0,0.2140262,10.8536,6.9989,10.65472,4858226625577,11.200512,1356
perf,all-on,834,5876.883270,-689.8416,18,-221.4395,4000,-3275.489,80,0,0.3218733,11.9822,8.496,10.97728,4858226733343,10.65472,1357
perf,all-on,835,5876.894526,-689.8416,18,-221.4395,4000,-3275.489,80,0,0.3510749,9.933099,6.8092,10.539008,4858226843828,10.97728,1358
perf,all-on,836,5876.905189,-689.8416,18,-221.4395,4000,-3275.489,80,0,0.2775759,11.2214,7.9168,10.722304,4858226953473,10.539008,1359
perf,all-on,837,5876.916349,-689.8416,18,-221.4395,4000,-3275.489,80,0,0.1679722,10.6573,7.8936,11.36128,4858227062334,10.722304,1360
perf,all-on,838,5876.926530,-689.8416,18,-221.4395,4000,-3275.489,80,0,0.09027755,11.1814,8.2123,10.648576,4858227181776,11.36128,1361
perf,all-on,839,5876.936796,-689.8416,18,-221.4395,4000,-3275.489,80,0,0.06082417,10.1656,7.0571,11.11552,4858227281302,10.648576,1362
perf,all-on,840,5876.947478,-689.8416,18,-221.4395,4000,-3275.489,80,0,0.05050513,10.2626,9.0878,10.568704,4858227393686,11.11552,1363
perf,all-on,841,5876.957738,-689.8416,18,-221.4395,4000,-3275.489,80,0,0.04579009,10.6825,6.8385,10.098688,4858227500274,10.568704,1364
perf,all-on,842,5876.968324,-689.8416,18,-221.4395,4000,-3275.489,80,0,0.04245441,10.3357,7.5212,10.683392,4858227611971,10.098688,1365
perf,all-on,843,5876.978718,-689.8416,18,-221.4395,4000,-3275.489,80,0,0.03940105,10.5197,8.3748,10.353664,4858227713712,10.683392,1366
perf,all-on,844,5876.989331,-689.8416,18,-221.4395,4000,-3275.489,80,0,0.03660976,10.3812,7.0159,10.031104,4858227816377,10.353664,1367
perf,all-on,845,5877.001561,-689.8416,18,-221.4395,4000,-3275.489,80,0,0.03396058,10.614,7.3027,10.761216,4858227923201,10.031104,1368
perf,all-on,846,5877.011628,-689.8416,18,-221.4395,4000,-3275.489,80,0,0.03113323,12.2837,7.8675,10.068992,4858228025753,10.761216,1369
perf,all-on,847,5877.022319,-689.8416,18,-221.4395,4000,-3275.489,80,0,0.0290038,10.0116,7.709,12.05248,4858228131727,10.068992,1370
perf,all-on,848,5877.033563,-689.8416,18,-221.4395,4000,-3275.489,80,0,0.02668872,11.75509,6.9232,10.752,4858228235572,12.05248,1371
perf,all-on,849,5877.044087,-689.8416,18,-221.4395,4000,-3275.489,80,0,0.02483243,10.1866,8.5212,10.468352,4858228341706,10.752,1372
perf,all-on,850,5877.054725,-689.8416,18,-221.4395,4000,-3275.489,80,0,0.02305073,10.5208,6.9989,10.556416,4858228464037,10.468352,1373
perf,all-on,851,5877.065755,-689.8416,18,-221.4395,4000,-3275.489,80,0,0.02137926,10.6381,7.3593,11.005952,4858228564671,10.556416,1374
perf,all-on,852,5877.076407,-689.8416,18,-221.4395,4000,-3275.489,80,0,0.01977207,11.0434,6.7114,10.672128,4858228682137,11.005952,1375
perf,all-on,853,5877.087041,-689.8416,18,-221.4395,4000,-3275.489,80,0,0.01833241,10.6831,8.5967,10.667008,4858228784056,10.672128,1376
perf,all-on,854,5877.098825,-689.8416,18,-221.4395,4000,-3275.489,80,0,0.0170095,10.5849,6.7959,11.140096,4858228889272,10.667008,1377
perf,all-on,855,5877.110047,-689.8416,18,-221.4395,4000,-3275.489,80,0,0.01564632,11.8044,7.5279,10.574848,4858228995670,11.140096,1378
perf,all-on,856,5877.120335,-689.8416,18,-221.4395,4000,-3275.489,80,0,0.01445312,11.208,7.6773,11.185152,4858229106030,10.574848,1379
perf,all-on,857,5877.131991,-689.8416,18,-221.4395,4000,-3275.489,80,0,0.01343896,10.281,7.3234,11.36128,4858229212517,11.185152,1380
perf,all-on,858,5877.142930,-689.8416,18,-221.4395,4000,-3275.489,80,0,0.01237294,11.6797,7.5751,10.587136,4858229318791,11.36128,1381
perf,all-on,859,5877.153423,-689.8416,18,-221.4395,4000,-3275.489,80,0,0.01145253,10.9229,7.5625,11.240448,4858229436744,10.587136,1382
perf,all-on,860,5877.165076,-689.8416,18,-221.4395,4000,-3275.489,80,0,0.01063327,10.4881,7.301,11.154432,4858229548893,11.240448,1383
perf,all-on,861,5877.176174,-689.8416,18,-221.4395,4000,-3275.489,80,0,0.009790206,11.6731,6.9381,10.518528,4858229651725,11.154432,1384
perf,all-on,862,5877.186860,-689.8416,18,-221.4395,4000,-3275.489,80,0,0.008984953,12.129,8.128299,11.232256,4858229768407,10.518528,1385
perf,all-on,863,5877.198127,-689.8416,18,-221.4395,4000,-3275.489,80,0,0.008391107,9.663195,6.6128,11.19744,4858229877740,11.232256,1386
perf,all-on,864,5877.210291,-689.8416,18,-221.4395,4000,-3275.489,80,0,0.007748997,11.248,8.9085,10.620928,4858229982610,11.19744,1387
perf,all-on,865,5877.221011,-689.8416,18,-221.4395,4000,-3275.489,80,0,0.007110483,12.1531,7.872,11.103232,4858230099274,10.620928,1388
perf,all-on,866,5877.232260,-689.8416,18,-221.4395,4000,-3275.489,80,0,0.00659088,10.7233,7.8807,12.37504,4858230220620,11.103232,1389
perf,all-on,867,5877.243063,-689.8416,18,-221.4395,4000,-3275.489,80,0,0.006083902,11.309,7.6237,10.507264,4858230317144,12.37504,1390
perf,all-on,868,5877.254211,-689.8416,18,-221.4395,4000,-3275.489,80,0,0.00563825,10.7501,7.8292,11.129856,4858230429711,10.507264,1391
perf,all-on,869,5877.264668,-689.8416,18,-221.4395,4000,-3275.489,80,0,0,11.144,7.3,11.136,4858230551288,11.129856,1392
perf,all-on,870,5877.275936,-689.8416,18,-221.4395,4000,-3275.489,80,0,0,10.4674,6.6628,10.458112,4858230658523,11.136,1393
perf,all-on,871,5877.286634,-689.8416,18,-221.4395,4000,-3275.489,80,0,0,11.25869,8.3835,11.094016,4858230771060,10.458112,1394
perf,all-on,872,5877.297640,-689.8416,18,-221.4395,4000,-3275.489,80,0,0,10.6915,6.7135,11.336704,4858230879080,11.094016,1395
perf,all-on,873,5877.309230,-689.8416,18,-221.4395,4000,-3275.489,80,0,0,11.0156,7.7807,10.602496,4858230990526,11.336704,1396
perf,all-on,874,5877.319944,-689.8416,18,-221.4395,4000,-3275.489,80,0,0,11.6174,7.5996,10.878976,4858231095171,10.602496,1397
perf,all-on,875,5877.330397,-689.8416,18,-221.4395,4000,-3275.489,80,0,0,10.6762,7.6121,11.38688,4858231207805,10.878976,1398
perf,all-on,876,5877.341623,-689.8416,18,-221.4395,4000,-3275.489,80,0,0,11.5485,7.2249,10.55232,4858231314733,11.38688,1399
perf,all-on,877,5877.352114,-689.8416,18,-221.4395,4000,-3275.489,80,0,0,10.1358,7.7482,10.39872,4858231424836,10.55232,1400
perf,all-on,878,5877.362968,-689.8416,18,-221.4395,4000,-3275.489,80,0,0,10.4862,7.9631,11.32032,4858231540678,10.39872,1401
perf,all-on,879,5877.374225,-689.8416,18,-221.4395,4000,-3275.489,80,0,0,10.9428,6.6051,10.53696,4858231647815,11.32032,1402
perf,all-on,880,5877.385192,-689.8416,18,-221.4395,4000,-3275.489,80,0,0,11.169,8.2637,10.606592,4858231763117,10.53696,1403
perf,all-on,881,5877.396923,-689.8416,18,-221.4395,4000,-3275.489,80,0,0,11.0258,6.7568,11.57632,4858231864649,10.606592,1404
perf,all-on,882,5877.407500,-689.8416,18,-221.4395,4000,-3275.489,80,0,0,11.7028,7.9719,10.71104,4858231969520,11.57632,1405
perf,all-on,883,5877.419316,-689.8416,18,-221.4395,4000,-3275.489,80,0,0,10.54291,7.7477,10.943488,4858232078565,10.71104,1406
perf,all-on,884,5877.430394,-689.8416,18,-221.4395,4000,-3275.489,80,0,0,11.8192,7.7094,11.505664,4858232190632,10.943488,1407
perf,all-on,885,5877.441092,-689.8416,18,-221.4395,4000,-3275.489,80,0,0,11.1011,6.6265,11.40736,4858232300406,11.505664,1408
perf,all-on,886,5877.452066,-689.8416,18,-221.4395,4000,-3275.489,80,0,0,10.6763,8.7128,11.083776,4858232417796,11.40736,1409
perf,all-on,887,5877.462930,-689.8416,18,-221.4395,4000,-3275.489,80,0,0,10.9769,7.7505,11.011072,4858232523359,11.083776,1410
perf,all-on,888,5877.474110,-689.8416,18,-221.4395,4000,-3275.489,80,0,0,10.9562,6.4945,10.616832,4858232641548,11.011072,1411
perf,all-on,889,5877.484962,-689.8416,18,-221.4395,4000,-3275.489,80,0,0,11.0893,8.3218,10.939392,4858232752448,10.616832,1412
perf,all-on,890,5877.497199,-689.8416,18,-221.4395,4000,-3275.489,80,0,0,11.897,6.6914,11.331584,4858232859317,10.939392,1413
perf,all-on,891,5877.506734,-689.8416,18,-221.4395,4000,-3275.489,80,0,0,11.20551,7.3515,10.68544,4858232969087,11.331584,1414
perf,all-on,892,5877.517718,-689.8416,18,-221.4395,4000,-3275.489,80,0,0,9.517,7.937,10.681344,4858233078167,10.68544,1415
perf,all-on,893,5877.528462,-689.8416,18,-221.4395,4000,-3275.489,80,0,0,10.9872,7.5717,11.041792,4858233189531,10.681344,1416
perf,all-on,894,5877.538987,-689.8416,18,-221.4395,4000,-3275.489,80,0,0,10.7385,6.7335,10.668032,4858233308468,11.041792,1417
perf,all-on,895,5877.549691,-689.8416,18,-221.4395,4000,-3275.489,80,0,0,10.5241,9.4808,10.853376,4858233420489,10.668032,1418
perf,all-on,896,5877.560491,-689.8416,18,-221.4395,4000,-3275.489,80,0,0,10.7149,7.6757,10.394624,4858233515744,10.853376,1419
perf,all-on,897,5877.571265,-689.8416,18,-221.4395,4000,-3275.489,80,0,0,10.7936,6.8442,10.601472,4858233625586,10.394624,1420
perf,all-on,898,5877.582631,-689.8416,18,-221.4395,4000,-3275.489,80,0,0,10.7704,8.1594,10.928128,4858233732984,10.601472,1421
perf,all-on,899,5877.592397,-689.8416,18,-221.4395,4000,-3275.489,80,0,0,11.513,6.6397,10.748928,4858233838244,10.928128,1422
perf,all-on,900,5877.603311,-689.8416,18,-221.4395,4000,-3275.489,80,0,0,9.623101,7.4433,11.057152,4858233945373,10.748928,1423
perf,all-on,901,5877.613430,-689.8416,18,-221.4395,4000,-3275.489,80,0,0,10.9502,7.6872,10.360832,4858234053316,11.057152,1424
perf,all-on,902,5877.624670,-689.8416,18,-221.4395,4000,-3275.489,80,0,0,10.0891,7.4572,10.084352,4858234161032,10.360832,1425
perf,all-on,903,5877.635067,-689.8416,18,-221.4395,4000,-3275.489,80,0,0,11.2331,6.4878,10.537984,4858234275691,10.084352,1426
perf,all-on,904,5877.645846,-689.8416,18,-221.4395,4000,-3275.489,80,0,0,11.4661,8.1281,11.165696,4858234372399,10.537984,1427
perf,all-on,905,5877.656289,-689.8416,18,-221.4395,4000,-3275.489,80,0,0,9.875305,6.8393,9.98912,4858234481793,11.165696,1428
perf,all-on,906,5877.668060,-689.8416,18,-221.4395,4000,-3275.489,80,0,0,10.3233,7.468,10.169344,4858234582752,9.98912,1429
perf,all-on,907,5877.677857,-689.8416,18,-221.4395,4000,-3275.489,80,0,0,11.7311,8.0122,9.984,4858234695090,10.169344,1430
perf,all-on,908,5877.687870,-689.8416,18,-221.4395,4000,-3275.489,80,0,0,9.8027,7.3748,12.068864,4858234809641,9.984,1431
perf,all-on,909,5877.699673,-689.8416,18,-221.4395,4000,-3275.489,80,0,0,10.0298,7.6764,10.522624,4858234908071,12.068864,1432
perf,all-on,910,5877.710211,-689.8416,18,-221.4395,4000,-3275.489,80,0,0,11.7988,8.7528,9.906176,4858235011276,10.522624,1433
perf,all-on,911,5877.720813,-689.8416,18,-221.4395,4000,-3275.489,80,0,0,10.533,9.0377,10.638336,4858235129035,9.906176,1434
perf,all-on,912,5877.731811,-689.8416,18,-221.4395,4000,-3275.489,80,0,0,10.6082,6.5519,11.056128,4858235227065,10.638336,1435
perf,all-on,913,5877.742479,-689.8416,18,-221.4395,4000,-3275.489,80,0,0,10.997,7.6079,10.682368,4858235327274,11.056128,1436
perf,all-on,914,5877.752322,-689.8416,18,-221.4395,4000,-3275.489,80,0,0,10.6397,9.1859,10.908672,4858235445273,10.682368,1437
perf,all-on,915,5877.763410,-689.8416,18,-221.4395,4000,-3275.489,80,0,0,9.848803,7.6316,11.021312,4858235550607,10.908672,1438
perf,all-on,916,5877.774839,-689.8416,18,-221.4395,4000,-3275.489,80,0,0,11.1091,7.7066,9.849856,4858235656687,11.021312,1439
perf,all-on,917,5877.786119,-689.8416,18,-221.4395,4000,-3275.489,80,0,0,11.5432,9.0659,10.454016,4858235766646,9.849856,1440
perf,all-on,918,5877.798087,-689.8416,18,-221.4395,4000,-3275.489,80,0,0,12.2006,7.3174,10.515456,4858235873154,10.454016,1441
perf,all-on,919,5877.809538,-689.8416,18,-221.4395,4000,-3275.489,80,0,0,10.9296,7.5633,12.126208,4858235971629,10.515456,1442
perf,all-on,920,5877.820816,-689.8416,18,-221.4395,4000,-3275.489,80,0,0,11.4308,9.2512,12.164096,4858236082628,12.126208,1443
perf,all-on,921,5877.833447,-689.8416,18,-221.4395,4000,-3275.489,80,0,0,11.27791,8.2727,12.258304,4858236197141,12.164096,1444
perf,all-on,922,5877.842980,-689.8416,18,-221.4395,4000,-3275.489,80,0,0,12.6815,8.2942,9.765888,4858236320143,12.258304,1445
perf,all-on,923,5877.853507,-689.8416,18,-221.4395,4000,-3275.489,80,0,0,9.585402,8.4332,12.955648,4858236429386,9.765888,1446
perf,all-on,924,5877.864971,-689.8416,18,-221.4395,4000,-3275.489,80,0,0,10.4351,7.6556,10.648576,4858236543781,12.955648,1447
perf,all-on,925,5877.874555,-689.8416,18,-221.4395,4000,-3275.489,80,0,0,11.6588,6.4701,9.760768,4858236656551,10.648576,1448
perf,all-on,926,5877.884971,-689.8416,18,-221.4395,4000,-3275.489,80,0,0,9.382901,8.6799,10.585088,4858236783135,9.760768,1449
perf,all-on,927,5877.895007,-689.8416,18,-221.4395,4000,-3275.489,80,0,0,10.4116,6.811,10.873856,4858236878408,10.585088,1450
perf,all-on,928,5877.904879,-689.8416,18,-221.4395,4000,-3275.489,80,0,0,10.0386,7.5724,9.979904,4858236983542,10.873856,1451
perf,all-on,929,5877.915523,-689.8416,18,-221.4395,4000,-3275.489,80,0,0,9.869997,8.7175,10.276864,4858237099897,9.979904,1452
perf,all-on,930,5877.925696,-689.8416,18,-221.4395,4000,-3275.489,80,0,0,10.7427,7.8833,9.854976,4858237193978,10.276864,1453
perf,all-on,931,5877.935597,-689.8416,18,-221.4395,4000,-3275.489,80,0,0,10.0747,6.8629,10.482688,4858237298099,9.854976,1454
perf,all-on,932,5877.945636,-689.8416,18,-221.4395,4000,-3275.489,80,0,0,9.9053,8.1065,10.344448,4858237398477,10.482688,1455
perf,all-on,933,5877.956697,-689.8416,18,-221.4395,4000,-3275.489,80,0,0,11.1641,6.8659,9.736192,4858237497183,10.344448,1456
perf,all-on,934,5877.966510,-689.8416,18,-221.4395,4000,-3275.489,80,0,0,9.927197,7.2282,10.344448,4858237603789,9.736192,1457
perf,all-on,935,5877.976846,-689.8416,18,-221.4395,4000,-3275.489,80,0,0,9.8259,8.536,10.727424,4858237705355,10.344448,1458
perf,all-on,936,5877.988112,-689.8416,18,-221.4395,4000,-3275.489,80,0,0,10.4868,6.9281,9.422848,4858237804415,10.727424,1459
perf,all-on,937,5877.998368,-689.8416,18,-221.4395,4000,-3275.489,80,0,0,11.1167,7.084,10.50112,4858237915761,9.422848,1460
perf,all-on,938,5878.009246,-689.8416,18,-221.4395,4000,-3275.489,80,0,0,10.2662,8.3065,9.910272,4858238015330,10.50112,1461
perf,all-on,939,5878.020024,-689.8416,18,-221.4395,4000,-3275.489,80,0,0,10.8715,7.5891,11.433984,4858238113565,9.910272,1462
perf,all-on,940,5878.031490,-689.8416,18,-221.4395,4000,-3275.489,80,0,0,10.7725,6.6382,10.652672,4858238217083,11.433984,1463
perf,all-on,941,5878.043133,-689.8416,18,-221.4395,4000,-3275.489,80,0,0,11.4946,8.8754,9.899008,4858238329558,10.652672,1464
perf,all-on,942,5878.081760,-689.8416,18,-221.4395,4000,-3275.489,80,0,0,11.667,7.7146,12.174336,4858238432217,9.899008,1465
perf,all-on,943,5878.120460,-689.8416,18,-221.4395,4000,-3275.489,80,0,0,38.5901,7.9295,10.77248,4858238540932,12.174336,1465
perf,all-on,944,5878.135825,-689.8416,18,-221.4395,4000,-3275.489,80,0,0,39.8499,7.3092,12.014592,4858238648691,10.77248,1465
perf,all-on,945,5878.146622,-689.8416,18,-221.4395,4000,-3275.489,80,0,0,14.2007,8.9502,0,0,12.014592,1465
perf,all-on,946,5878.193954,-689.8416,18,-221.4395,4000,-3275.489,80,0,0,10.8359,9.0311,12.17536,4858238880112,0,1469
perf,all-on,947,5878.208708,-689.8416,18,-221.4395,4000,-3275.489,80,0,0,47.3113,36.6582,15.56992,4858239266139,12.17536,1470
perf,all-on,948,5878.222880,-689.8416,18,-221.4395,4000,-3275.489,80,0,0,14.7583,36.8358,0,0,15.56992,1470
perf,all-on,949,5878.234557,-689.8416,18,-221.4395,4000,-3275.489,80,0,0,14.1893,11.1935,10.7008,4858239806728,0,1470
perf,all-on,950,5878.243720,-689.8416,18,-221.4395,4000,-3275.489,80,0,0,11.6503,8.5032,47.501312,4858239914881,10.7008,1473
perf,all-on,951,5878.253316,-689.8416,18,-221.4395,4000,-3275.489,80,0,0,9.1465,45.2587,15.23712,4858240388118,47.501312,1474
perf,all-on,952,5878.262463,-689.8416,18,-221.4395,4000,-3275.489,80,0,0,9.596704,12.9866,15.186944,4858240535732,15.23712,1475
perf,all-on,953,5878.271847,-689.8416,18,-221.4395,4000,-3275.489,80,0,0,9.197697,9.2854,10.278912,4858240677568,15.186944,1476
perf,all-on,954,5878.282009,-689.8416,18,-221.4395,4000,-3275.489,80,0,0,10.3744,9.8465,10.530816,4858240794107,10.278912,1477
perf,all-on,955,5878.292267,-689.8416,18,-221.4395,4000,-3275.489,80,0,0,9.124894,7.4342,10.177536,4858240885644,10.530816,1478
perf,all-on,956,5878.302516,-689.8416,18,-221.4395,4000,-3275.489,80,0,0,10.2454,7.9568,10.008576,4858240981612,10.177536,1479
perf,all-on,957,5878.313367,-689.8416,18,-221.4395,4000,-3275.489,80,0,0,10.2631,7.6067,10.504192,4858241073048,10.008576,1480
perf,all-on,958,5878.324040,-689.8416,18,-221.4395,4000,-3275.489,80,0,0,10.9162,7.8364,9.9328,4858241177343,10.504192,1481
perf,all-on,959,5878.333836,-689.8416,18,-221.4395,4000,-3275.489,80,0,0,10.6176,6.5781,10.826752,4858241268549,9.9328,1482
perf,all-on,960,5878.344326,-689.8416,18,-221.4395,4000,-3275.489,80,0,0,9.788896,8.288,10.284032,4858241371053,10.826752,1483
perf,all-on,961,5878.354630,-689.8416,18,-221.4395,4000,-3275.489,80,0.8,0,10.48061,6.6018,10.090496,4858241473630,10.284032,1484
perf,all-on,962,5878.365821,-689.8416,18,-221.4395,4000,-3275.489,80,0.7295805,0,10.3039,7.3633,10.708992,4858241582218,10.090496,1485
perf,all-on,963,5878.375847,-689.8416,18,-221.4395,4000,-3275.489,80,0.6599005,0,11.2233,9.0584,9.92256,4858241689016,10.708992,1486
perf,all-on,964,5878.386196,-689.8416,18,-221.4395,4000,-3275.489,80,0.6035092,0,9.989498,7.6494,10.351616,4858241786854,9.92256,1487
perf,all-on,965,5878.396426,-689.8416,18,-221.4395,4000,-3275.489,80,0.5499165,0,10.398,6.7074,10.896384,4858241891703,10.351616,1488
perf,all-on,966,5878.407219,-689.8416,18,-221.4395,4000,-3275.489,80,0.5017928,0,10.2414,8.3741,9.734144,4858241994738,10.896384,1489
perf,all-on,967,5878.418136,-689.8416,18,-221.4395,4000,-3275.489,80,0.4559025,0,10.7259,8.108499,11.142144,4858242106833,9.734144,1490
perf,all-on,968,5878.428472,-689.8416,18,-221.4395,4000,-3275.489,80,0.4132022,0,11.01261,7.4225,10.790912,4858242206892,11.142144,1491
perf,all-on,969,5878.438749,-689.8416,18,-221.4395,4000,-3275.489,80,0.3744007,0,11.4294,7.6616,10.095616,4858242310381,10.790912,1492
perf,all-on,970,5878.451297,-689.8416,18,-221.4395,4000,-3275.489,80,0.3544752,0,9.091795,8.1742,10.753024,4858242413015,10.095616,1493
perf,all-on,971,5878.465506,-689.8416,18,-221.4395,4000,-3275.489,80,0.3948869,0,12.5714,7.7363,9.859072,4858242520554,10.753024,1494
perf,all-on,972,5878.474983,-689.8416,18,-221.4395,4000,-3275.489,80,0.6392635,0,14.2949,6.8841,11.717632,4858242629860,9.859072,1495
perf,all-on,973,5878.484250,-689.8416,18,-221.4395,4000,-3275.489,80,0.7917818,0,9.418593,8.3012,10.619904,4858242744352,11.717632,1496
perf,all-on,974,5878.494692,-689.8416,18,-221.4395,4000,-3275.489,80,0.7445057,0,9.224504,7.393,10.3936,4858242835892,10.619904,1497
perf,all-on,975,5878.504670,-689.8416,18,-221.4395,4000,-3275.489,80,0.4977244,0,10.4882,7.8988,10.627072,4858242961519,10.3936,1498
perf,all-on,976,5878.515548,-689.8416,18,-221.4395,4000,-3275.489,80,0.2911013,0,9.948299,12.3942,10.758144,4858243103726,10.627072,1499
perf,all-on,977,5878.526285,-689.8416,18,-221.4395,4000,-3275.489,80,0.1909161,0,10.8728,7.7868,10.151936,4858243198495,10.758144,1500
perf,all-on,978,5878.537089,-689.8416,18,-221.4395,4000,-3275.489,80,0.1590091,0,10.72441,7.471,11.083776,4858243290948,10.151936,1501
perf,all-on,979,5878.547391,-689.8416,18,-221.4395,4000,-3275.489,80,0.14273,0,10.862,8.8322,11.79648,4858243395410,11.083776,1502
perf,all-on,980,5878.557905,-689.8416,18,-221.4395,4000,-3275.489,80,0.1301416,0,10.2503,8.2638,10.217472,4858243495289,11.79648,1503
perf,all-on,981,5878.568177,-689.8416,18,-221.4395,4000,-3275.489,80,0.1185183,0,10.504,8.8994,11.136,4858243603976,10.217472,1504
perf,all-on,982,5878.578519,-689.8416,18,-221.4395,4000,-3275.489,80,0.10896,0,10.3276,8.8776,10.612736,4858243711296,11.136,1505
perf,all-on,983,5878.590104,-689.8416,18,-221.4395,4000,-3275.489,80,0.1096121,0,11.434,6.7104,10.01472,4858243819369,10.612736,1506
perf,all-on,984,5878.599197,-689.8416,18,-221.4395,4000,-3275.489,80,0.1531686,0,10.4341,7.4966,10.579968,4858243922350,10.01472,1507
perf,all-on,985,5878.609846,-689.8416,18,-221.4395,4000,-3275.489,80,0.2477437,0,9.114704,8.2042,10.170368,4858244027475,10.579968,1508
perf,all-on,986,5878.620650,-689.8416,18,-221.4395,4000,-3275.489,80,0.3479525,0,10.6297,7.9972,9.853952,4858244130198,10.170368,1509
perf,all-on,987,5878.631068,-689.8416,18,-221.4395,4000,-3275.489,80,0.3009145,0,10.8152,6.7136,10.458112,4858244244719,9.853952,1510
perf,all-on,988,5878.641317,-689.8416,18,-221.4395,4000,-3275.489,80,0.1673923,0,10.4253,8.9131,10.223616,4858244349436,10.458112,1511
perf,all-on,989,5878.652847,-689.8416,18,-221.4395,4000,-3275.489,80,0.08264758,0,10.2417,6.7053,10.952704,4858244440513,10.223616,1512
perf,all-on,990,5878.663663,-689.8416,18,-221.4395,4000,-3275.489,80,0.05336942,0,11.5366,7.7446,10.74176,4858244546875,10.952704,1513
perf,all-on,991,5878.673967,-689.8416,18,-221.4395,4000,-3275.489,80,0.04614638,0,10.8483,7.2211,10.912768,4858244654997,10.74176,1514
perf,all-on,992,5878.684159,-689.8416,18,-221.4395,4000,-3275.489,80,0.04196697,0,10.2531,8.7223,11.045888,4858244759190,10.912768,1515
perf,all-on,993,5878.694918,-689.8416,18,-221.4395,4000,-3275.489,80,0.03826647,0,10.30731,7.2363,10.907648,4858244861570,11.045888,1516
perf,all-on,994,5878.704968,-689.8416,18,-221.4395,4000,-3275.489,80,0.0347916,0,10.6448,7.6194,9.858048,4858244976925,10.907648,1517
perf,all-on,995,5878.715396,-689.8416,18,-221.4395,4000,-3275.489,80,0.03180061,0,10.052,7.621,10.754048,4858245085275,9.858048,1518
perf,all-on,996,5878.726133,-689.8416,18,-221.4395,4000,-3275.489,80,0.02894454,0,10.522,7.6368,10.011648,4858245188068,10.754048,1519
perf,all-on,997,5878.736767,-689.8416,18,-221.4395,4000,-3275.489,80,0.02631849,0,10.6367,6.7499,10.369024,4858245290149,10.011648,1520
perf,all-on,998,5878.748469,-689.8416,18,-221.4395,4000,-3275.489,80,0.02370683,0,11.6851,8.3162,10.632192,4858245397595,10.369024,1521
perf,all-on,999,5878.758678,-689.8416,18,-221.4395,4000,-3275.489,80,0.02152401,0,10.8019,7.1857,9.819136,4858245498100,10.632192,1522
perf,all-on,1000,5878.769333,-689.8416,18,-221.4395,4000,-3275.489,80,0.01967127,0,10.064,8.4387,10.560512,4858245602472,9.819136,1523
perf,all-on,1001,5878.778502,-689.8416,18,-221.4395,4000,-3275.489,80,0.0178835,0,10.6551,8.7108,10.235904,4858245709703,10.560512,1524
perf,all-on,1002,5878.790331,-689.8416,18,-221.4395,4000,-3275.489,80,0.01647625,0,9.165696,7.0437,10.07616,4858245826532,10.235904,1525
perf,all-on,1003,5878.801004,-689.8416,18,-221.4395,4000,-3275.489,80,0.0148142,0,11.89,8.5665,10.720256,4858245933808,10.07616,1526
perf,all-on,1004,5878.811172,-689.8416,18,-221.4395,4000,-3275.489,80,0.01346166,0,10.7052,8.3355,10.023936,4858246035206,10.720256,1527
perf,all-on,1005,5878.821250,-689.8416,18,-221.4395,4000,-3275.489,80,0.01229053,0,10.1772,8.4531,10.770432,4858246141758,10.023936,1528
perf,all-on,1006,5878.833069,-689.8416,18,-221.4395,4000,-3275.489,80,0.01124121,0,9.979904,7.3128,10.573824,4858246233432,10.770432,1529
perf,all-on,1007,5878.842003,-689.8416,18,-221.4395,4000,-3275.489,80,0.01011346,0,11.82209,9.9846,10.166272,4858246352276,10.573824,1530
perf,all-on,1008,5878.861450,-689.8416,18,-221.4395,4000,-3275.489,80,0.009334172,0,8.965901,8.564,11.111424,4858246459305,10.166272,1531
perf,all-on,1009,5878.872213,-689.8416,18,-221.4395,4000,-3275.489,80,0.007841743,0,19.4817,8.1037,10.998784,4858246561105,11.111424,1532
perf,all-on,1010,5878.880569,-689.8416,18,-221.4395,4000,-3275.489,80,0.007124208,0,10.7308,8.2805,0,0,10.998784,1533
perf,all-on,1011,5878.890793,-689.8416,18,-221.4395,4000,-3275.489,80,0.006607749,0,8.414605,9.7685,10.61376,4858246779145,0,1534
perf,all-on,1012,5878.900249,-689.8416,18,-221.4395,4000,-3275.489,80,0.005976152,0,11.23459,6.9797,10.66496,4858246868819,10.61376,1535
perf,all-on,1013,5878.909464,-689.8416,18,-221.4395,4000,-3275.489,80,0.00554604,0,8.352204,7.784,13.913088,4858247063327,10.66496,1536
perf,all-on,1014,5878.918802,-689.8416,18,-221.4395,4000,-3275.489,80,0,0,9.205599,8.9212,10.412032,4858247170788,13.913088,1537
perf,all-on,1015,5878.929485,-689.8416,18,-221.4395,4000,-3275.489,80,0,0,9.343998,6.769,10.417152,4858247254164,10.412032,1538
perf,all-on,1016,5878.939894,-689.8416,18,-221.4395,4000,-3275.489,80,0,0,10.7318,8.6124,9.901056,4858247367233,10.417152,1539
perf,all-on,1017,5878.950066,-689.8416,18,-221.4395,4000,-3275.489,80,0,0,10.3616,6.7835,10.866688,4858247450948,9.901056,1540
perf,all-on,1018,5878.960593,-689.8416,18,-221.4395,4000,-3275.489,80,0,0,10.1826,7.6364,10.299392,4858247543022,10.866688,1541
perf,all-on,1019,5878.971344,-689.8416,18,-221.4395,4000,-3275.489,80,0,0,10.5148,6.8222,9.906176,4858247636446,10.299392,1542
perf,all-on,1020,5878.981241,-689.8416,18,-221.4395,4000,-3275.489,80,0,0,10.7456,8.2531,10.624,4858247743578,9.906176,1543
perf,all-on,1021,5878.991855,-689.8416,18,-221.4395,4000,-3275.489,80,0,0,9.911004,7.1882,9.626624,4858247847338,10.624,1544
perf,all-on,1022,5879.002269,-689.8416,18,-221.4395,4000,-3275.489,80,0,0,10.68739,7.3552,11.040768,4858247949137,9.626624,1545
perf,all-on,1023,5879.012708,-689.8416,18,-221.4395,4000,-3275.489,80,0,0,10.337,7.7036,10.68544,4858248054373,11.040768,1546
perf,all-on,1024,5879.023304,-689.8416,18,-221.4395,4000,-3275.489,80,0,0,10.5038,8.0679,9.807872,4858248161830,10.68544,1547
perf,all-on,1025,5879.032956,-689.8416,18,-221.4395,4000,-3275.489,80,0,0,10.5398,6.6339,10.781696,4858248260916,9.807872,1548
perf,all-on,1026,5879.043412,-689.8416,18,-221.4395,4000,-3275.489,80,0,0,9.657001,8.4822,9.619456,4858248366929,10.781696,1549
perf,all-on,1027,5879.054531,-689.8416,18,-221.4395,4000,-3275.489,80,0,0,11.4889,7.0002,10.269696,4858248471115,9.619456,1550
perf,all-on,1028,5879.065615,-689.8416,18,-221.4395,4000,-3275.489,80,0,0,10.0667,7.8079,10.222592,4858248575687,10.269696,1551
perf,all-on,1029,5879.075294,-689.8416,18,-221.4395,4000,-3275.489,80,0,0,11.1742,8.8627,11.4176,4858248681559,10.222592,1552
perf,all-on,1030,5879.086887,-689.8416,18,-221.4395,4000,-3275.489,80,0,0,9.589498,7.6759,10.440704,4858248778105,11.4176,1553
perf,all-on,1031,5879.097171,-689.8416,18,-221.4395,4000,-3275.489,80,0,0,11.5905,6.9786,10.679296,4858248893041,10.440704,1554
perf,all-on,1032,5879.107594,-689.8416,18,-221.4395,4000,-3275.489,80,0,0,10.2878,7.8699,9.852928,4858248993718,10.679296,1555
perf,all-on,1033,5879.118636,-689.8416,18,-221.4395,4000,-3275.489,80,0,0,10.4267,8.2791,11.213824,4858249104729,9.852928,1556
perf,all-on,1034,5879.128997,-689.8416,18,-221.4395,4000,-3275.489,80,0,0,11.0528,7.5024,10.464256,4858249201366,11.213824,1557
perf,all-on,1035,5879.139186,-689.8416,18,-221.4395,4000,-3275.489,80,0,0,10.3552,8.627,10.172416,4858249317276,10.464256,1558
perf,all-on,1036,5879.149005,-689.8416,18,-221.4395,4000,-3275.489,80,0,0,10.1808,8.6801,10.708992,4858249420153,10.172416,1559
perf,all-on,1037,5879.159775,-689.8416,18,-221.4395,4000,-3275.489,80,0,0,9.852203,8.056699,10.094592,4858249524391,10.708992,1560
perf,all-on,1038,5879.170420,-689.8416,18,-221.4395,4000,-3275.489,80,0,0,10.7385,7.7321,10.586112,4858249634858,10.094592,1561
perf,all-on,1039,5879.180291,-689.8416,18,-221.4395,4000,-3275.489,80,0,0,10.6619,8.7177,10.668032,4858249738455,10.586112,1562
perf,all-on,1040,5879.190973,-689.8416,18,-221.4395,4000,-3275.489,80,0,0,9.869097,7.6508,10.084352,4858249840264,10.668032,1563
perf,all-on,1041,5879.201318,-689.8416,18,-221.4395,4000,-3275.489,80,0,0,10.6571,7.565,10.539008,4858249938583,10.084352,1564
perf,all-on,1042,5879.211582,-689.8416,18,-221.4395,4000,-3275.489,80,0,0,11.39921,7.5468,10.799104,4858250046166,10.539008,1565
perf,all-on,1043,5879.221979,-689.8416,18,-221.4395,4000,-3275.489,80,0,0,9.273795,8.0756,9.965568,4858250152612,10.799104,1566
perf,all-on,1044,5879.232204,-689.8416,18,-221.4395,4000,-3275.489,80,0,0,10.3364,6.9957,10.34752,4858250251463,9.965568,1567
perf,all-on,1045,5879.242613,-689.8416,18,-221.4395,4000,-3275.489,80,0,0,10.2613,8.3576,9.992192,4858250358103,10.34752,1568
perf,all-on,1046,5879.253412,-689.8416,18,-221.4395,4000,-3275.489,80,0,0,10.3808,6.8567,10.202112,4858250472046,9.992192,1569
perf,all-on,1047,5879.265089,-689.8416,18,-221.4395,4000,-3275.489,80,0,0,10.7931,7.3854,10.87488,4858250564261,10.202112,1570
perf,all-on,1048,5879.275797,-689.8416,18,-221.4395,4000,-3275.489,80,0,0,11.7263,8.5448,9.844736,4858250668215,10.87488,1571
perf,all-on,1049,5879.286078,-689.8416,18,-221.4395,4000,-3275.489,80,0,0,10.6594,8.1957,12.163072,4858250770633,9.844736,1572
perf,all-on,1050,5879.296462,-689.8416,18,-221.4395,4000,-3275.489,80,0,0,10.2771,6.6771,10.805248,4858250874618,12.163072,1573
perf,all-on,1051,5879.307097,-689.8416,18,-221.4395,4000,-3275.489,80,0,0,10.4124,7.5645,9.857024,4858250982531,10.805248,1574
perf,all-on,1052,5879.317460,-689.8416,18,-221.4395,4000,-3275.489,80,0,0,10.6044,7.5519,10.894336,4858251099580,9.857024,1575
perf,all-on,1053,5879.327948,-689.8416,18,-221.4395,4000,-3275.489,80,0,0,10.3709,7.9615,10.745856,4858251206411,10.894336,1576
perf,all-on,1054,5879.337870,-689.8416,18,-221.4395,4000,-3275.489,80,0,0,10.4881,7.4262,9.844736,4858251309185,10.745856,1577
perf,all-on,1055,5879.348135,-689.8416,18,-221.4395,4000,-3275.489,80,0,0,9.916795,7.6924,10.476544,4858251413148,9.844736,1578
perf,all-on,1056,5879.358264,-689.8416,18,-221.4395,4000,-3275.489,80,0,0,10.2624,7.7363,10.002432,4858251519355,10.476544,1579
perf,all-on,1057,5879.368981,-689.8416,18,-221.4395,4000,-3275.489,80,0,0,11.2939,6.9877,10.363904,4858251623022,10.002432,1580
perf,all-on,1058,5879.379789,-689.8416,18,-221.4395,4000,-3275.489,80,0,0,9.554904,8.268599,10.320896,4858251727929,10.363904,1581
perf,all-on,1059,5879.389741,-689.8416,18,-221.4395,4000,-3275.489,80,0,0,10.8294,6.7575,9.745408,4858251827111,10.320896,1582
perf,all-on,1060,5879.400255,-689.8416,18,-221.4395,4000,-3275.489,80,0,0,9.960998,7.192,10.97216,4858251929728,9.745408,1583
perf,all-on,1061,5879.410144,-689.8416,18,-221.4395,4000,-3275.489,80,0,0,10.5624,7.5055,9.619456,4858252041920,10.97216,1584
perf,all-on,1062,5879.420108,-689.8416,18,-221.4395,4000,-3275.489,80,0,0,9.810998,7.4899,10.294272,4858252138211,9.619456,1585
perf,all-on,1063,5879.431149,-689.8416,18,-221.4395,4000,-3275.489,80,0,0,9.964003,6.5553,10.56768,4858252246401,10.294272,1586
perf,all-on,1064,5879.440775,-689.8416,18,-221.4395,4000,-3275.489,80,0,0,11.1151,8.377499,9.873408,4858252346034,10.56768,1587
perf,all-on,1065,5879.451438,-689.8416,18,-221.4395,4000,-3275.489,80,0,0,9.557001,7.3861,10.363904,4858252451219,9.873408,1588
perf,all-on,1066,5879.462108,-689.8416,18,-221.4395,4000,-3275.489,80,0,0,10.6676,7.7594,10.443776,4858252549857,10.363904,1589
perf,all-on,1067,5879.474353,-689.8416,18,-221.4395,4000,-3275.489,80,0,0,10.6581,6.6945,9.977856,4858252649487,10.443776,1590
perf,all-on,1068,5879.486788,-689.8416,18,-221.4395,4000,-3275.489,80,0,0,12.2451,8.9862,10.624,4858252760279,9.977856,1591
perf,all-on,1069,5879.498052,-689.8416,18,-221.4395,4000,-3275.489,80,0,0,12.4359,7.4396,12.931072,4858252856214,10.624,1592
perf,all-on,1070,5879.507204,-689.8416,18,-221.4395,4000,-3275.489,80,0,0,11.2727,8.2979,9.94304,4858252962853,12.931072,1593
perf,all-on,1071,5879.517166,-689.8416,18,-221.4395,4000,-3275.489,80,0,0,9.141397,8.7819,12.340224,4858253069475,9.94304,1594
perf,all-on,1072,5879.528135,-689.8416,18,-221.4395,4000,-3275.489,80,0,0,11.0294,8.2895,10.313728,4858253191916,12.340224,1595
perf,all-on,1073,5879.538221,-689.8416,18,-221.4395,4000,-3275.489,80,0,0,9.902501,6.7746,9.961472,4858253316282,10.313728,1596
perf,all-on,1074,5879.548577,-689.8416,18,-221.4395,4000,-3275.489,80,0,0,10.105,9.627,10.527744,4858253428970,9.961472,1597
perf,all-on,1075,5879.558633,-689.8416,18,-221.4395,4000,-3275.489,80,0,0,10.3881,7.5486,10.177536,4858253520425,10.527744,1598
perf,all-on,1076,5879.569695,-689.8416,18,-221.4395,4000,-3275.489,80,0,0,10.0078,6.7455,10.233856,4858253630646,10.177536,1599
perf,passes-off,1232,5881.080330,-689.8416,18,-221.4395,4000,-3275.489,80,0,0,9.607596,6.7807,0,0,8.188928,1755
perf,passes-off,1233,5881.093329,-689.8416,18,-221.4395,4000,-3275.489,80,0,0,8.836805,6.6931,9.066496,4858268874846,0,1756
perf,passes-off,1234,5881.102204,-689.8416,18,-221.4395,4000,-3275.489,80,0,0,12.9368,7.3884,10.458112,4858268965430,9.066496,1757
perf,passes-off,1235,5881.111211,-689.8416,18,-221.4395,4000,-3275.489,80,0,0,9.001701,7.6255,8.972288,4858269068224,10.458112,1758
perf,passes-off,1236,5881.119878,-689.8416,18,-221.4395,4000,-3275.489,80,0,0,8.846897,8.010999,0,0,8.972288,1759
perf,passes-off,1237,5881.130307,-689.8416,18,-221.4395,4000,-3275.489,80,0,0,8.670202,7.0264,11.99104,4858269251961,0,1760
perf,passes-off,1238,5881.139070,-689.8416,18,-221.4395,4000,-3275.489,80,0,0,10.4777,8.5278,0,0,11.99104,1761
perf,passes-off,1239,5881.148519,-689.8416,18,-221.4395,4000,-3275.489,80,0,0,8.713301,7.2177,8.84736,4858269471959,0,1762
perf,passes-off,1240,5881.158210,-689.8416,18,-221.4395,4000,-3275.489,80,0,0,9.514597,7.2427,8.757248,4858269560565,8.84736,1763
perf,passes-off,1241,5881.167901,-689.8416,18,-221.4395,4000,-3275.489,80,0,0,9.627898,7.0574,7.839744,4858269647244,8.757248,1764
perf,passes-off,1242,5881.176000,-689.8416,18,-221.4395,4000,-3275.489,80,0,0,9.697102,8.5601,0,0,7.839744,1765
perf,passes-off,1243,5881.185259,-689.8416,18,-221.4395,4000,-3275.489,80,0,0,8.1562,7.1251,9.764864,4858269839175,0,1766
perf,passes-off,1244,5881.194415,-689.8416,18,-221.4395,4000,-3275.489,80,0,0,9.189704,7.6158,9.520128,4858269933788,9.764864,1767
perf,passes-off,1245,5881.203628,-689.8416,18,-221.4395,4000,-3275.489,80,0,0,9.155895,8.0837,9.653248,4858270030589,9.520128,1768
perf,passes-off,1246,5881.212635,-689.8416,18,-221.4395,4000,-3275.489,80,0,0,9.223201,7.9328,8.02304,4858270127523,9.653248,1769
perf,passes-off,1247,5881.224092,-689.8416,18,-221.4395,4000,-3275.489,80,0,0,10.4672,6.4047,9.291776,4858270208520,8.02304,1770
perf,passes-off,1248,5881.234540,-689.8416,18,-221.4395,4000,-3275.489,80,0,0,10.0945,7.5764,8.961024,4858270301033,9.291776,1771
perf,passes-off,1249,5881.244573,-689.8416,18,-221.4395,4000,-3275.489,80,0,0,10.3589,7.5522,9.341952,4858270392598,8.961024,1772
perf,passes-off,1250,5881.255569,-689.8416,18,-221.4395,4000,-3275.489,80,0,0,10.0411,7.496,0,0,9.341952,1773
perf,passes-off,1251,5881.267027,-689.8416,18,-221.4395,4000,-3275.489,80,0,0,11.039,7.3734,10.756096,4858270588492,0,1774
perf,passes-off,1252,5881.275375,-689.8416,18,-221.4395,4000,-3275.489,80,0,0,11.4446,8.375,9.897984,4858270689468,10.756096,1775
perf,passes-off,1253,5881.284899,-689.8416,18,-221.4395,4000,-3275.489,80,0,0,8.377997,8.6465,11.024384,4858270793949,9.897984,1776
perf,passes-off,1254,5881.294463,-689.8416,18,-221.4395,4000,-3275.489,80,0,0,9.442404,8.105,11.61728,4858270894260,11.024384,1777
perf,passes-off,1255,5881.303782,-689.8416,18,-221.4395,4000,-3275.489,80,0,0,9.564399,9.0704,8.154112,4858271004202,11.61728,1778
perf,passes-off,1256,5881.313172,-689.8416,18,-221.4395,4000,-3275.489,80,0,0,9.324001,9.4623,9.444352,4858271118901,8.154112,1779
perf,passes-off,1257,5881.323225,-689.8416,18,-221.4395,4000,-3275.489,80,0,0,9.443701,6.5785,11.63776,4858271202317,9.444352,1780
perf,passes-off,1258,5881.332823,-689.8416,18,-221.4395,4000,-3275.489,80,0,0,10.0612,7.4112,0,0,11.63776,1781
perf,passes-off,1259,5881.341517,-689.8416,18,-221.4395,4000,-3275.489,80,0,0,9.588102,7.9335,9.402368,4858271393119,0,1782
perf,passes-off,1260,5881.350732,-689.8416,18,-221.4395,4000,-3275.489,80,0,0,8.6465,7.5004,0,0,9.402368,1783
perf,passes-off,1261,5881.360380,-689.8416,18,-221.4395,4000,-3275.489,80,0,0,9.218098,7.4855,9.678848,4858271580532,0,1784
perf,passes-off,1262,5881.370972,-689.8416,18,-221.4395,4000,-3275.489,80,0,0,9.638202,8.233599,9.777152,4858271681053,9.678848,1785
perf,passes-off,1263,5881.381046,-689.8416,18,-221.4395,4000,-3275.489,80,0,0,11.6608,7.6421,9.298944,4858271776888,9.777152,1786
perf,passes-off,1264,5881.391800,-689.8416,18,-221.4395,4000,-3275.489,80,0,0,9.045302,6.9701,0,0,9.298944,1787
perf,passes-off,1265,5881.400730,-689.8416,18,-221.4395,4000,-3275.489,80,0,0,10.7072,7.528,9.469952,4858271955890,0,1788
perf,passes-off,1266,5881.409583,-689.8416,18,-221.4395,4000,-3275.489,80,0,0,8.937202,7.8916,10.615808,4858272052286,9.469952,1789
perf,passes-off,1267,5881.418092,-689.8416,18,-221.4395,4000,-3275.489,80,0,0,8.8438,8.7301,10.307584,4858272168808,10.615808,1790
perf,passes-off,1268,5881.428227,-689.8416,18,-221.4395,4000,-3275.489,80,0,0,8.523498,7.2433,10.17344,4858272259034,10.307584,1791
perf,passes-off,1269,5881.436890,-689.8416,18,-221.4395,4000,-3275.489,80,0,0,10.1262,9.0704,9.219072,4858272366437,10.17344,1792
perf,passes-off,1270,5881.445826,-689.8416,18,-221.4395,4000,-3275.489,80,0,0,8.666503,7.273,8.691712,4858272455804,9.219072,1793
perf,passes-off,1271,5881.455601,-689.8416,18,-221.4395,4000,-3275.489,80,0,0,9.108496,7.206,10.149888,4858272544258,8.691712,1794
perf,passes-off,1272,5881.465158,-689.8416,18,-221.4395,4000,-3275.489,80,0,0,9.597704,6.7661,0,0,10.149888,1795
perf,passes-off,1273,5881.473340,-689.8416,18,-221.4395,4000,-3275.489,80,0,0,9.568296,8.4524,8.425472,4858272730730,0,1796
perf,passes-off,1274,5881.481772,-689.8416,18,-221.4395,4000,-3275.489,80,0,0,8.166901,7.045,9.490432,4858272817406,8.425472,1797
perf,passes-off,1275,5881.491580,-689.8416,18,-221.4395,4000,-3275.489,80,0,0,8.449298,7.2019,9.138176,4858272908385,9.490432,1798
perf,passes-off,1276,5881.501648,-689.8416,18,-221.4395,4000,-3275.489,80,0,0,9.798001,7.9677,10.169344,4858273004492,9.138176,1799
perf,passes-off,1277,5881.510718,-689.8416,18,-221.4395,4000,-3275.489,80,0,0,10.1218,7.8549,7.735296,4858273100131,10.169344,1800
perf,passes-off,1278,5881.519197,-689.8416,18,-221.4395,4000,-3275.489,80,0,0,9.008901,6.5651,8.675328,4858273181844,7.735296,1801
perf,passes-off,1279,5881.529571,-689.8416,18,-221.4395,4000,-3275.489,80,0,0,8.483901,6.5319,9.261056,4858273266275,8.675328,1802
perf,passes-off,1280,5881.539668,-689.8416,18,-221.4395,4000,-3275.489,80,0,0,11.6139,8.1888,8.324096,4858273364309,9.261056,1803
perf,passes-off,1281,5881.549102,-689.8416,18,-221.4395,4000,-3275.489,80,0,0,8.872399,8.3484,0,0,8.324096,1804
perf,passes-off,1282,5881.558308,-689.8416,18,-221.4395,4000,-3275.489,80,0,0,9.429599,7.4827,10.594304,4858273555633,0,1805
perf,passes-off,1283,5881.567307,-689.8416,18,-221.4395,4000,-3275.489,80,0,0,9.196804,6.7994,0,0,10.594304,1806
perf,passes-off,1284,5881.575713,-689.8416,18,-221.4395,4000,-3275.489,80,0,0,8.993999,8.403,9.503744,4858273755405,0,1807
perf,passes-off,1285,5881.584590,-689.8416,18,-221.4395,4000,-3275.489,80,0,0,8.418998,7.2941,9.097216,4858273845139,9.503744,1808
perf,passes-off,1286,5881.593957,-689.8416,18,-221.4395,4000,-3275.489,80,0,0,8.865405,7.3966,0,0,9.097216,1809
perf,passes-off,1287,5881.603208,-689.8416,18,-221.4395,4000,-3275.489,80,0.8,0,9.390094,7.5521,8.909824,4858274031537,0,1810
perf,passes-off,1288,5881.612482,-689.8416,18,-221.4395,4000,-3275.489,80,0.7255669,0,9.267906,7.3814,9.184256,4858274121512,8.909824,1811
perf,passes-off,1289,5881.621865,-689.8416,18,-221.4395,4000,-3275.489,80,0.6582972,0,9.231795,6.7535,0,0,9.184256,1812
perf,passes-off,1290,5881.631436,-689.8416,18,-221.4395,4000,-3275.489,80,0.5962569,0,9.394203,7.225,9.383936,4858274294367,0,1813
perf,passes-off,1291,5881.640382,-689.8416,18,-221.4395,4000,-3275.489,80,0.5385892,0,9.653897,7.6773,9.495552,4858274388208,9.383936,1814
perf,passes-off,1292,5881.649491,-689.8416,18,-221.4395,4000,-3275.489,80,0.4905739,0,8.860403,7.5294,0,0,9.495552,1815
perf,passes-off,1293,5881.658979,-689.8416,18,-221.4395,4000,-3275.489,80,0.4456858,0,9.107795,7.6227,10.170368,4858274573281,0,1816
perf,passes-off,1294,5881.668701,-689.8416,18,-221.4395,4000,-3275.489,80,0.4034265,0,9.486005,7.7516,0,0,10.170368,1817
perf,passes-off,1295,5881.676854,-689.8416,18,-221.4395,4000,-3275.489,80,0.3667168,0,9.719996,7.8812,8.054784,4858274763690,0,1818
perf,passes-off,1296,5881.686336,-689.8416,18,-221.4395,4000,-3275.489,80,0.3537646,0,8.160097,7.2026,9.079808,4858274852307,8.054784,1819
perf,passes-off,1297,5881.696713,-689.8416,18,-221.4395,4000,-3275.489,80,0.4291673,0,10.5292,7.3254,9.747456,4858274943424,9.079808,1820
perf,passes-off,1298,5881.706387,-689.8416,18,-221.4395,4000,-3275.489,80,0.6369203,0,9.424001,7.8637,0,0,9.747456,1821
perf,passes-off,1299,5881.715499,-689.8416,18,-221.4395,4000,-3275.489,80,0.8,0,9.692198,8.0121,8.026112,4858275135468,0,1822
perf,passes-off,1300,5881.725683,-689.8416,18,-221.4395,4000,-3275.489,80,0.6761836,0,9.109304,6.5198,9.723904,4858275217034,8.026111,1823
perf,passes-off,1301,5881.734176,-689.8416,18,-221.4395,4000,-3275.489,80,0.3847952,0,10.0723,7.7542,11.05408,4858275322340,9.723904,1824
perf,passes-off,1302,5881.742284,-689.8416,18,-221.4395,4000,-3275.489,80,0.2327862,0,8.488995,7.5685,9.841664,4858275416367,11.05408,1825
perf,passes-off,1303,5881.752313,-689.8416,18,-221.4395,4000,-3275.489,80,0.1767043,0,8.101701,7.9176,8.296448,4858275512375,9.841664,1826
perf,passes-off,1304,5881.761336,-689.8416,18,-221.4395,4000,-3275.489,80,0.1514119,0,10.0316,6.9769,9.878528,4858275604450,8.296448,1827
perf,passes-off,1305,5881.771067,-689.8416,18,-221.4395,4000,-3275.489,80,0.1371816,0,9.025,8.3503,8.361984,4858275705342,9.878528,1828
perf,passes-off,1306,5881.779675,-689.8416,18,-221.4395,4000,-3275.489,80,0.1237956,0,9.7331,6.8049,7.962624,4858275790237,8.361984,1829
perf,passes-off,1307,5881.789623,-689.8416,18,-221.4395,4000,-3275.489,80,0.1132171,0,8.672498,6.4945,10.068992,4858275871272,7.962624,1830
perf,passes-off,1308,5881.797845,-689.8416,18,-221.4395,4000,-3275.489,80,0.1063372,0,9.884297,8.3946,9.12896,4858275971581,10.068992,1831
perf,passes-off,1309,5881.807439,-689.8416,18,-221.4395,4000,-3275.489,80,0.1220192,0,8.239704,7.4126,9.764864,4858276061827,9.12896,1832
perf,passes-off,1310,5881.815940,-689.8416,18,-221.4395,4000,-3275.489,80,0.2084041,0,9.602098,8.112399,8.808448,4858276159169,9.764864,1833
perf,passes-off,1311,5881.825769,-689.8416,18,-221.4395,4000,-3275.489,80,0.3227944,0,8.5544,6.8315,9.001984,4858276245310,8.808448,1834
perf,passes-off,1312,5881.834230,-689.8416,18,-221.4395,4000,-3275.489,80,0.3317797,0,9.766703,8.2863,0,0,9.001984,1835
perf,passes-off,1313,5881.842840,-689.8416,18,-221.4395,4000,-3275.489,80,0.2136326,0,8.445096,6.553,8.928256,4858276427058,0,1836
perf,passes-off,1314,5881.853262,-689.8416,18,-221.4395,4000,-3275.489,80,0.09635712,0,9.721599,7.8932,9.433088,4858276522863,8.928256,1837
perf,passes-off,1315,5881.862846,-689.8416,18,-221.4395,4000,-3275.489,80,0.05730406,0,9.322902,6.7154,0,0,9.433088,1838
perf,passes-off,1316,5881.872338,-689.8416,18,-221.4395,4000,-3275.489,80,0.0473371,0,9.651098,8.1629,8.255488,4858276706213,0,1839
perf,passes-off,1317,5881.880798,-689.8416,18,-221.4395,4000,-3275.489,80,0.04258897,0,9.414605,6.7864,0,0,8.255488,1840
perf,passes-off,1318,5881.890952,-689.8416,18,-221.4395,4000,-3275.489,80,0.03894887,0,8.458298,6.9603,10.43968,4858276887642,0,1841
perf,passes-off,1319,5881.900520,-689.8416,18,-221.4395,4000,-3275.489,80,0.03499687,0,10.1527,7.6508,10.295296,4858276981194,10.43968,1842
perf,passes-off,1320,5881.909471,-689.8416,18,-221.4395,4000,-3275.489,80,0.03163563,0,9.581597,7.7192,8.797184,4858277077520,10.295296,1843
perf,passes-off,1321,5881.918307,-689.8416,18,-221.4395,4000,-3275.489,80,0.02879504,0,8.928401,7.702,8.832,4858277171866,8.797184,1844
perf,passes-off,1322,5881.928269,-689.8416,18,-221.4395,4000,-3275.489,80,0.0262327,0,8.845599,6.8344,9.5232,4858277256488,8.832,1845
perf,passes-off,1323,5881.937200,-689.8416,18,-221.4395,4000,-3275.489,80,0.02361854,0,9.961104,8.3507,10.048512,4858277358022,9.5232,1846
perf,passes-off,1324,5881.946475,-689.8416,18,-221.4395,4000,-3275.489,80,0.02149652,0,8.934098,7.6958,9.2672,4858277453798,10.048512,1847
perf,passes-off,1325,5881.955902,-689.8416,18,-221.4395,4000,-3275.489,80,0.01949332,0,9.282901,7.3254,8.246272,4858277543146,9.2672,1848
perf,passes-off,1326,5881.965531,-689.8416,18,-221.4395,4000,-3275.489,80,0.01764839,0,9.4356,6.9892,8.79616,4858277631557,8.246271,1849
perf,passes-off,1327,5881.974068,-689.8416,18,-221.4395,4000,-3275.489,80,0.01593574,0,9.687997,8.2826,0,0,8.79616,1850
perf,passes-off,1328,5881.982653,-689.8416,18,-221.4395,4000,-3275.489,80,0.01457675,0,8.459503,7.194,9.239552,4858277820505,0,1851
perf,passes-off,1329,5881.992524,-689.8416,18,-221.4395,4000,-3275.489,80,0.0133149,0,8.591702,7.4574,10.114048,4858277913271,9.239552,1852
perf,passes-off,1330,5882.001126,-689.8416,18,-221.4395,4000,-3275.489,80,0.01200058,0,9.863095,7.8093,7.944192,4858278007492,10.114048,1853
perf,passes-off,1331,5882.011017,-689.8416,18,-221.4395,4000,-3275.489,80,0.01082839,0,9.753699,7.778,8.50432,4858278104417,7.944192,1854
perf,passes-off,1332,5882.019461,-689.8416,18,-221.4395,4000,-3275.489,80,0.009876524,0,8.733305,6.8187,0,0,8.50432,1855
perf,passes-off,1333,5882.029175,-689.8416,18,-221.4395,4000,-3275.489,80,0.009035164,0,8.448696,6.7059,9.838592,4858278275064,0,1856
perf,passes-off,1334,5882.037906,-689.8416,18,-221.4395,4000,-3275.489,80,0.00815607,0,9.714399,8.247,8.85248,4858278373754,9.838592,1857
perf,passes-off,1335,5882.046855,-689.8416,18,-221.4395,4000,-3275.489,80,0.007437172,0,8.755605,6.8636,9.793536,4858278470308,8.85248,1858
perf,passes-off,1336,5882.056235,-689.8416,18,-221.4395,4000,-3275.489,80,0.006769653,0,8.926098,7.2549,8.454144,4858278558623,9.793536,1859
perf,passes-off,1337,5882.066276,-689.8416,18,-221.4395,4000,-3275.489,80,0.006133011,0,9.372399,6.8155,10.406912,4858278643076,8.454144,1860
perf,passes-off,1338,5882.075547,-689.8416,18,-221.4395,4000,-3275.489,80,0.005516405,0,10.0554,8.097099,9.1392,4858278740222,10.406912,1861
perf,passes-off,1339,5882.084535,-689.8416,18,-221.4395,4000,-3275.489,80,0,0,9.2849,7.0647,8.9088,4858278827529,9.1392,1862
perf,passes-off,1340,5882.093929,-689.8416,18,-221.4395,4000,-3275.489,80,0,0,8.964003,7.3175,0,0,8.9088,1863
perf,passes-off,1341,5882.102579,-689.8416,18,-221.4395,4000,-3275.489,80,0,0,9.397696,7.6707,9.954304,4858279010789,0,1864
perf,passes-off,1342,5882.111522,-689.8416,18,-221.4395,4000,-3275.489,80,0,0,8.721004,7.7404,9.382912,4858279111277,9.954304,1865
perf,passes-off,1343,5882.120101,-689.8416,18,-221.4395,4000,-3275.489,80,0,0,8.863301,7.4214,8.922112,4858279204005,9.382912,1866
perf,passes-off,1344,5882.130206,-689.8416,18,-221.4395,4000,-3275.489,80,0,0,8.582497,7.2874,9.540608,4858279293819,8.922112,1867
perf,passes-off,1345,5882.139217,-689.8416,18,-221.4395,4000,-3275.489,80,0,0,10.1897,7.4681,8.414208,4858279387780,9.540608,1868
perf,passes-off,1346,5882.148256,-689.8416,18,-221.4395,4000,-3275.489,80,0,0,8.930003,7.0009,7.126016,4858279474281,8.414208,1869
perf,passes-off,1347,5882.157670,-689.8416,18,-221.4395,4000,-3275.489,80,0,0,9.055697,7.3496,0,0,7.126016,1870
perf,passes-off,1348,5882.168502,-689.8416,18,-221.4395,4000,-3275.489,80,0,0,10.4882,6.9135,8.30464,4858279649458,0,1871
perf,passes-off,1349,5882.177142,-689.8416,18,-221.4395,4000,-3275.489,80,0,0,9.775503,8.281599,9.028608,4858279750738,8.304639,1872
perf,passes-off,1350,5882.186242,-689.8416,18,-221.4395,4000,-3275.489,80,0,0,8.673497,7.321,0,0,9.028608,1873
perf,passes-off,1351,5882.195301,-689.8416,18,-221.4395,4000,-3275.489,80,0,0,9.031704,7.3439,9.059328,4858279931167,0,1874
perf,passes-off,1352,5882.204373,-689.8416,18,-221.4395,4000,-3275.489,80,0,0,9.054294,7.7808,10.786816,4858280036032,9.059328,1875
perf,passes-off,1353,5882.212208,-689.8416,18,-221.4395,4000,-3275.489,80,0,0,9.072604,7.5063,8.843264,4858280133716,10.786816,1876
perf,passes-off,1354,5882.221627,-689.8416,18,-221.4395,4000,-3275.489,80,0,0,7.831398,7.0348,9.100288,4858280219869,8.843264,1877
perf,passes-off,1355,5882.230703,-689.8416,18,-221.4395,4000,-3275.489,80,0,0,9.420301,7.3451,9.368576,4858280310899,9.100288,1878
perf,passes-off,1356,5882.239143,-689.8416,18,-221.4395,4000,-3275.489,80,0,0,9.119295,7.4482,8.348672,4858280401453,9.368576,1879
perf,passes-off,1357,5882.247987,-689.8416,18,-221.4395,4000,-3275.489,80,0,0,8.396004,7.413,0,0,8.348672,1880
perf,passes-off,1358,5882.258506,-689.8416,18,-221.4395,4000,-3275.489,80,0,0,8.850801,6.2803,8.97024,4858280570515,0,1881
perf,passes-off,1359,5882.269509,-689.8416,18,-221.4395,4000,-3275.489,80,0,0,10.5447,7.804,9.585664,4858280664698,8.97024,1882
perf,passes-off,1360,5882.278827,-689.8416,18,-221.4395,4000,-3275.489,80,0,0,11.0497,7.3153,8.96512,4858280755749,9.585664,1883
perf,passes-off,1361,5882.289051,-689.8416,18,-221.4395,4000,-3275.489,80,0,0,9.264406,6.8046,10.05568,4858280839857,8.96512,1884
perf,passes-off,1362,5882.297981,-689.8416,18,-221.4395,4000,-3275.489,80,0,0,10.2046,7.223,0,0,10.05568,1885
perf,passes-off,1363,5882.307304,-689.8416,18,-221.4395,4000,-3275.489,80,0,0,9.055399,8.7802,10.980352,4858281033692,0,1886
perf,passes-off,1364,5882.315820,-689.8416,18,-221.4395,4000,-3275.489,80,0,0,9.199398,8.9499,9.470976,4858281143743,10.980352,1887
perf,passes-off,1365,5882.327101,-689.8416,18,-221.4395,4000,-3275.489,80,0,0,9.593998,7.5301,9.541632,4858281236891,9.470976,1888
perf,passes-off,1366,5882.339439,-689.8416,18,-221.4395,4000,-3275.489,80,0,0,10.2002,8.4803,0,0,9.541632,1889
perf,passes-off,1367,5882.348802,-689.8416,18,-221.4395,4000,-3275.489,80,0,0,12.3398,7.2205,8.71936,4858281428490,0,1890
perf,passes-off,1368,5882.358559,-689.8416,18,-221.4395,4000,-3275.489,80,0,0,9.415703,7.6145,9.737216,4858281521549,8.71936,1891
perf,passes-off,1369,5882.368224,-689.8416,18,-221.4395,4000,-3275.489,80,0,0,9.707101,6.6242,10.35776,4858281617355,9.737216,1892
perf,passes-off,1370,5882.377175,-689.8416,18,-221.4395,4000,-3275.489,80,0,0,9.715299,8.5525,12.212224,4858281719477,10.35776,1893
perf,passes-off,1371,5882.386593,-689.8416,18,-221.4395,4000,-3275.489,80,0,0,8.926296,10.624,9.601024,4858281842876,12.212224,1894
perf,passes-off,1372,5882.396345,-689.8416,18,-221.4395,4000,-3275.489,80,0,0,9.3936,7.5177,9.092096,4858281936645,9.601024,1895
perf,passes-off,1373,5882.405914,-689.8416,18,-221.4395,4000,-3275.489,80,0,0,9.890901,7.9568,8.884224,4858282034100,9.092096,1896
perf,passes-off,1374,5882.414238,-689.8416,18,-221.4395,4000,-3275.489,80,0,0,9.429896,7.8507,0,0,8.884224,1897
perf,passes-off,1375,5882.424476,-689.8416,18,-221.4395,4000,-3275.489,80,0,0,8.317503,7.3008,9.423872,4858282220248,0,1898
perf,passes-off,1376,5882.434361,-689.8416,18,-221.4395,4000,-3275.489,80,0,0,10.246,7.7402,9.015296,4858282314416,9.423872,1899
perf,passes-off,1377,5882.443058,-689.8416,18,-221.4395,4000,-3275.489,80,0,0,9.927395,7.8487,0,0,9.015296,1900
perf,passes-off,1378,5882.452166,-689.8416,18,-221.4395,4000,-3275.489,80,0,0,8.673002,7.7333,8.585216,4858282507661,0,1901
perf,passes-off,1379,5882.461547,-689.8416,18,-221.4395,4000,-3275.489,80,0,0,9.167297,6.6348,9.956352,4858282590845,8.585216,1902
perf,passes-off,1380,5882.471769,-689.8416,18,-221.4395,4000,-3275.489,80,0,0,9.312202,8.3729,8.568832,4858282693269,9.956352,1903
perf,passes-off,1381,5882.482246,-689.8416,18,-221.4395,4000,-3275.489,80,0,0,11.3835,8.1631,9.001984,4858282792155,8.568832,1904
perf,passes-off,1382,5882.493456,-689.8416,18,-221.4395,4000,-3275.489,80,0,0,9.4911,7.0159,9.387008,4858282879165,9.001984,1905
perf,passes-off,1383,5882.502438,-689.8416,18,-221.4395,4000,-3275.489,80,0,0,11.0857,7.4709,10.037248,4858282970266,9.387008,1906
perf,passes-off,1384,5882.511525,-689.8416,18,-221.4395,4000,-3275.489,80,0,0,8.916596,7.6708,0,0,10.037248,1907
perf,passes-off,1385,5882.520640,-689.8416,18,-221.4395,4000,-3275.489,80,0,0,9.149504,8.4635,10.674176,4858283177065,0,1908
perf,passes-off,1386,5882.531052,-689.8416,18,-221.4395,4000,-3275.489,80,0,0,9.105597,7.363,10.655744,4858283272653,10.674176,1909
perf,passes-off,1387,5882.540156,-689.8416,18,-221.4395,4000,-3275.489,80,0,0,10.3645,9.0024,8.894464,4858283383529,10.655744,1910
perf,passes-off,1388,5882.549687,-689.8416,18,-221.4395,4000,-3275.489,80,0,0,9.232901,7.174,0,0,8.894464,1911
perf,passes-off,1389,5882.559049,-689.8416,18,-221.4395,4000,-3275.489,80,0,0,9.404798,7.4085,10.258432,4858283563750,0,1912
perf,passes-off,1390,5882.569011,-689.8416,18,-221.4395,4000,-3275.489,80,0,0,9.355605,7.4112,10.005504,4858283654878,10.258432,1913
perf,passes-off,1391,5882.577445,-689.8416,18,-221.4395,4000,-3275.489,80,0,0,9.975794,8.6627,9.541632,4858283759039,10.005504,1914
perf,passes-off,1392,5882.586601,-689.8416,18,-221.4395,4000,-3275.489,80,0,0,8.463507,7.3666,0,0,9.541632,1915
perf,passes-off,1393,5882.595782,-689.8416,18,-221.4395,4000,-3275.489,80,0,0,9.110197,7.8024,9.316352,4858283945427,0,1916
perf,passes-off,1394,5882.605036,-689.8416,18,-221.4395,4000,-3275.489,80,0,0,9.1902,7.7076,10.000384,4858284038979,9.316352,1917
perf,passes-off,1395,5882.614543,-689.8416,18,-221.4395,4000,-3275.489,80,0,0,9.241801,7.9366,8.077312,4858284138684,10.000384,1918
perf,passes-off,1396,5882.625025,-689.8416,18,-221.4395,4000,-3275.489,80,0,0,9.551099,6.7747,9.903104,4858284222961,8.077311,1919
perf,passes-off,1397,5882.637237,-689.8416,18,-221.4395,4000,-3275.489,80,0,0,11.7171,7.4506,8.352768,4858284314484,9.903104,1920
perf,passes-off,1398,5882.647577,-689.8416,18,-221.4395,4000,-3275.489,80,0,0,10.9354,7.4753,0,0,8.352767,1921
perf,passes-off,1399,5882.657814,-689.8416,18,-221.4395,4000,-3275.489,80,0,0,10.3771,7.5932,9.872384,4858284498827,0,1922
perf,passes-off,1400,5882.668366,-689.8416,18,-221.4395,4000,-3275.489,80,0,0,10.2313,7.5861,0,0,9.872384,1923
perf,passes-off,1401,5882.677768,-689.8416,18,-221.4395,4000,-3275.489,80,0,0,10.521,8.5605,12.271616,4858284711264,0,1924
perf,passes-off,1402,5882.688254,-689.8416,18,-221.4395,4000,-3275.489,80,0,0,9.402699,9.243,10.738688,4858284820840,12.271616,1925
perf,passes-off,1403,5882.698660,-689.8416,18,-221.4395,4000,-3275.489,80,0,0,10.4855,8.3917,9.814016,4858284924255,10.738688,1926
perf,passes-off,1404,5882.708594,-689.8416,18,-221.4395,4000,-3275.489,80,0,0,10.4465,8.2021,9.413632,4858285026812,9.814016,1927
perf,passes-off,1405,5882.717951,-689.8416,18,-221.4395,4000,-3275.489,80,0,0,9.941199,8.724,10.396672,4858285132132,9.413632,1928
perf,passes-off,1406,5882.728829,-689.8416,18,-221.4395,4000,-3275.489,80,0,0,9.428699,7.5671,10.734592,4858285226162,10.396672,1929
perf,passes-off,1407,5882.738534,-689.8416,18,-221.4395,4000,-3275.489,80,0,0,10.8035,8.4345,0,0,10.734592,1930
perf,passes-off,1408,5882.749013,-689.8416,18,-221.4395,4000,-3275.489,80,0,0,9.6589,8.2596,9.353216,4858285435318,0,1931
perf,passes-off,1409,5882.759324,-689.8416,18,-221.4395,4000,-3275.489,80,0,0,10.4975,7.984,11.860992,4858285534857,9.353216,1932
perf,passes-off,1410,5882.770178,-689.8416,18,-221.4395,4000,-3275.489,80,0,0,10.2932,7.4214,0,0,11.860992,1933
perf,passes-off,1411,5882.787613,-689.8416,18,-221.4395,4000,-3275.489,80,0,0,10.8523,8.8562,8.346624,4858285737202,0,1934
perf,passes-off,1412,5882.799839,-689.8416,18,-221.4395,4000,-3275.489,80,0,0,18.531,7.7556,9.766912,4858285833819,8.346624,1935
perf,passes-off,1413,5882.809143,-689.8416,18,-221.4395,4000,-3275.489,80,0,0,11.1849,8.4391,10.966016,4858285938708,9.766912,1936
perf,passes-off,1414,5882.817901,-689.8416,18,-221.4395,4000,-3275.489,80,0,0,9.285899,8.4669,0,0,10.966016,1937
perf,passes-off,1415,5882.828247,-689.8416,18,-221.4395,4000,-3275.489,80,0,0,8.770799,9.0947,17.43872,4858286150242,0,1938
perf,passes-off,1416,5882.837257,-689.8416,18,-221.4395,4000,-3275.489,80,0,0,10.3024,15.5608,12.271616,4858286335406,17.43872,1939
perf,passes-off,1417,5882.846784,-689.8416,18,-221.4395,4000,-3275.489,80,0,0,9.002601,8.8271,9.08288,4858286447032,12.271616,1940
perf,passes-off,1418,5882.856836,-689.8416,18,-221.4395,4000,-3275.489,80,0,0,9.535097,7.6399,8.717312,4858286539910,9.08288,1941
perf,passes-off,1419,5882.866624,-689.8416,18,-221.4395,4000,-3275.489,80,0,0,10.1083,7.0071,10.472448,4858286627628,8.717312,1942
perf,passes-off,1420,5882.874926,-689.8416,18,-221.4395,4000,-3275.489,80,0,0,9.767694,8.557,9.913344,4858286730965,10.472448,1943
perf,passes-off,1421,5882.883719,-689.8416,18,-221.4395,4000,-3275.489,80,0,0,8.271904,7.4104,9.61024,4858286821038,9.913344,1944
perf,passes-off,1422,5882.894048,-689.8416,18,-221.4395,4000,-3275.489,80,0,0,8.943296,7.7463,0,0,9.61024,1945
perf,passes-off,1423,5882.903108,-689.8416,18,-221.4395,4000,-3275.489,80,0,0,10.1745,8.3185,9.905152,4858287016835,0,1946
perf,passes-off,1424,5882.913370,-689.8416,18,-221.4395,4000,-3275.489,80,0,0,9.150602,7.9142,8.162304,4858287114830,9.905152,1947
perf,passes-off,1425,5882.923348,-689.8416,18,-221.4395,4000,-3275.489,80,0,0,10.2148,6.6381,10.345472,4858287197794,8.162304,1948
perf,passes-off,1426,5882.933989,-689.8416,18,-221.4395,4000,-3275.489,80,0,0,10.0215,7.1011,0,0,10.345472,1949
perf,passes-off,1427,5882.942588,-689.8416,18,-221.4395,4000,-3275.489,80,0,0,10.5637,8.59,8.9344,4858287389008,0,1950
perf,passes-off,1428,5882.952927,-689.8416,18,-221.4395,4000,-3275.489,80,0,0,9.730194,7.4047,9.644032,4858287480286,8.9344,1951
perf,passes-off,1429,5882.962519,-689.8416,18,-221.4395,4000,-3275.489,80,0,0,9.197201,8.0093,0,0,9.644032,1952
perf,passes-off,1430,5882.972264,-689.8416,18,-221.4395,4000,-3275.489,80,0,0,9.593099,8.2002,11.59168,4858287682082,0,1953
perf,passes-off,1431,5882.981139,-689.8416,18,-221.4395,4000,-3275.489,80,0,0,9.738103,8.7015,7.665664,4858287788438,11.59168,1954
perf,passes-off,1432,5882.991188,-689.8416,18,-221.4395,4000,-3275.489,80,0,0,8.873399,6.7804,10.565632,4858287885601,7.665664,1955
perf,passes-off,1433,5883.000097,-689.8416,18,-221.4395,4000,-3275.489,80,0,0,10.05291,7.5552,10.226688,4858287977794,10.565632,1956
perf,passes-off,1434,5883.009145,-689.8416,18,-221.4395,4000,-3275.489,80,0,0,8.911699,7.929,8.900608,4858288073680,10.226688,1957
perf,passes-off,1435,5883.017813,-689.8416,18,-221.4395,4000,-3275.489,80,0,0,9.041596,8.0433,9.309184,4858288171118,8.900608,1958
perf,passes-off,1436,5883.027692,-689.8416,18,-221.4395,4000,-3275.489,80,0,0,8.683801,7.2234,9.462784,4858288259860,9.309184,1959
perf,passes-off,1437,5883.036588,-689.8416,18,-221.4395,4000,-3275.489,80,0,0,9.866504,8.3773,8.853504,4858288360383,9.462784,1960
perf,passes-off,1438,5883.045583,-689.8416,18,-221.4395,4000,-3275.489,80,0,0,8.895295,7.1897,9.056256,4858288449482,8.853504,1961
perf,passes-off,1439,5883.055543,-689.8416,18,-221.4395,4000,-3275.489,80,0,0,8.995501,7.4051,8.812544,4858288539921,9.056256,1962
perf,passes-off,1440,5883.065377,-689.8416,18,-221.4395,4000,-3275.489,80,0,0,9.962706,6.9805,9.725952,4858288626689,8.812544,1963
perf,passes-off,1441,5883.073737,-689.8416,18,-221.4395,4000,-3275.489,80,0,0,9.920196,8.2021,9.162752,4858288725419,9.725952,1964
perf,passes-off,1442,5883.082596,-689.8416,18,-221.4395,4000,-3275.489,80,0,0,8.271103,7.2286,0,0,9.162752,1965
perf,passes-off,1443,5883.092645,-689.8416,18,-221.4395,4000,-3275.489,80,0,0,8.962095,7.2859,9.80992,4858288904320,0,1966
perf,passes-off,1444,5883.102185,-689.8416,18,-221.4395,4000,-3275.489,80,0,0,11.0247,8.2584,7.752704,4858289003944,9.80992,1967
perf,passes-off,1445,5883.111333,-689.8416,18,-221.4395,4000,-3275.489,80,0,0,8.4588,8.006299,0,0,7.752704,1968
perf,passes-off,1446,5883.120245,-689.8416,18,-221.4395,4000,-3275.489,80,0,0,9.205202,6.6475,8.834048,4858289185862,0,1969
perf,passes-off,1447,5883.130763,-689.8416,18,-221.4395,4000,-3275.489,80,0,0,8.861096,6.8898,9.735168,4858289274524,8.834048,1970
perf,passes-off,1448,5883.139308,-689.8416,18,-221.4395,4000,-3275.489,80,0,0,10.5297,8.354799,8.958976,4858289385600,9.735168,1971
perf,passes-off,1449,5883.148768,-689.8416,18,-221.4395,4000,-3275.489,80,0,0,8.578501,6.7939,0,0,8.958976,1972
perf,passes-off,1450,5883.158436,-689.8416,18,-221.4395,4000,-3275.489,80,0,0,9.431398,7.4459,9.019392,4858289561808,0,1973
perf,passes-off,1451,5883.168293,-689.8416,18,-221.4395,4000,-3275.489,80,0,0,9.652204,7.2955,11.060224,4858289650989,9.019392,1974
perf,passes-off,1452,5883.176870,-689.8416,18,-221.4395,4000,-3275.489,80,0,0,9.8571,8.6719,8.8832,4858289756214,11.060224,1975
perf,passes-off,1453,5883.185892,-689.8416,18,-221.4395,4000,-3275.489,80,0,0,8.577295,6.8589,8.860672,4858289841602,8.8832,1976
perf,passes-off,1454,5883.195448,-689.8416,18,-221.4395,4000,-3275.489,80,0,0,9.016305,7.5361,9.36448,4858289936268,8.860672,1977
perf,passes-off,1455,5883.204932,-689.8416,18,-221.4395,4000,-3275.489,80,0,0,9.563399,7.9937,9.806848,4858290032899,9.36448,1978
perf,passes-off,1456,5883.213411,-689.8416,18,-221.4395,4000,-3275.489,80,0,0,9.478097,8.1046,8.495104,4858290131469,9.806848,1979
perf,passes-off,1457,5883.223095,-689.8416,18,-221.4395,4000,-3275.489,80,0,0,8.501701,6.8713,9.05728,4858290217199,8.495104,1980
perf,passes-off,1458,5883.232386,-689.8416,18,-221.4395,4000,-3275.489,80,0,0,9.682199,7.2895,10.925056,4858290307405,9.05728,1981
perf,passes-off,1459,5883.240754,-689.8416,18,-221.4395,4000,-3275.489,80,0,0,9.282803,7.8494,10.089472,4858290403006,10.925056,1982
perf,passes-off,1460,5883.249822,-689.8416,18,-221.4395,4000,-3275.489,80,0,0,8.418899,7.7789,6.71744,4858290497809,10.089472,1983
perf,passes-off,1461,5883.260162,-689.8416,18,-221.4395,4000,-3275.489,80,0,0,10.0565,6.6625,9.700352,4858290582768,6.71744,1984
perf,passes-off,1462,5883.270082,-689.8416,18,-221.4395,4000,-3275.489,80,0,0,9.2839,8.014699,0,0,9.700352,1985
perf,passes-off,1463,5883.280087,-689.8416,18,-221.4395,4000,-3275.489,80,0,0,9.921103,7.3564,7.8336,4858290772423,0,1986
perf,passes-off,1464,5883.290701,-689.8416,18,-221.4395,4000,-3275.489,80,0,0,10.0122,6.6607,9.541632,4858290856027,7.8336,1987
perf,passes-off,1465,5883.299348,-689.8416,18,-221.4395,4000,-3275.489,80,0,0,10.60879,7.4079,9.797632,4858290957194,9.541632,1988
perf,passes-off,1466,5883.308494,-689.8416,18,-221.4395,4000,-3275.489,80,0,0,8.688705,7.6229,10.180608,4858291050077,9.797632,1989
perf,passes-off,1467,5883.317397,-689.8416,18,-221.4395,4000,-3275.489,80,0,0,9.106597,8.2765,10.272768,4858291149301,10.180608,1990
perf,passes-off,1468,5883.327387,-689.8416,18,-221.4395,4000,-3275.489,80,0,0,8.9383,8.193199,0,0,10.272768,1991
perf,passes-off,1469,5883.336534,-689.8416,18,-221.4395,4000,-3275.489,80,0,0,9.950701,8.9106,8.781824,4858291355501,0,1992
perf,passes-off,1470,5883.345964,-689.8416,18,-221.4395,4000,-3275.489,80,0,0,9.150496,6.655,8.880128,4858291442207,8.781824,1993
perf,passes-off,1471,5883.355485,-689.8416,18,-221.4395,4000,-3275.489,80,0,0,9.477105,7.3559,9.176064,4858291533379,8.880128,1994
perf,passes-off,1472,5883.364800,-689.8416,18,-221.4395,4000,-3275.489,80,0,0,9.470402,7.1293,9.992192,4858291622502,9.176064,1995
perf,passes-off,1473,5883.373411,-689.8416,18,-221.4395,4000,-3275.489,80,0,0,9.314696,8.3027,10.492928,4858291722351,9.992192,1996
perf,passes-off,1474,5883.382262,-689.8416,18,-221.4395,4000,-3275.489,80,0,0,8.663697,7.4892,0,0,10.492928,1997
perf,passes-off,1475,5883.392201,-689.8416,18,-221.4395,4000,-3275.489,80,0,0,8.811905,7.6989,9.793536,4858291908529,0,1998
perf,passes-off,1476,5883.400806,-689.8416,18,-221.4395,4000,-3275.489,80,0,0,9.924001,7.825,0,0,9.793536,1999
perf,passes-off,1477,5883.411222,-689.8416,18,-221.4395,4000,-3275.489,80,0,0,9.6599,7.5961,9.148416,4858292096470,0,2000
perf,passes-off,1478,5883.420111,-689.8416,18,-221.4395,4000,-3275.489,80,0,0,9.370195,6.8332,0,0,9.148416,2001
perf,passes-off,1479,5883.430813,-689.8416,18,-221.4395,4000,-3275.489,80,0,0,8.918503,6.9162,9.672704,4858292271175,0,2002
perf,passes-off,1480,5883.439852,-689.8416,18,-221.4395,4000,-3275.489,80,0,0,10.6751,8.3421,10.257408,4858292370492,9.672704,2003
perf,passes-off,1481,5883.449152,-689.8416,18,-221.4395,4000,-3275.489,80,0,0,9.047201,6.8781,8.931328,4858292467023,10.257408,2004
perf,passes-off,1482,5883.459099,-689.8416,18,-221.4395,4000,-3275.489,80,0,0,9.2973,7.446,0,0,8.931328,2005
perf,passes-off,1483,5883.469062,-689.8416,18,-221.4395,4000,-3275.489,80,0,0,9.967197,7.1263,11.459584,4858292649657,0,2006
perf,passes-off,1484,5883.478049,-689.8416,18,-221.4395,4000,-3275.489,80,0,0,9.946705,8.8652,8.054784,4858292756632,11.459584,2007
perf,passes-off,1485,5883.487257,-689.8416,18,-221.4395,4000,-3275.489,80,0,0,9.061898,7.2849,9.521152,4858292847097,8.054784,2008
perf,passes-off,1486,5883.496944,-689.8416,18,-221.4395,4000,-3275.489,80,0,0,9.1465,7.398,9.752576,4858292940056,9.521152,2009
perf,passes-off,1487,5883.507567,-689.8416,18,-221.4395,4000,-3275.489,80,0,0,9.692701,8.0692,9.862144,4858293039659,9.752576,2010
perf,passes-off,1488,5883.516527,-689.8416,18,-221.4395,4000,-3275.489,80,0,0,10.6355,8.1171,9.227264,4858293139243,9.862144,2011
perf,passes-off,1489,5883.526698,-689.8416,18,-221.4395,4000,-3275.489,80,0,0,8.937996,7.2049,0,0,9.227264,2012
perf,passes-off,1490,5883.535336,-689.8416,18,-221.4395,4000,-3275.489,80,0,0,10.1443,7.5106,10.413056,4858293321281,0,2013
perf,passes-off,1491,5883.544585,-689.8416,18,-221.4395,4000,-3275.489,80,0,0,8.650199,7.8117,9.873408,4858293418140,10.413056,2014
perf,passes-off,1492,5883.553822,-689.8416,18,-221.4395,4000,-3275.489,80,0,0,9.235501,8.8888,9.192448,4858293524165,9.873408,2015
perf,passes-off,1493,5883.564682,-689.8416,18,-221.4395,4000,-3275.489,80,0,0,10.3727,7.1931,8.741888,4858293613840,9.192448,2016
perf,passes-off,1494,5883.573965,-689.8416,18,-221.4395,4000,-3275.489,80,0,0,9.735501,8.4784,9.066496,4858293715480,8.741888,2017
perf,passes-off,1495,5883.582901,-689.8416,18,-221.4395,4000,-3275.489,80,0,0,9.284397,6.8524,0,0,9.066496,2018
perf,passes-off,1496,5883.593330,-689.8416,18,-221.4395,4000,-3275.489,80,0,0,8.935402,7.564,10.5728,4858293894334,0,2019
perf,passes-off,1497,5883.602202,-689.8416,18,-221.4395,4000,-3275.489,80,0,0,10.4302,7.4893,0,0,10.5728,2020
perf,passes-off,1498,5883.611277,-689.8416,18,-221.4395,4000,-3275.489,80,0,0.8,8.861403,8.0653,8.48384,4858294095361,0,2021
perf,passes-off,1499,5883.620281,-689.8416,18,-221.4395,4000,-3275.489,80,0,0.7507904,9.088096,7.6337,8.875008,4858294188210,8.48384,2022
perf,passes-off,1500,5883.630963,-689.8416,18,-221.4395,4000,-3275.489,80,0,0.7050775,8.990307,7.081,10.392576,4858294277567,8.875008,2023
perf,passes-off,1501,5883.639687,-689.8416,18,-221.4395,4000,-3275.489,80,0,0.6542103,10.7176,8.6588,8.97024,4858294381864,10.392576,2024
perf,passes-off,1502,5883.649272,-689.8416,18,-221.4395,4000,-3275.489,80,0,0.6156809,8.687698,6.9649,0,0,8.97024,2025
perf,passes-off,1503,5883.658812,-689.8416,18,-221.4395,4000,-3275.489,80,0,0.5756035,9.633702,7.4035,10.960896,4858294561319,0,2026
perf,passes-off,1504,5883.668118,-689.8416,18,-221.4395,4000,-3275.489,80,0,0.5386802,9.488804,7.3487,0,0,10.960896,2027
perf,passes-off,1505,5883.676603,-689.8416,18,-221.4395,4000,-3275.489,80,0,0.5047438,9.3143,8.7816,8.28416,4858294758420,0,2028
perf,passes-off,1506,5883.685895,-689.8416,18,-221.4395,4000,-3275.489,80,0,0.4757206,8.4768,7.0788,9.408512,4858294845381,8.28416,2029
perf,passes-off,1507,5883.695450,-689.8416,18,-221.4395,4000,-3275.489,80,0,0.4458019,9.298101,7.286,9.350144,4858294941252,9.408512,2030
perf,passes-off,1508,5883.705168,-689.8416,18,-221.4395,4000,-3275.489,80,0,0.4170128,9.568296,7.9058,0,0,9.350144,2031
perf,passes-off,1509,5883.714861,-689.8416,18,-221.4395,4000,-3275.489,80,0,0.3872272,10.7764,7.5612,9.401344,4858295129712,0,2032
perf,passes-off,1510,5883.724709,-689.8416,18,-221.4395,4000,-3275.489,80,0,0.366755,8.638095,6.7665,9.865216,4858295214512,9.401344,2033
perf,passes-off,1511,5883.734474,-689.8416,18,-221.4395,4000,-3275.489,80,0,0.3535714,9.869402,7.5809,8.817664,4858295307477,9.865216,2034
perf,passes-off,1512,5883.742652,-689.8416,18,-221.4395,4000,-3275.489,80,0,0.3690808,9.746499,7.8048,0,0,8.817664,2035
perf,passes-off,1513,5883.751475,-689.8416,18,-221.4395,4000,-3275.489,80,0,0.4247087,8.148398,7.983,10.025984,4858295510862,0,2036
perf,passes-off,1514,5883.761149,-689.8416,18,-221.4395,4000,-3275.489,80,0,0.5403113,8.834502,6.8976,9.713664,4858295597219,10.025984,2037
perf,passes-off,1515,5883.770831,-689.8416,18,-221.4395,4000,-3275.489,80,0,0.6990566,9.665101,8.1211,10.10688,4858295695879,9.713664,2038
perf,passes-off,1516,5883.779181,-689.8416,18,-221.4395,4000,-3275.489,80,0,0.7979921,9.697102,8.0336,7.79264,4858295793361,10.10688,2039
perf,passes-off,1517,5883.790999,-689.8416,18,-221.4395,4000,-3275.489,80,0,0.7672967,8.544296,6.4698,11.268096,4858295874976,7.79264,2040
perf,passes-off,1518,5883.799767,-689.8416,18,-221.4395,4000,-3275.489,80,0,0.5726194,11.6295,7.14,0,0,11.268096,2041
perf,passes-off,1519,5883.808998,-689.8416,18,-221.4395,4000,-3275.489,80,0,0.4026264,8.785899,7.9624,7.89504,4858296059954,0,2042
perf,passes-off,1520,5883.817989,-689.8416,18,-221.4395,4000,-3275.489,80,0,0.2741527,9.194905,7.9429,8.574976,4858296156889,7.89504,2043
perf,passes-off,1521,5883.828043,-689.8416,18,-221.4395,4000,-3275.489,80,0,0.205525,9.074595,6.6034,9.015296,4858296242052,8.574976,2044
perf,passes-off,1522,5883.836899,-689.8416,18,-221.4395,4000,-3275.489,80,0,0.1714763,9.9785,9.9485,0,0,9.015296,2045
perf,passes-off,1523,5883.846337,-689.8416,18,-221.4395,4000,-3275.489,80,0,0.1565262,8.849999,6.8769,8.836096,4858296446399,0,2046
perf,passes-off,1524,5883.856393,-689.8416,18,-221.4395,4000,-3275.489,80,0,0.1454534,9.485204,7.5226,10.30144,4858296538465,8.836096,2047
perf,passes-off,1525,5883.867748,-689.8416,18,-221.4395,4000,-3275.489,80,0,0.1344252,11.1181,7.0685,8.805376,4858296628418,10.30144,2048
perf,passes-off,1526,5883.877485,-689.8416,18,-221.4395,4000,-3275.489,80,0,0.1250835,10.3041,8.336399,9.377792,4858296728949,8.805376,2049
perf,passes-off,1527,5883.887596,-689.8416,18,-221.4395,4000,-3275.489,80,0,0.1169588,9.700794,7.1605,0,0,9.377792,2050
perf,passes-off,1528,5883.898497,-689.8416,18,-221.4395,4000,-3275.489,80,0,0.1096507,10.11361,7.518,11.603968,4858296911973,0,2051
perf,passes-off,1529,5883.908600,-689.8416,18,-221.4395,4000,-3275.489,80,0,0.1065236,10.958,8.205999,0,0,11.603968,2052
perf,passes-off,1530,5883.918428,-689.8416,18,-221.4395,4000,-3275.489,80,0,0.1189651,10.03,8.3252,10.056704,4858297126021,0,2053
perf,passes-off,1531,5883.929012,-689.8416,18,-221.4395,4000,-3275.489,80,0,0.1642668,9.9357,7.8374,0,0,10.056704,2054
perf,passes-off,1532,5883.939274,-689.8416,18,-221.4395,4000,-3275.489,80,0,0.2531277,10.475,8.137499,9.397248,4858297324565,0,2055
perf,passes-off,1533,5883.949519,-689.8416,18,-221.4395,4000,-3275.489,80,0,0.3364036,10.28691,8.9604,9.701376,4858297434052,9.397248,2056
perf,passes-off,1534,5883.959428,-689.8416,18,-221.4395,4000,-3275.489,80,0,0.3434432,10.2586,8.2652,0,0,9.701376,2057
perf,passes-off,1535,5883.968777,-689.8416,18,-221.4395,4000,-3275.489,80,0,0.2670411,9.8732,7.5348,11.148288,4858297632883,0,2058
perf,passes-off,1536,5883.977299,-689.8416,18,-221.4395,4000,-3275.489,80,0,0.1717549,9.335998,8.8066,9.49248,4858297738642,11.148288,2059
perf,passes-off,1537,5883.988854,-689.8416,18,-221.4395,4000,-3275.489,80,0,0.1064931,8.561104,8.3599,10.505216,4858297841405,9.49248,2060
perf,passes-off,1538,5884.000338,-689.8416,18,-221.4395,4000,-3275.489,80,0,0.06427901,11.5415,8.201599,9.63584,4858297943957,10.505216,2061
perf,passes-off,1539,5884.009683,-689.8416,18,-221.4395,4000,-3275.489,80,0,0.05101708,11.4793,8.0897,7.415808,4858298042851,9.63584,2062
perf,passes-off,1540,5884.019907,-689.8416,18,-221.4395,4000,-3275.489,80,0,0.04623608,10.4007,7.6219,11.53536,4858298136263,7.415808,2063
perf,passes-off,1541,5884.031744,-689.8416,18,-221.4395,4000,-3275.489,80,0,0.04322725,9.176099,6.675,11.703296,4858298221690,11.53536,2064
perf,passes-off,1542,5884.040737,-689.8416,18,-221.4395,4000,-3275.489,80,0,0.0397764,11.8517,9.6051,8.768512,4858298337184,11.703296,2065
perf,passes-off,1543,5884.050583,-689.8416,18,-221.4395,4000,-3275.489,80,0,0.03736248,8.9599,9.361,0,0,8.768512,2066
perf,passes-off,1544,5884.060693,-689.8416,18,-221.4395,4000,-3275.489,80,0,0.03487501,9.8607,7.6154,10.51648,4858298555977,0,2067
perf,passes-off,1545,5884.070486,-689.8416,18,-221.4395,4000,-3275.489,80,0,0.03246221,10.2621,7.41,12.278784,4858298647736,10.51648,2068
perf,passes-off,1546,5884.079716,-689.8416,18,-221.4395,4000,-3275.489,80,0,0.03034788,9.638301,9.934,8.35072,4858298766201,12.278784,2069
perf,passes-off,1547,5884.091832,-689.8416,18,-221.4395,4000,-3275.489,80,0,0.02843183,9.335196,7.117,9.919488,4858298855935,8.35072,2070
perf,passes-off,1548,5884.103053,-689.8416,18,-221.4395,4000,-3275.489,80,0,0.02614057,12.0264,7.8948,9.71264,4858298954472,9.919488,2071
perf,passes-off,1549,5884.112858,-689.8416,18,-221.4395,4000,-3275.489,80,0,0.02415437,11.3107,8.266299,9.78944,4858299055564,9.71264,2072
perf,passes-off,1550,5884.124960,-689.8416,18,-221.4395,4000,-3275.489,80,0,0.0225607,9.769395,8.0822,0,0,9.78944,2073
perf,passes-off,1551,5884.135673,-689.8416,18,-221.4395,4000,-3275.489,80,0,0.02074175,12.0301,6.9822,11.210752,4858299246506,0,2074
perf,passes-off,1552,5884.145081,-689.8416,18,-221.4395,4000,-3275.489,80,0,0.01924485,10.7223,10.0478,0,0,11.210752,2075
perf,passes-off,1553,5884.155701,-689.8416,18,-221.4395,4000,-3275.489,80,0,0.01802139,9.401502,9.2671,10.586112,4858299479987,0,2076
perf,passes-off,1554,5884.167389,-689.8416,18,-221.4395,4000,-3275.489,80,0,0.01673172,10.6273,7.9261,11.167744,4858299577661,10.586112,2077
perf,passes-off,1555,5884.177087,-689.8416,18,-221.4395,4000,-3275.489,80,0,0.01530463,12.7599,9.9382,9.306112,4858299698152,11.167744,2078
perf,passes-off,1556,5884.186753,-689.8416,18,-221.4395,4000,-3275.489,80,0,0.01441095,8.611699,8.7396,10.61888,4858299805364,9.306112,2079
perf,passes-off,1557,5884.197516,-689.8416,18,-221.4395,4000,-3275.489,80,0,0.01346911,9.674901,7.574,0,0,10.61888,2080
perf,passes-off,1558,5884.208313,-689.8416,18,-221.4395,4000,-3275.489,80,0,0.01249256,10.7726,8.6221,10.848256,4858300005664,0,2081
perf,passes-off,1559,5884.217339,-689.8416,18,-221.4395,4000,-3275.489,80,0,0.01158605,10.7825,8.9311,0,0,10.848256,2082
perf,passes-off,1560,5884.227965,-689.8416,18,-221.4395,4000,-3275.489,80,0,0.01087815,9.022902,6.914,8.465408,4858300219455,0,2083
perf,passes-off,1561,5884.237262,-689.8416,18,-221.4395,4000,-3275.489,80,0,0.0100986,10.6435,7.9371,9.814016,4858300316175,8.465408,2084
perf,passes-off,1562,5884.246529,-689.8416,18,-221.4395,4000,-3275.489,80,0,0.009464795,9.276303,8.7705,0,0,9.814016,2085
perf,passes-off,1563,5884.256424,-689.8416,18,-221.4395,4000,-3275.489,80,0,0.008868761,9.310601,8.9914,10.090496,4858300531726,0,2086
perf,passes-off,1564,5884.266492,-689.8416,18,-221.4395,4000,-3275.489,80,0,0.008278646,9.855498,7.2784,0,0,10.090496,2087
perf,passes-off,1565,5884.274971,-689.8416,18,-221.4395,4000,-3275.489,80,0,0.007715964,10.0737,8.6168,9.822208,4858300728342,0,2088
perf,passes-off,1566,5884.284349,-689.8416,18,-221.4395,4000,-3275.489,80,0,0.007272671,8.468204,7.6082,0,0,9.822208,2089
perf,passes-off,1567,5884.295644,-689.8416,18,-221.4395,4000,-3275.489,80,0,0.006811322,9.380499,7.395,9.141248,4858300914109,0,2090
perf,passes-off,1568,5884.306293,-689.8416,18,-221.4395,4000,-3275.489,80,0,0.006294374,11.2988,8.1328,8.392704,4858301012818,9.141248,2091
perf,passes-off,1569,5884.315688,-689.8416,18,-221.4395,4000,-3275.489,80,0,0.00584253,10.662,7.9897,0,0,8.392704,2092
perf,passes-off,1570,5884.326931,-689.8416,18,-221.4395,4000,-3275.489,80,0,0.005471537,9.389902,6.7066,11.751424,4858301198280,0,2093
perf,passes-off,1571,5884.337113,-689.8416,18,-221.4395,4000,-3275.489,80,0,0,12.2906,7.3222,9.971712,4858301292047,11.751424,2094
perf,passes-off,1572,5884.345967,-689.8416,18,-221.4395,4000,-3275.489,80,0,0,9.144204,9.421,0,0,9.971712,2095
perf,passes-off,1573,5884.355432,-689.8416,18,-221.4395,4000,-3275.489,80,0,0,8.832901,8.367599,9.834496,4858301511530,0,2096
perf,passes-off,1574,5884.364399,-689.8416,18,-221.4395,4000,-3275.489,80,0,0,9.444997,7.3248,10.897408,4858301605522,9.834496,2097
perf,passes-off,1575,5884.373805,-689.8416,18,-221.4395,4000,-3275.489,80,0,0,8.980598,9.3487,9.827328,4858301728418,10.897408,2098
perf,passes-off,1576,5884.384183,-689.8416,18,-221.4395,4000,-3275.489,80,0,0,9.420402,7.2692,8.578048,4858301819619,9.827328,2099
perf,passes-off,1577,5884.394394,-689.8416,18,-221.4395,4000,-3275.489,80,0,0,10.4429,7.2131,0,0,8.578048,2100
perf,passes-off,1578,5884.404617,-689.8416,18,-221.4395,4000,-3275.489,80,0,0,10.1342,7.7684,9.6,4858302002749,0,2101
perf,passes-off,1579,5884.414161,-689.8416,18,-221.4395,4000,-3275.489,80,0,0,10.2868,7.2934,8.589312,4858302092528,9.6,2102
perf,passes-off,1580,5884.424101,-689.8416,18,-221.4395,4000,-3275.489,80,0,0,9.4954,7.2625,11.401216,4858302186692,8.589312,2103
perf,passes-off,1581,5884.433638,-689.8416,18,-221.4395,4000,-3275.489,80,0,0,9.918197,8.4226,9.848832,4858302290386,11.401216,2104
perf,passes-off,1582,5884.441801,-689.8416,18,-221.4395,4000,-3275.489,80,0,0,9.545797,8.4179,0,0,9.848832,2105
perf,passes-off,1583,5884.451842,-689.8416,18,-221.4395,4000,-3275.489,80,0,0,8.151402,7.8229,8.932352,4858302494953,0,2106
perf,passes-off,1584,5884.462663,-689.8416,18,-221.4395,4000,-3275.489,80,0,0,10.0631,7.7512,0,0,8.932352,2107
perf,passes-off,1585,5884.472952,-689.8416,18,-221.4395,4000,-3275.489,80,0,0,11.0035,8.1753,8.153088,4858302689525,0,2108
perf,passes-off,1586,5884.482108,-689.8416,18,-221.4395,4000,-3275.489,80,0,0,10.08421,7.758,9.903104,4858302784969,8.153088,2109
perf,passes-off,1587,5884.493715,-689.8416,18,-221.4395,4000,-3275.489,80,0,0,10.5415,6.4786,11.350016,4858302866531,9.903104,2110
perf,passes-off,1588,5884.503004,-689.8416,18,-221.4395,4000,-3275.489,80,0,0,10.236,7.7583,0,0,11.350016,2111
perf,passes-off,1589,5884.512421,-689.8416,18,-221.4395,4000,-3275.489,80,0,0,9.3322,8.8632,9.694208,4858303076219,0,2112
perf,passes-off,1590,5884.522899,-689.8416,18,-221.4395,4000,-3275.489,80,0,0,9.3581,8.4331,9.631744,4858303178022,9.694208,2113
perf,passes-off,1591,5884.533370,-689.8416,18,-221.4395,4000,-3275.489,80,0,0,10.5097,7.1494,11.042816,4858303283109,9.631744,2114
perf,passes-off,1592,5884.541773,-689.8416,18,-221.4395,4000,-3275.489,80,0,0,10.4585,8.4364,10.12736,4858303385734,11.042816,2115
perf,passes-off,1593,5884.552312,-689.8416,18,-221.4395,4000,-3275.489,80,0,0,8.405804,7.4992,9.413632,4858303478883,10.12736,2116
perf,passes-off,1594,5884.562527,-689.8416,18,-221.4395,4000,-3275.489,80,0,0,10.5469,7.7215,10.786816,4858303572698,9.413632,2117
perf,passes-off,1595,5884.573174,-689.8416,18,-221.4395,4000,-3275.489,80,0,0,10.1818,8.6743,0,0,10.786816,2118
perf,passes-off,1596,5884.582438,-689.8416,18,-221.4395,4000,-3275.489,80,0,0,10.6712,8.266999,8.067072,4858303782311,0,2119
perf,passes-off,1597,5884.593009,-689.8416,18,-221.4395,4000,-3275.489,80,0,0,9.311501,6.6604,10.645504,4858303866368,8.067072,2120
perf,passes-off,1598,5884.601855,-689.8416,18,-221.4395,4000,-3275.489,80,0,0,10.5079,8.7109,10.917888,4858303971858,10.645504,2121
perf,passes-off,1599,5884.610799,-689.8416,18,-221.4395,4000,-3275.489,80,0,0,8.845599,8.452,9.869312,4858304073729,10.917888,2122
perf,passes-off,1600,5884.620131,-689.8416,18,-221.4395,4000,-3275.489,80,0,0,8.949603,8.9347,9.624576,4858304180375,9.869312,2123
perf,passes-off,1601,5884.630159,-689.8416,18,-221.4395,4000,-3275.489,80,0,0,9.320798,7.2824,11.134976,4858304273278,9.624576,2124
perf,passes-off,1602,5884.639844,-689.8416,18,-221.4395,4000,-3275.489,80,0,0,10.0863,8.8005,7.902208,4858304378619,11.134976,2125
perf,passes-off,1603,5884.650737,-689.8416,18,-221.4395,4000,-3275.489,80,0,0,10.7043,6.8789,9.15968,4858304467086,7.902208,2126
perf,passes-off,1604,5884.660889,-689.8416,18,-221.4395,4000,-3275.489,80,0,0,9.833694,7.2302,10.907648,4858304556580,9.15968,2127
perf,passes-off,1605,5884.671630,-689.8416,18,-221.4395,4000,-3275.489,80,0,0,10.158,7.7157,0,0,10.907648,2128
perf,passes-off,1606,5884.680906,-689.8416,18,-221.4395,4000,-3275.489,80,0,0,10.7156,8.215,8.6016,4858304750420,0,2129
perf,passes-off,1607,5884.691524,-689.8416,18,-221.4395,4000,-3275.489,80,0,0,9.319898,7.6293,10.372096,4858304857548,8.6016,2130
perf,passes-off,1608,5884.701107,-689.8416,18,-221.4395,4000,-3275.489,80,0,0,10.5799,7.9013,0,0,10.372096,2131
perf,passes-off,1609,5884.710063,-689.8416,18,-221.4395,4000,-3275.489,80,0,0,9.587302,8.3719,9.931776,4858305057544,0,2132
perf,passes-off,1610,5884.719185,-689.8416,18,-221.4395,4000,-3275.489,80,0,0,8.9561,8.9862,0,0,9.931776,2133
perf,passes-off,1611,5884.729157,-689.8416,18,-221.4395,4000,-3275.489,80,0,0,9.164399,7.373,9.786368,4858305257740,0,2134
perf,passes-off,1612,5884.738208,-689.8416,18,-221.4395,4000,-3275.489,80,0,0,9.920904,8.885,9.672704,4858305363746,9.786368,2135
perf,passes-off,1613,5884.747908,-689.8416,18,-221.4395,4000,-3275.489,80,0,0,9.0794,7.4715,8.812544,4858305459611,9.672704,2136
perf,passes-off,1614,5884.759228,-689.8416,18,-221.4395,4000,-3275.489,80,0,0,9.800297,7.2568,9.10336,4858305549164,8.812544,2137
perf,passes-off,1615,5884.770077,-689.8416,18,-221.4395,4000,-3275.489,80,0,0,11.1953,7.4428,7.91552,4858305640399,9.10336,2138
perf,passes-off,1616,5884.778590,-689.8416,18,-221.4395,4000,-3275.489,80,0,0,10.85519,8.3025,10.57792,4858305740061,7.91552,2139
perf,passes-off,1617,5884.789497,-689.8416,18,-221.4395,4000,-3275.489,80,0,0,8.510502,7.3012,0,0,10.57792,2140
perf,passes-off,1618,5884.798283,-689.8416,18,-221.4395,4000,-3275.489,80,0,0,10.9271,7.8476,10.748928,4858305928677,0,2141
perf,passes-off,1619,5884.810461,-689.8416,18,-221.4395,4000,-3275.489,80,0,0,10.0806,9.3858,8.373248,4858306040790,10.748928,2142
perf,passes-off,1620,5884.821773,-689.8416,18,-221.4395,4000,-3275.489,80,0,0,10.9059,9.0357,0,0,8.373248,2143
perf,passes-off,1621,5884.832674,-689.8416,18,-221.4395,4000,-3275.489,80,0,0,11.2982,6.764,10.432512,4858306234448,0,2144
perf,passes-off,1622,5884.841617,-689.8416,18,-221.4395,4000,-3275.489,80,0,0,10.9236,9.1089,10.358784,4858306343668,10.432512,2145
perf,passes-off,1623,5884.851473,-689.8416,18,-221.4395,4000,-3275.489,80,0,0,8.915802,6.9861,10.468352,4858306444158,10.358784,2146
perf,passes-off,1624,5884.860951,-689.8416,18,-221.4395,4000,-3275.489,80,0,0,9.842297,8.9948,11.360256,4858306553482,10.468352,2147
perf,passes-off,1625,5884.870963,-689.8416,18,-221.4395,4000,-3275.489,80,0,0,9.459998,9.3485,0,0,11.360256,2148
perf,passes-off,1626,5884.879130,-689.8416,18,-221.4395,4000,-3275.489,80,0,0,10.0119,8.8383,8.538112,4858306775607,0,2149
perf,passes-off,1627,5884.890565,-689.8416,18,-221.4395,4000,-3275.489,80,0,0,8.171606,7.1664,9.877504,4858306864912,8.538112,2150
perf,passes-off,1628,5884.899674,-689.8416,18,-221.4395,4000,-3275.489,80,0,0,11.4402,7.9362,10.083328,4858306963301,9.877504,2151
perf,passes-off,1629,5884.909001,-689.8416,18,-221.4395,4000,-3275.489,80,0,0,9.135297,7.8204,8.636416,4858307057990,10.083328,2152
perf,passes-off,1630,5884.918418,-689.8416,18,-221.4395,4000,-3275.489,80,0,0,9.312903,8.3459,10.805248,4858307158125,8.636416,2153
perf,passes-off,1631,5884.928960,-689.8416,18,-221.4395,4000,-3275.489,80,0,0,9.545096,6.5436,8.859648,4858307239830,10.805248,2154
perf,passes-off,1632,5884.938088,-689.8416,18,-221.4395,4000,-3275.489,80,0,0,10.4104,9.6606,0,0,8.859648,2155
perf,passes-off,1633,5884.947351,-689.8416,18,-221.4395,4000,-3275.489,80,0,0,9.1179,6.8869,9.44128,4858307445413,0,2156
perf,passes-off,1634,5884.957407,-689.8416,18,-221.4395,4000,-3275.489,80,0,0,9.260601,7.4924,9.56928,4858307538632,9.44128,2157
perf,passes-off,1635,5884.967868,-689.8416,18,-221.4395,4000,-3275.489,80,0,0,11.1346,7.4045,8.568832,4858307633166,9.56928,2158
perf,passes-off,1636,5884.976290,-689.8416,18,-221.4395,4000,-3275.489,80,0,0,9.390795,8.773,0,0,8.568832,2159
perf,passes-off,1637,5884.985533,-689.8416,18,-221.4395,4000,-3275.489,80,0,0,8.412699,7.4486,9.101312,4858307829407,0,2160
perf,passes-off,1638,5884.994953,-689.8416,18,-221.4395,4000,-3275.489,80,0,0,9.2446,7.5219,9.802752,4858307922026,9.101312,2161
perf,passes-off,1639,5885.004332,-689.8416,18,-221.4395,4000,-3275.489,80,0,0,9.442701,8.2959,10.795008,4858308033253,9.802752,2162
perf,passes-off,1640,5885.013559,-689.8416,18,-221.4395,4000,-3275.489,80,0,0,9.361104,7.6259,7.918592,4858308127239,10.795008,2163
perf,passes-off,1641,5885.023036,-689.8416,18,-221.4395,4000,-3275.489,80,0,0,9.229095,6.6689,9.468928,4858308211403,7.918592,2164
perf,passes-off,1642,5885.033394,-689.8416,18,-221.4395,4000,-3275.489,80,0,0,9.495202,7.4234,10.008576,4858308303842,9.468928,2165
perf,passes-off,1643,5885.041995,-689.8416,18,-221.4395,4000,-3275.489,80,0,0,10.3465,7.7452,8.561664,4858308398141,10.008576,2166
perf,passes-off,1644,5885.051591,-689.8416,18,-221.4395,4000,-3275.489,80,0,0,8.6,7.6362,8.979456,4858308491845,8.561664,2167
perf,passes-off,1645,5885.061661,-689.8416,18,-221.4395,4000,-3275.489,80,0,0,9.586898,7.5079,10.601472,4858308584160,8.979456,2168
perf,passes-off,1646,5885.071505,-689.8416,18,-221.4395,4000,-3275.489,80,0,0,10.0666,7.7578,0,0,10.601472,2169
