kind,label,frame,time,cameraX,cameraY,cameraZ,R,signedDistance,FOV,Primary,Secondary,frameMs,cpuMs,gpuMs,gpuTimestamp,gpuCounterMs,profileFrame,rainExposed,rainIntensity,nearMedium
image,final4-far-qhd,265,8462.647639,-689.8416,18,-221.4395,4000,-3275.489,80,0,0.8,9.444898,0,0,0,0,-1,1,0,0
image,final4-inwall-baseline-markers,388,8464.616493,-3746.487,8.77513,-1401.373,4000,0.001708984,80,0,0,12.208,0,0,0,0,-1,1,0.9999213,0
image,final4-inwall-on-markers,486,8466.571681,-3746.487,8.77513,-1401.373,4000,0.001708984,80,0.7003281,0,18.0011,0,0,0,0,-1,1,0.9999997,1
image,final4-inwall-deck,589,8468.526058,-3746.487,8.77513,-1401.373,4000,0.001708984,80,0,0.006164277,19.7002,0,0,0,0,-1,1,0.9999999,1
image,final4-outside-away,680,8470.499164,-4027.369,8.77513,-1506.757,4000,300.002,80,0.02752065,0,20.4021,0,0,0,0,-1,1,1,0
image,final4-outside-lookback,785,8472.542244,-3818.815,8.77513,-1422.102,4000,75.01221,80,0,0,15.0316,0,0,0,0,-1,1,1,0
image,final4-motion-00,791,8472.959923,-3732.706,8.77513,-1396.203,4000,-14.71802,80,0,0,16.20249,0,0,0,0,-1,1,1,0
image,final4-motion-01,794,8473.328349,-3736.156,8.77513,-1397.497,4000,-11.03296,80,0.5449125,0,16.1041,0,0,0,0,-1,1,1,0
image,final4-motion-02,797,8473.695049,-3739.589,8.77513,-1398.785,4000,-7.366211,80,0.03087618,0,13.4026,0,0,0,0,-1,1,1,0
image,final4-motion-03,800,8474.113251,-3743.505,8.77513,-1400.254,4000,-3.183594,80,0,0,15.5559,0,0,0,0,-1,1,1,0
image,final4-motion-04,804,8474.497759,-3747.104,8.77513,-1401.605,4000,0.6604004,80,0,0.5637621,13.8575,0,0,0,0,-1,1,1,1
image,final4-motion-05,807,8474.787817,-3749.821,8.77513,-1402.624,4000,3.562256,80,0,0.04069293,13.1426,0,0,0,0,-1,1,1,1
image,final4-motion-06,810,8475.063384,-3752.401,8.77513,-1403.592,4000,6.317627,80,0,0,13.492,0,0,0,0,-1,1,1,1
image,final4-motion-07,813,8475.346306,-3755.049,8.77513,-1404.586,4000,9.14624,80,0,0,13.1175,0,0,0,0,-1,1,1,1
image,final4-motion-08,816,8475.617529,-3757.589,8.77513,-1405.538,4000,11.85864,80,0,0,12.8836,0,0,0,0,-1,1,1,0
perf,all-on,929,8477.476760,-689.8416,18,-221.4395,4000,-3275.489,80,0,0.3558742,12.1222,8.2316,11.52512,4884232546732,14.283776,4680,1,0.0001188813,0
perf,all-on,930,8477.488402,-689.8416,18,-221.4395,4000,-3275.489,80,0,0.3822218,13.3938,9.8032,12.536832,4884232685136,11.52512,4681,1,0.0001111807,0
perf,all-on,931,8477.502246,-689.8416,18,-221.4395,4000,-3275.489,80,0,0.5267648,11.4888,8.7891,14.896128,4884232807602,12.536832,4682,1,0.000104974,0
perf,all-on,932,8477.514509,-689.8416,18,-221.4395,4000,-3275.489,80,0,0.7702766,13.7844,7.2258,12.777472,4884232963084,14.896128,4683,1,9.798266E-05,0
perf,all-on,933,8477.527569,-689.8416,18,-221.4395,4000,-3275.489,80,0,0.7407069,12.7263,10.1659,14.321664,4884233084166,12.777472,4684,1,9.194209E-05,0
perf,all-on,934,8477.538747,-689.8416,18,-221.4395,4000,-3275.489,80,0,0.465124,12.6722,7.9112,11.148288,4884233217768,14.321664,4685,1,8.629727E-05,0
perf,all-on,935,8477.550263,-689.8416,18,-221.4395,4000,-3275.489,80,0,0.2569766,12.2723,8.7706,11.6224,4884233332817,11.148288,4686,1,8.116114E-05,0
perf,all-on,936,8477.561813,-689.8416,18,-221.4395,4000,-3275.489,80,0,0.1857689,10.3395,10.8127,12.916736,4884233470965,11.6224,4687,1,7.707192E-05,0
perf,all-on,937,8477.574902,-689.8416,18,-221.4395,4000,-3275.489,80,0,0.1572717,11.5781,8.103099,12.199936,4884233598166,12.916736,4688,1,7.273688E-05,0
perf,all-on,938,8477.587077,-689.8416,18,-221.4395,4000,-3275.489,80,0,0.1400593,13.11451,10.7186,10.865664,4884233724778,12.199936,4689,1,6.812035E-05,0
perf,all-on,939,8477.601051,-689.8416,18,-221.4395,4000,-3275.489,80,0,0.1268157,12.1242,8.1425,12.316672,4884233847297,10.865664,4690,1,6.41135E-05,0
perf,all-on,940,8477.611940,-689.8416,18,-221.4395,4000,-3275.489,80,0,0.1133646,13.9804,8.1434,13.218816,4884233951079,12.316672,4691,1,5.97849E-05,0
perf,all-on,941,8477.623947,-689.8416,18,-221.4395,4000,-3275.489,80,0,0.1065026,10.8933,8.4356,12.85632,4884234066748,13.218816,4692,1,5.661571E-05,0
perf,all-on,942,8477.661523,-689.8416,18,-221.4395,4000,-3275.489,80,0,0.1199761,12.0591,8.7668,11.16672,4884234197579,12.85632,4693,1,5.330292E-05,0
perf,all-on,943,8477.689610,-689.8416,18,-221.4395,4000,-3275.489,80,0,0.1894367,49.5935,8.163,14.001152,4884234319235,11.16672,4694,1,4.159682E-05,0
perf,all-on,944,8477.703482,-689.8416,18,-221.4395,4000,-3275.489,80,0,0.06764995,17.4373,8.2193,13.27616,4884234459035,14.001152,4695,1,3.812374E-05,0
perf,all-on,945,8477.713613,-689.8416,18,-221.4395,4000,-3275.489,80,0,0.05011771,12.4603,7.7523,26.545152,4884234567900,13.27616,4696,1,3.582105E-05,0
perf,all-on,946,8477.723567,-689.8416,18,-221.4395,4000,-3275.489,80,0,0.04520396,10.15281,8.339399,0,0,26.545152,4697,1,3.404801E-05,0
perf,all-on,947,8477.736238,-689.8416,18,-221.4395,4000,-3275.489,80,0,0.04159278,9.987096,34.7638,25.36448,4884235184208,0,4698,1,3.238956E-05,0
perf,all-on,948,8477.749577,-689.8416,18,-221.4395,4000,-3275.489,80,0,0.03751661,12.6236,11.5097,15.566848,4884235358517,25.36448,4699,1,3.040838E-05,0
perf,all-on,949,8477.762522,-689.8416,18,-221.4395,4000,-3275.489,80,0,0.03364813,13.3305,10.5294,13.872128,4884235483400,15.566848,4700,1,2.844765E-05,0
perf,all-on,950,8477.778189,-689.8416,18,-221.4395,4000,-3275.489,80,0,0.03026657,12.97289,8.3405,12.437504,4884235584749,13.872128,4701,1,2.666098E-05,0
perf,all-on,951,8477.790807,-689.8416,18,-221.4395,4000,-3275.489,80,0,0.02662867,15.6857,8.1707,11.08992,4884235684568,12.437504,4702,1,2.464989E-05,0
perf,all-on,952,8477.803618,-689.8416,18,-221.4395,4000,-3275.489,80,0,0.02402203,12.6203,8.2047,14.94016,4884235810879,11.08992,4703,1,2.314251E-05,0
perf,all-on,953,8477.816662,-689.8416,18,-221.4395,4000,-3275.489,80,0,0.02164491,12.7627,7.9428,14.086144,4884235944342,14.94016,4704,1,2.171184E-05,0
perf,all-on,954,8477.828441,-689.8416,18,-221.4395,4000,-3275.489,80,0,0.01945965,13.0376,10.57,14.07488,4884236073909,14.086144,4705,1,2.034163E-05,0
perf,all-on,955,8477.841366,-689.8416,18,-221.4395,4000,-3275.489,80,0,0.01767078,11.8123,9.9606,12.622848,4884236230771,14.07488,4706,1,1.917502E-05,0
perf,all-on,956,8477.854036,-689.8416,18,-221.4395,4000,-3275.489,80,0,0.01576378,13.9885,10.171,11.000832,4884236356912,12.622848,4707,1,1.787969E-05,0
perf,all-on,957,8477.867446,-689.8416,18,-221.4395,4000,-3275.489,80,0,0.01434322,11.5682,8.5455,13.85472,4884236484757,11.000832,4708,1,1.687486E-05,0
perf,all-on,958,8477.879831,-689.8416,18,-221.4395,4000,-3275.489,80,0,0.01285703,13.3981,9.5367,12.662784,4884236615151,13.85472,4709,1,1.578143E-05,0
perf,all-on,959,8477.891859,-689.8416,18,-221.4395,4000,-3275.489,80,0,0.01161981,12.3957,9.9417,13.033472,4884236733118,12.662784,4710,1,1.483302E-05,0
perf,all-on,960,8477.905998,-689.8416,18,-221.4395,4000,-3275.489,80,0,0.01053161,12.04439,8.0692,12.22144,4884236873053,13.033472,4711,1,1.396611E-05,0
perf,all-on,961,8477.919720,-689.8416,18,-221.4395,4000,-3275.489,80,0,0.009383946,14.13311,9.2726,11.640832,4884236988880,12.22144,4712,1,1.301325E-05,0
perf,all-on,962,8477.932886,-689.8416,18,-221.4395,4000,-3275.489,80,0,0.008390822,13.7015,7.4734,13.679616,4884237122887,11.640832,4713,1,1.21516E-05,0
perf,all-on,963,8477.944589,-689.8416,18,-221.4395,4000,-3275.489,80,0,0.007533358,13.2053,8.0207,15.235072,4884237246819,13.679616,4714,1,1.137518E-05,0
perf,all-on,964,8477.956989,-689.8416,18,-221.4395,4000,-3275.489,80,0,0.006847979,11.6838,10.0068,13.21984,4884237367167,15.235072,4715,1,1.072969E-05,0
perf,all-on,965,8477.970433,-689.8416,18,-221.4395,4000,-3275.489,80,0,0.006181199,12.5488,7.4762,11.131904,4884237508538,13.21984,4716,1,1.007716E-05,0
perf,all-on,966,8477.983442,-689.8416,18,-221.4395,4000,-3275.489,80,0,0.005546169,13.2797,7.9134,12.6208,4884237645629,11.131904,4717,1,9.429777E-06,0
perf,all-on,967,8477.995170,-689.8416,18,-221.4395,4000,-3275.489,80,0,0,13.0106,9.8487,13.930496,4884237777331,12.6208,4718,1,8.835869E-06,0
perf,all-on,968,8478.008025,-689.8416,18,-221.4395,4000,-3275.489,80,0,0,12.8278,7.748,12.370944,4884237894480,13.930496,4719,1,8.286937E-06,0
perf,all-on,969,8478.021749,-689.8416,18,-221.4395,4000,-3275.489,80,0,0,11.8075,9.1767,11.00288,4884238018627,12.370944,4720,1,7.811859E-06,0
perf,all-on,970,8478.033903,-689.8416,18,-221.4395,4000,-3275.489,80,0,0,13.70731,7.2249,13.423616,4884238152795,11.00288,4721,1,7.294396E-06,0
perf,all-on,971,8478.045648,-689.8416,18,-221.4395,4000,-3275.489,80,0,0,12.1189,9.6695,12.684288,4884238282900,13.423616,4722,1,6.865521E-06,0
perf,all-on,972,8478.057790,-689.8416,18,-221.4395,4000,-3275.489,80,0,0,11.7495,9.7838,13.142016,4884238411100,12.684288,4723,1,6.473808E-06,0
perf,all-on,973,8478.071134,-689.8416,18,-221.4395,4000,-3275.489,80,0,0,12.1912,6.8841,11.039744,4884238528987,13.142016,4724,1,6.090977E-06,0
perf,all-on,974,8478.082875,-689.8416,18,-221.4395,4000,-3275.489,80,0,0,13.29941,7.5807,11.922432,4884238666162,11.039744,4725,1,5.699118E-06,0
perf,all-on,975,8478.097194,-689.8416,18,-221.4395,4000,-3275.489,80,0,0,11.734,10.5016,13.63968,4884238787506,11.922432,4726,1,5.374371E-06,0
perf,all-on,976,8478.108719,-689.8416,18,-221.4395,4000,-3275.489,80,0,0,14.3325,8.8629,12.720128,4884238905005,13.63968,4727,1,5.002706E-06,0
perf,all-on,977,8478.122631,-689.8416,18,-221.4395,4000,-3275.489,80,0,0,11.5301,9.7495,10.816512,4884239026690,12.720128,4728,1,4.722453E-06,0
perf,all-on,978,8478.136524,-689.8416,18,-221.4395,4000,-3275.489,80,0,0,13.9467,7.7203,13.882368,4884239159875,10.816512,4729,1,4.40436E-06,0
perf,all-on,979,8478.149209,-689.8416,18,-221.4395,4000,-3275.489,80,0,0,13.8479,9.0439,13.843456,4884239277249,13.882368,4730,1,4.109722E-06,0
perf,all-on,980,8478.162898,-689.8416,18,-221.4395,4000,-3275.489,80,0,0,13.8769,12.5189,14.032896,4884239420529,13.843456,4731,1,3.834239E-06,0
perf,all-on,981,8478.174433,-689.8416,18,-221.4395,4000,-3275.489,80,0,0,12.5147,9.0149,11.921408,4884239535797,14.032896,4732,1,3.60167E-06,0
perf,all-on,982,8478.186849,-689.8416,18,-221.4395,4000,-3275.489,80,0,0,11.5421,9.0269,11.512832,4884239675080,11.921408,4733,1,3.3997E-06,0
perf,all-on,983,8478.200481,-689.8416,18,-221.4395,4000,-3275.489,80,0,0,12.3914,8.9737,13.826048,4884239813785,11.512832,4734,1,3.195457E-06,0
perf,all-on,984,8478.212812,-689.8416,18,-221.4395,4000,-3275.489,80,0,0,13.6335,8.2543,13.344768,4884239952360,13.826048,4735,1,2.984889E-06,0
perf,all-on,985,8478.224940,-689.8416,18,-221.4395,4000,-3275.489,80,0,0,12.333,10.6398,13.229056,4884240077571,13.344768,4736,1,2.806386E-06,0
perf,all-on,986,8478.237427,-689.8416,18,-221.4395,4000,-3275.489,80,0,0,12.1661,9.4484,11.367424,4884240193005,13.229056,4737,1,2.640761E-06,0
perf,all-on,987,8478.249905,-689.8416,18,-221.4395,4000,-3275.489,80,0,0,12.4366,7.8024,11.70432,4884240317050,11.367424,4738,1,2.481552E-06,0
perf,all-on,988,8478.262847,-689.8416,18,-221.4395,4000,-3275.489,80,0,0,12.471,10.8621,14.166016,4884240453381,11.70432,4739,1,2.33154E-06,0
perf,all-on,989,8478.275395,-689.8416,18,-221.4395,4000,-3275.489,80,0,0,12.9583,9.072,12.387328,4884240576720,14.166016,4740,1,2.185266E-06,0
perf,all-on,990,8478.287028,-689.8416,18,-221.4395,4000,-3275.489,80,0,0,12.5561,8.679,10.775552,4884240698157,12.387328,4741,1,2.052292E-06,0
perf,all-on,991,8478.300974,-689.8416,18,-221.4395,4000,-3275.489,80,0,0,11.6483,8.3462,13.768704,4884240822748,10.775552,4742,1,1.936177E-06,0
perf,all-on,992,8478.314509,-689.8416,18,-221.4395,4000,-3275.489,80,0,0,15.0606,7.4008,12.504064,4884240947488,13.768704,4743,1,1.795731E-06,0
perf,all-on,993,8478.327755,-689.8416,18,-221.4395,4000,-3275.489,80,0,0,12.397,9.6235,13.46048,4884241077048,12.504064,4744,1,1.687803E-06,0
perf,all-on,994,8478.341670,-689.8416,18,-221.4395,4000,-3275.489,80,0,0,13.3178,8.5692,11.866112,4884241202534,13.46048,4745,1,1.579074E-06,0
perf,all-on,995,8478.353718,-689.8416,18,-221.4395,4000,-3275.489,80,0,0,13.85,8.9496,13.710336,4884241318888,11.866112,4746,1,1.473423E-06,0
perf,all-on,996,8478.366542,-689.8416,18,-221.4395,4000,-3275.489,80,0,0,12.05339,9.5342,13.697024,4884241469101,13.710336,4747,1,1.387247E-06,0
perf,all-on,997,8478.378656,-689.8416,18,-221.4395,4000,-3275.489,80,0,0,12.80641,8.3157,13.089792,4884241593648,13.697024,4748,1,1.301203E-06,0
perf,all-on,998,8478.390272,-689.8416,18,-221.4395,4000,-3275.489,80,0,0,12.1148,9.0412,13.406208,4884241726283,13.089792,4749,1,1.224724E-06,0
perf,all-on,999,8478.405476,-689.8416,18,-221.4395,4000,-3275.489,80,0,0,11.6525,8.4133,11.454464,4884241865304,13.406208,4750,1,1.155407E-06,0
perf,all-on,1000,8478.417040,-689.8416,18,-221.4395,4000,-3275.489,80,0,0,15.1828,9.2381,12.146688,4884241985750,11.454464,4751,1,1.070942E-06,0
perf,all-on,1001,8478.429329,-689.8416,18,-221.4395,4000,-3275.489,80,0,0,11.5449,7.5219,14.121984,4884242113916,12.146688,4752,1,1.010873E-06,0
perf,all-on,1002,8478.441884,-689.8416,18,-221.4395,4000,-3275.489,80,0,0,12.2937,7.9472,12.70272,4884242235058,14.121984,4753,1,9.506076E-07,0
perf,all-on,1003,8478.454332,-689.8416,18,-221.4395,4000,-3275.489,80,0,0,12.5574,8.4131,11.06944,4884242351445,12.70272,4754,1,8.927569E-07,0
perf,all-on,1004,8478.468074,-689.8416,18,-221.4395,4000,-3275.489,80,0,0,13.8533,7.977,13.23008,4884242503356,11.06944,4755,1,8.330118E-07,0
perf,all-on,1005,8478.479793,-689.8416,18,-221.4395,4000,-3275.489,80,0,0,12.3309,8.5618,13.142016,4884242618898,13.23008,4756,1,7.832041E-07,0
perf,all-on,1006,8478.492080,-689.8416,18,-221.4395,4000,-3275.489,80,0,0,11.7311,8.9036,13.125632,4884242741829,13.142016,4757,1,7.385862E-07,0
perf,all-on,1007,8478.516692,-689.8416,18,-221.4395,4000,-3275.489,80,0,0,12.29491,8.3643,10.914816,4884242867375,13.125632,4758,1,6.945494E-07,0
perf,all-on,1008,8478.531135,-689.8416,18,-221.4395,4000,-3275.489,80,0,0,24.5923,9.8201,14.21312,4884243005526,10.914816,4759,1,6.141884E-07,0
perf,all-on,1009,8478.541343,-689.8416,18,-221.4395,4000,-3275.489,80,0,0,14.4631,7.5496,12.331008,4884243129266,14.21312,4760,1,5.71341E-07,0
perf,all-on,1010,8478.553197,-689.8416,18,-221.4395,4000,-3275.489,80,0,0,10.1988,8.5509,0,0,12.331008,4761,1,5.429364E-07,0
perf,all-on,1011,8478.568172,-689.8416,18,-221.4395,4000,-3275.489,80,0,0,11.8689,9.9499,13.727744,4884243369480,0,4762,1,5.116536E-07,0
perf,all-on,1012,8478.582672,-689.8416,18,-221.4395,4000,-3275.489,80,0,0,14.955,7.7501,15.543296,4884243615427,13.727744,4763,1,4.747901E-07,0
perf,all-on,1013,8478.594918,-689.8416,18,-221.4395,4000,-3275.489,80,0,0,14.4881,12.4301,18.316288,4884243759987,15.543296,4764,1,4.416123E-07,0
perf,all-on,1014,8478.609742,-689.8416,18,-221.4395,4000,-3275.489,80,0,0,12.29,8.224,13.807616,4884243862010,18.316288,4765,1,4.152921E-07,0
perf,all-on,1015,8478.625361,-689.8416,18,-221.4395,4000,-3275.489,80,0,0,16.0415,9.9987,12.760064,4884243980687,13.807616,4766,1,3.832834E-07,0
perf,all-on,1016,8478.639658,-689.8416,18,-221.4395,4000,-3275.489,80,0,0,14.3707,9.4223,14.670848,4884244130248,12.760064,4767,1,3.567093E-07,0
perf,all-on,1017,8478.654237,-689.8416,18,-221.4395,4000,-3275.489,80,0,0,14.305,8.6795,15.002624,4884244275187,14.670848,4768,1,3.320867E-07,0
perf,all-on,1018,8478.670270,-689.8416,18,-221.4395,4000,-3275.489,80,0,0,14.5546,9.613,15.926272,4884244397944,15.002624,4769,1,3.087782E-07,0
perf,all-on,1019,8478.683716,-689.8416,18,-221.4395,4000,-3275.489,80,0,0,16.0317,8.4948,13.631488,4884244558152,15.926272,4770,1,2.84993E-07,0
perf,all-on,1020,8478.695866,-689.8416,18,-221.4395,4000,-3275.489,80,0,0,13.45911,9.5742,14.712832,4884244702138,13.631488,4771,1,2.664454E-07,0
perf,all-on,1021,8478.709579,-689.8416,18,-221.4395,4000,-3275.489,80,0,0,12.16129,8.9231,12.99968,4884244845194,14.712832,4772,1,2.507265E-07,0
perf,all-on,1022,8478.721924,-689.8416,18,-221.4395,4000,-3275.489,80,0,0,13.7192,8.1354,12.42624,4884244990809,12.99968,4773,1,2.341043E-07,0
perf,all-on,1023,8478.738896,-689.8416,18,-221.4395,4000,-3275.489,80,0,0,12.3619,8.4947,14.896128,4884245151135,12.42624,4774,1,2.200726E-07,0
perf,all-on,1024,8478.752952,-689.8416,18,-221.4395,4000,-3275.489,80,0,0,16.9749,9.2581,13.676544,4884245285681,14.896128,4775,1,2.021647E-07,0
perf,all-on,1025,8478.765043,-689.8416,18,-221.4395,4000,-3275.489,80,0,0,14.0616,9.965,16.40448,4884245407259,13.676544,4776,1,1.884391E-07,0
perf,all-on,1026,8478.780164,-689.8416,18,-221.4395,4000,-3275.489,80,0,0,13.1844,7.9894,12.409856,4884245544386,16.40448,4777,1,1.764174E-07,0
perf,all-on,1027,8478.791880,-689.8416,18,-221.4395,4000,-3275.489,80,0,0,13.9782,9.9366,12.459008,4884245667918,12.409856,4778,1,1.645084E-07,0
perf,all-on,1028,8478.805295,-689.8416,18,-221.4395,4000,-3275.489,80,0,0,11.755,7.9913,14.119936,4884245837663,12.459008,4779,1,1.551181E-07,0
perf,all-on,1029,8478.818473,-689.8416,18,-221.4395,4000,-3275.489,80,0,0,13.4184,8.8367,13.357056,4884245978360,14.119936,4780,1,1.450524E-07,0
perf,all-on,1030,8478.830873,-689.8416,18,-221.4395,4000,-3275.489,80,0,0,13.13681,10.2663,14.166016,4884246110179,13.357056,4781,1,1.358309E-07,0
perf,all-on,1031,8478.843687,-689.8416,18,-221.4395,4000,-3275.489,80,0,0,12.4754,8.3003,13.118464,4884246250124,14.166016,4782,1,1.276171E-07,0
perf,all-on,1032,8478.859763,-689.8416,18,-221.4395,4000,-3275.489,80,0,0,12.762,8.7002,10.653696,4884246367526,13.118464,4783,1,1.197282E-07,0
perf,all-on,1033,8478.873821,-689.8416,18,-221.4395,4000,-3275.489,80,0,0,16.0666,8.0769,12.60544,4884246501648,10.653696,4784,1,1.104862E-07,0
perf,all-on,1034,8478.887037,-689.8416,18,-221.4395,4000,-3275.489,80,0,0,14.0899,8.0401,13.469696,4884246633192,12.60544,4785,1,1.029704E-07,0
perf,all-on,1035,8478.903160,-689.8416,18,-221.4395,4000,-3275.489,80,0,0,13.1628,8.6605,17.106944,4884246757307,13.469696,4786,1,9.64117E-08,0
perf,all-on,1036,8478.916452,-689.8416,18,-221.4395,4000,-3275.489,80,0,0,16.1372,9.1965,13.932544,4884246885493,17.106944,4787,1,8.893818E-08,0
perf,all-on,1037,8478.929545,-689.8416,18,-221.4395,4000,-3275.489,80,0,0,14.3955,11.9863,14.465024,4884247046207,13.932544,4788,1,8.276159E-08,0
perf,all-on,1038,8478.942666,-689.8416,18,-221.4395,4000,-3275.489,80,0,0,12.0234,8.435,14.363648,4884247186985,14.465024,4789,1,7.793281E-08,0
perf,all-on,1039,8478.956152,-689.8416,18,-221.4395,4000,-3275.489,80,0,0,13.0843,7.376,11.003904,4884247318821,14.363648,4790,1,7.299752E-08,0
perf,all-on,1040,8478.970160,-689.8416,18,-221.4395,4000,-3275.489,80,0,0,13.5227,9.4407,15.126528,4884247480150,11.003904,4791,1,6.822506E-08,0
perf,all-on,1041,8478.983660,-689.8416,18,-221.4395,4000,-3275.489,80,0,0,14.03549,8.4019,13.91616,4884247623989,15.126528,4792,1,6.360134E-08,0
perf,all-on,1042,8478.997215,-689.8416,18,-221.4395,4000,-3275.489,80,0,0,13.4272,10.2833,14.30528,4884247743934,13.91616,4793,1,5.947158E-08,0
perf,all-on,1043,8479.009354,-689.8416,18,-221.4395,4000,-3275.489,80,0,0,13.5892,8.3217,13.177856,4884247875164,14.30528,4794,1,5.556494E-08,0
perf,all-on,1044,8479.021389,-689.8416,18,-221.4395,4000,-3275.489,80,0,0,12.185,10.4432,10.871808,4884248010185,13.177856,4795,1,5.228071E-08,0
perf,all-on,1045,8479.035295,-689.8416,18,-221.4395,4000,-3275.489,80,0,0,12.0816,7.7973,13.510656,4884248150075,10.871808,4796,1,4.921604E-08,0
perf,all-on,1046,8479.046943,-689.8416,18,-221.4395,4000,-3275.489,80,0,0,13.7771,9.1183,13.196288,4884248285066,13.510656,4797,1,4.59399E-08,0
perf,all-on,1047,8479.059971,-689.8416,18,-221.4395,4000,-3275.489,80,0,0,11.6555,9.232,14.102528,4884248420717,13.196288,4798,1,4.333915E-08,0
perf,all-on,1048,8479.074381,-689.8416,18,-221.4395,4000,-3275.489,80,0,0,13.0373,8.1107,11.34592,4884248542346,14.102528,4799,1,4.060414E-08,0
perf,all-on,1049,8479.089954,-689.8416,18,-221.4395,4000,-3275.489,80,0,0,15.5723,9.2524,11.203584,4884248663459,11.34592,4800,1,3.756258E-08,0
perf,all-on,1050,8479.101178,-689.8416,18,-221.4395,4000,-3275.489,80,0,0,14.5695,8.427,14.809088,4884248801389,11.203584,4801,1,3.492353E-08,0
perf,all-on,1051,8479.114265,-689.8416,18,-221.4395,4000,-3275.489,80,0,0,11.0817,7.0638,13.725696,4884248917911,14.809088,4802,1,3.30411E-08,0
perf,all-on,1052,8479.126331,-689.8416,18,-221.4395,4000,-3275.489,80,0,0,13.0802,11.1378,14.026752,4884249048265,13.725696,4803,1,3.094933E-08,0
perf,all-on,1053,8479.142905,-689.8416,18,-221.4395,4000,-3275.489,80,0,0,12.0847,8.2978,11.20768,4884249203739,14.026752,4804,1,2.913464E-08,0
perf,all-on,1054,8479.158309,-689.8416,18,-221.4395,4000,-3275.489,80,0,0,16.5684,9.5605,12.445696,4884249348433,11.20768,4805,1,2.681834E-08,0
perf,all-on,1055,8479.172526,-689.8416,18,-221.4395,4000,-3275.489,80,0,0,15.4303,8.7941,14.6432,4884249460347,12.445696,4806,1,2.482706E-08,0
perf,all-on,1056,8479.184603,-689.8416,18,-221.4395,4000,-3275.489,80,0,0,14.2835,8.5653,17.297408,4884249591317,14.6432,4807,1,2.311581E-08,0
perf,all-on,1057,8479.197855,-689.8416,18,-221.4395,4000,-3275.489,80,0,0,11.9515,10.0016,14.73024,4884249712025,17.297408,4808,1,2.177493E-08,0
perf,all-on,1058,8479.208843,-689.8416,18,-221.4395,4000,-3275.489,80,0,0,13.25181,8.9261,13.290496,4884249877749,14.73024,4809,1,2.037891E-08,0
perf,all-on,1059,8479.220594,-689.8416,18,-221.4395,4000,-3275.489,80,0,0,11.00259,9.9936,10.063872,4884250031939,13.290496,4810,1,1.928808E-08,0
perf,all-on,1060,8479.234989,-689.8416,18,-221.4395,4000,-3275.489,80,0.8,0,11.7346,9.413,13.120512,4884250174358,10.063872,4811,1,1.818895E-08,0
perf,all-on,1061,8479.248152,-689.8416,18,-221.4395,4000,-3275.489,80,0.6797012,0,15.4649,8.9054,13.150208,4884250294516,13.120512,4812,1,1.68355E-08,0
perf,all-on,1062,8479.259191,-689.8416,18,-221.4395,4000,-3275.489,80,0.5983216,0,12.1031,10.6685,13.55264,4884250427041,13.150208,4813,1,1.584691E-08,0
perf,all-on,1063,8479.270797,-689.8416,18,-221.4395,4000,-3275.489,80,0.5326042,0,11.0411,7.0287,10.568704,4884250536998,13.55264,4814,1,1.499578E-08,0
perf,all-on,1064,8479.283813,-689.8416,18,-221.4395,4000,-3275.489,80,0.471312,0,11.60371,9.0828,12.00128,4884250654427,10.568704,4815,1,1.415051E-08,0
perf,all-on,1065,8479.296928,-689.8416,18,-221.4395,4000,-3275.489,80,0.4109892,0,13.01239,8.3317,13.499392,4884250809066,12.00128,4816,1,1.325916E-08,0
perf,all-on,1066,8479.308328,-689.8416,18,-221.4395,4000,-3275.489,80,0.361874,0,13.1683,8.084899,12.45696,4884250930046,13.499392,4817,1,1.241427E-08,0
perf,all-on,1067,8479.320840,-689.8416,18,-221.4395,4000,-3275.489,80,0.369404,0,11.3752,9.1167,10.48064,4884251040492,12.45696,4818,1,1.17279E-08,0
perf,all-on,1068,8479.334126,-689.8416,18,-221.4395,4000,-3275.489,80,0.5716647,0,12.4919,7.9107,13.786112,4884251156493,10.48064,4819,1,1.101779E-08,0
perf,all-on,1069,8479.349919,-689.8416,18,-221.4395,4000,-3275.489,80,0.8,0,13.27,8.8395,12.928,4884251286653,13.786112,4820,1,1.031048E-08,0
perf,all-on,1070,8479.364066,-689.8416,18,-221.4395,4000,-3275.489,80,0.4489372,0,15.7913,10.0359,13.130752,4884251418077,12.928,4821,1,9.527714E-09,0
perf,all-on,1071,8479.375675,-689.8416,18,-221.4395,4000,-3275.489,80,0.2027486,0,14.1786,7.2878,10.46528,4884251531947,13.130752,4822,1,8.875652E-09,0
perf,all-on,1072,8479.387443,-689.8416,18,-221.4395,4000,-3275.489,80,0.1576046,0,11.5857,9.4322,16.509952,4884251656955,10.46528,4823,1,8.376108E-09,0
perf,all-on,1073,8479.401586,-689.8416,18,-221.4395,4000,-3275.489,80,0.1361538,0,12.9803,8.5606,13.8496,4884251789731,16.509951,4824,1,7.849751E-09,0
perf,all-on,1074,8479.413102,-689.8416,18,-221.4395,4000,-3275.489,80,0.1188054,0,12.95689,7.1134,12.716032,4884251947665,13.8496,4825,1,7.357332E-09,0
perf,all-on,1075,8479.424076,-689.8416,18,-221.4395,4000,-3275.489,80,0.1071542,0,11.5169,12.2779,12.940288,4884252089181,12.716032,4826,1,6.945631E-09,0
perf,all-on,1076,8479.437424,-689.8416,18,-221.4395,4000,-3275.489,80,0.1204612,0,10.989,8.1441,10.513408,4884252205259,12.940288,4827,1,6.574298E-09,0
perf,all-on,1077,8479.451179,-689.8416,18,-221.4395,4000,-3275.489,80,0.2550495,0,13.2962,8.292199,12.325888,4884252334737,10.513408,4828,1,6.151444E-09,0
perf,all-on,1078,8479.463753,-689.8416,18,-221.4395,4000,-3275.489,80,0.3416433,0,13.7619,9.2447,13.907968,4884252464575,12.325888,4829,1,5.742401E-09,0
perf,all-on,1079,8479.475607,-689.8416,18,-221.4395,4000,-3275.489,80,0.1698083,0,12.6023,7.9472,12.464128,4884252579544,13.907968,4830,1,5.391728E-09,0
perf,all-on,1080,8479.487157,-689.8416,18,-221.4395,4000,-3275.489,80,0.06865194,0,11.8754,8.3359,11.478016,4884252689465,12.464128,4831,1,5.080903E-09,0
perf,all-on,1081,8479.500712,-689.8416,18,-221.4395,4000,-3275.489,80,0.04890317,0,11.4941,8.0814,12.20096,4884252822689,11.478016,4832,1,4.797133E-09,0
perf,all-on,1082,8479.512851,-689.8416,18,-221.4395,4000,-3275.489,80,0.04180796,0,13.5539,7.0951,13.664256,4884252960291,12.20096,4833,1,4.482805E-09,0
perf,all-on,1083,8479.525398,-689.8416,18,-221.4395,4000,-3275.489,80,0.03677884,0,12.1509,9.994,13.13792,4884253086219,13.664256,4834,1,4.218562E-09,0
perf,all-on,1084,8479.537089,-689.8416,18,-221.4395,4000,-3275.489,80,0.03217491,0,12.6915,9.8205,10.404864,4884253204954,13.13792,4835,1,3.95918E-09,0
perf,all-on,1085,8479.551907,-689.8416,18,-221.4395,4000,-3275.489,80,0.0284928,0,11.5343,9.7728,12.220416,4884253320016,10.404864,4836,1,3.737307E-09,0
perf,all-on,1086,8479.566170,-689.8416,18,-221.4395,4000,-3275.489,80,0.02407094,0,16.0041,8.4446,13.743104,4884253455561,12.220416,4837,1,3.449898E-09,0
perf,all-on,1087,8479.577240,-689.8416,18,-221.4395,4000,-3275.489,80,0.02097161,0,13.0796,7.8223,12.608512,4884253577034,13.743104,4838,1,3.231501E-09,0
perf,all-on,1088,8479.590306,-689.8416,18,-221.4395,4000,-3275.489,80,0.01866141,0,11.0766,9.3726,14.26944,4884253703727,12.608512,4839,1,3.057397E-09,0
perf,all-on,1089,8479.603385,-689.8416,18,-221.4395,4000,-3275.489,80,0.01625861,0,13.0805,8.109,11.570176,4884253819338,14.26944,4840,1,2.863834E-09,0
perf,all-on,1090,8479.614425,-689.8416,18,-221.4395,4000,-3275.489,80,0.01416775,0,13.0641,7.6153,13.661184,4884253979064,11.570176,4841,1,2.682746E-09,0
perf,all-on,1091,8479.625445,-689.8416,18,-221.4395,4000,-3275.489,80,0.01261263,0,11.03331,11.468,13.560832,4884254110168,13.661184,4842,1,2.538756E-09,0
perf,all-on,1092,8479.639151,-689.8416,18,-221.4395,4000,-3275.489,80,0.01122888,0,11.029,9.2836,11.128832,4884254220915,13.560832,4843,1,2.402547E-09,0
perf,all-on,1093,8479.652581,-689.8416,18,-221.4395,4000,-3275.489,80,0.009714495,0,13.7486,8.575,10.569728,4884254351648,11.128832,4844,1,2.242937E-09,0
perf,all-on,1094,8479.664115,-689.8416,18,-221.4395,4000,-3275.489,80,0.008437014,0,13.3794,8.8685,13.6448,4884254482345,10.569728,4845,1,2.0978E-09,0
perf,all-on,1095,8479.676024,-689.8416,18,-221.4395,4000,-3275.489,80,0.007468925,0,11.5664,8.5002,13.611008,4884254592699,13.6448,4846,1,1.979922E-09,0
perf,all-on,1096,8479.688661,-689.8416,18,-221.4395,4000,-3275.489,80,0.006589632,0,11.886,8.3092,10.881024,4884254702945,13.611008,4847,1,1.865683E-09,0
perf,all-on,1097,8479.700817,-689.8416,18,-221.4395,4000,-3275.489,80,0.005766029,0,12.6712,7.9943,12.478464,4884254840358,10.881024,4848,1,1.751148E-09,0
perf,all-on,1098,8479.711712,-689.8416,18,-221.4395,4000,-3275.489,80,0,0,12.1149,8.4792,11.83744,4884254974269,12.478464,4849,1,1.648222E-09,0
perf,all-on,1099,8479.723683,-689.8416,18,-221.4395,4000,-3275.489,80,0,0,12.1451,9.8873,13.545472,4884255089813,11.83744,4850,1,1.551111E-09,0
perf,all-on,1100,8479.737021,-689.8416,18,-221.4395,4000,-3275.489,80,0,0,10.7489,7.8802,10.073088,4884255208755,13.545472,4851,1,1.469948E-09,0
perf,all-on,1101,8479.750071,-689.8416,18,-221.4395,4000,-3275.489,80,0,0,13.3073,10.8272,12.066816,4884255335291,10.073088,4852,1,1.375326E-09,0
perf,all-on,1102,8479.761782,-689.8416,18,-221.4395,4000,-3275.489,80,0,0,13.049,8.6904,13.648896,4884255456653,12.066816,4853,1,1.288457E-09,0
perf,all-on,1103,8479.776173,-689.8416,18,-221.4395,4000,-3275.489,80,0,0,11.7208,7.9056,12.627968,4884255576959,13.648896,4854,1,1.215118E-09,0
perf,all-on,1104,8479.787947,-689.8416,18,-221.4395,4000,-3275.489,80,0,0,14.4036,9.1066,10.170368,4884255685463,12.627968,4855,1,1.130685E-09,0
perf,all-on,1105,8479.802865,-689.8416,18,-221.4395,4000,-3275.489,80,0,0,11.8729,8.5871,15.415296,4884255818670,10.170368,4856,1,1.065516E-09,0
perf,all-on,1106,8479.814688,-689.8416,18,-221.4395,4000,-3275.489,80,0,0,14.8067,7.7032,12.956672,4884255949161,15.415296,4857,1,9.894812E-10,0
perf,all-on,1107,8479.826261,-689.8416,18,-221.4395,4000,-3275.489,80,0,0,11.8195,9.869,14.155776,4884256066343,12.956672,4858,1,9.326997E-10,0
perf,all-on,1108,8479.839391,-689.8416,18,-221.4395,4000,-3275.489,80,0,0,11.5938,8.0738,10.842112,4884256210350,14.155776,4859,1,8.801693E-10,0
perf,all-on,1109,8479.852689,-689.8416,18,-221.4395,4000,-3275.489,80,0,0,13.2748,8.1775,11.815936,4884256329050,10.842112,4860,1,8.236456E-10,0
perf,all-on,1110,8479.864401,-689.8416,18,-221.4395,4000,-3275.489,80,0,0,13.156,8.7599,13.677568,4884256477130,11.815936,4861,1,7.712097E-10,0
perf,all-on,1111,8479.876157,-689.8416,18,-221.4395,4000,-3275.489,80,0,0,12.7736,8.1163,13.357056,4884256595392,13.677568,4862,1,7.23494E-10,0
perf,all-on,1112,8479.888398,-689.8416,18,-221.4395,4000,-3275.489,80,0,0,10.6794,8.5175,10.744832,4884256711243,13.357056,4863,1,6.85875E-10,0
perf,all-on,1113,8479.902133,-689.8416,18,-221.4395,4000,-3275.489,80,0,0,12.285,7.9456,11.807744,4884256842884,10.744832,4864,1,6.450129E-10,0
perf,all-on,1114,8479.913375,-689.8416,18,-221.4395,4000,-3275.489,80,0,0,13.6794,8.2347,13.268992,4884256975548,11.807744,4865,1,6.023709E-10,0
perf,all-on,1115,8479.923737,-689.8416,18,-221.4395,4000,-3275.489,80,0,0,11.2513,9.1159,13.620224,4884257103334,13.268992,4866,1,5.694192E-10,0
perf,all-on,1116,8479.937192,-689.8416,18,-221.4395,4000,-3275.489,80,0,0,10.3978,8.8328,9.761792,4884257210138,13.620224,4867,1,5.40572E-10,0
perf,all-on,1117,8479.950431,-689.8416,18,-221.4395,4000,-3275.489,80,0,0,13.4047,8.194,11.935744,4884257332762,9.761792,4868,1,5.055285E-10,0
perf,all-on,1118,8479.963693,-689.8416,18,-221.4395,4000,-3275.489,80,0,0,13.2388,8.6878,13.776896,4884257469807,11.935744,4869,1,4.73149E-10,0
perf,all-on,1119,8479.976219,-689.8416,18,-221.4395,4000,-3275.489,80,0,0,13.2761,7.9607,12.619776,4884257582272,13.776896,4870,1,4.427609E-10,0
perf,all-on,1120,8479.988843,-689.8416,18,-221.4395,4000,-3275.489,80,0,0,12.5288,8.1722,10.469376,4884257686124,12.619776,4871,1,4.158755E-10,0
perf,all-on,1121,8480.002567,-689.8416,18,-221.4395,4000,-3275.489,80,0,0,12.6673,8.1788,14.751744,4884257820374,10.469376,4872,1,3.903522E-10,0
perf,all-on,1122,8480.015064,-689.8416,18,-221.4395,4000,-3275.489,80,0,0,13.6643,7.0866,13.056,4884257952760,14.751744,4873,1,3.645734E-10,0
perf,all-on,1123,8480.026718,-689.8416,18,-221.4395,4000,-3275.489,80,0,0,13.5741,11.402,13.989888,4884258085476,13.056,4874,1,3.406506E-10,0
perf,all-on,1124,8480.041062,-689.8416,18,-221.4395,4000,-3275.489,80,0,0,10.5971,8.3701,11.378688,4884258210773,13.989888,4875,1,3.23071E-10,0
perf,all-on,1125,8480.052655,-689.8416,18,-221.4395,4000,-3275.489,80,0,0,14.3706,8.0892,10.901504,4884258337158,11.378688,4876,1,3.006717E-10,0
perf,all-on,1126,8480.065080,-689.8416,18,-221.4395,4000,-3275.489,80,0,0,11.5469,8.3146,14.408704,4884258474117,10.901504,4877,1,2.838042E-10,0
perf,all-on,1127,8480.076567,-689.8416,18,-221.4395,4000,-3275.489,80,0,0,12.4288,8.0169,13.166592,4884258609825,14.408704,4878,1,2.667043E-10,0
perf,all-on,1128,8480.090243,-689.8416,18,-221.4395,4000,-3275.489,80,0,0,11.50371,8.6435,11.713536,4884258715757,13.166592,4879,1,2.517967E-10,0
perf,all-on,1129,8480.103543,-689.8416,18,-221.4395,4000,-3275.489,80,0,0,13.73,9.3145,11.249664,4884258859328,11.713536,4880,1,2.350908E-10,0
perf,all-on,1130,8480.115658,-689.8416,18,-221.4395,4000,-3275.489,80,0,0,13.2403,7.8434,13.073408,4884258974996,11.249664,4881,1,2.200314E-10,0
perf,all-on,1131,8480.127830,-689.8416,18,-221.4395,4000,-3275.489,80,0,0,12.1395,8.4457,14.009344,4884259099284,13.073408,4882,1,2.070733E-10,0
perf,all-on,1132,8480.143122,-689.8416,18,-221.4395,4000,-3275.489,80,0,0,12.1854,8.8953,11.979776,4884259214224,14.009344,4883,1,1.948336E-10,0
perf,all-on,1133,8480.156763,-689.8416,18,-221.4395,4000,-3275.489,80,0,0,15.2847,8.928,10.66496,4884259351261,11.979776,4884,1,1.804985E-10,0
perf,all-on,1134,8480.169330,-689.8416,18,-221.4395,4000,-3275.489,80,0,0,13.8168,8.4533,13.806592,4884259483972,10.66496,4885,1,1.684499E-10,0
perf,all-on,1135,8480.182606,-689.8416,18,-221.4395,4000,-3275.489,80,0,0,13.4216,9.0731,15.644672,4884259605105,13.806592,4886,1,1.575165E-10,0
perf,all-on,1136,8480.194225,-689.8416,18,-221.4395,4000,-3275.489,80,0,0,12.1941,9.7006,13.871104,4884259727053,15.644672,4887,1,1.481996E-10,0
perf,all-on,1137,8480.206777,-689.8416,18,-221.4395,4000,-3275.489,80,0,0,11.65551,8.8389,12.766208,4884259879926,13.871104,4888,1,1.398097E-10,0
perf,all-on,1138,8480.219905,-689.8416,18,-221.4395,4000,-3275.489,80,0,0,12.5714,9.5153,10.975232,4884260016467,12.766208,4889,1,1.312922E-10,0
perf,all-on,1139,8480.234279,-689.8416,18,-221.4395,4000,-3275.489,80,0,0,13.08459,8.9168,13.531136,4884260152491,10.975232,4890,1,1.229776E-10,0
perf,all-on,1140,8480.244518,-689.8416,18,-221.4395,4000,-3275.489,80,0,0,14.4115,8.275499,13.28128,4884260274469,13.531136,4891,1,1.144279E-10,0
perf,all-on,1141,8480.256133,-689.8416,18,-221.4395,4000,-3275.489,80,0,0,10.2214,9.3684,12.343296,4884260390881,13.28128,4892,1,1.087268E-10,0
perf,all-on,1142,8480.269423,-689.8416,18,-221.4395,4000,-3275.489,80,0,0,11.6382,7.5785,10.763264,4884260516501,12.343296,4893,1,1.025804E-10,0
perf,all-on,1143,8480.282606,-689.8416,18,-221.4395,4000,-3275.489,80,0,0,13.2469,8.2276,12.619776,4884260647517,10.763264,4894,1,9.600618E-11,0
perf,all-on,1144,8480.294444,-689.8416,18,-221.4395,4000,-3275.489,80,0,0,13.17531,11.5411,13.725696,4884260791279,12.619776,4895,1,8.988544E-11,0
perf,all-on,1145,8480.305409,-689.8416,18,-221.4395,4000,-3275.489,80,0,0,11.8733,8.3428,11.168768,4884260893785,13.725696,4896,1,8.470456E-11,0
perf,all-on,1146,8480.317769,-689.8416,18,-221.4395,4000,-3275.489,80,0,0,11.078,8.3718,10.678272,4884261010016,11.168768,4897,1,8.014035E-11,0
perf,all-on,1147,8480.331018,-689.8416,18,-221.4395,4000,-3275.489,80,0,0,12.24761,7.194,13.724672,4884261142716,10.678272,4898,1,7.537996E-11,0
perf,all-on,1148,8480.342221,-689.8416,18,-221.4395,4000,-3275.489,80,0,0,14.2994,8.6642,12.695552,4884261274492,13.724672,4899,1,7.017868E-11,0
perf,all-on,1149,8480.354394,-689.8416,18,-221.4395,4000,-3275.489,80,0,0,10.1254,9.8435,10.17344,4884261393096,12.695552,4900,1,6.671418E-11,0
perf,all-on,1150,8480.367039,-689.8416,18,-221.4395,4000,-3275.489,80,0,0,12.174,7.0364,12.916736,4884261503054,10.17344,4901,1,6.277442E-11,0
perf,all-on,1151,8480.378595,-689.8416,18,-221.4395,4000,-3275.489,80,0,0,12.637,8.4159,13.097984,4884261626201,12.916736,4902,1,5.893072E-11,0
perf,all-on,1152,8480.391604,-689.8416,18,-221.4395,4000,-3275.489,80,0,0,11.5645,8.6592,13.058048,4884261769433,13.097984,4903,1,5.561985E-11,0
perf,all-on,1153,8480.406277,-689.8416,18,-221.4395,4000,-3275.489,80,0,0,13.0539,8.343199,10.192896,4884261870710,13.058048,4904,1,5.21055E-11,0
perf,all-on,1154,8480.418458,-689.8416,18,-221.4395,4000,-3275.489,80,0,0,14.6429,9.1815,13.29152,4884261992461,10.192896,4905,1,4.842693E-11,0
perf,all-on,1155,8480.432225,-689.8416,18,-221.4395,4000,-3275.489,80,0,0,12.159,7.6345,13.371392,4884262118857,13.29152,4906,1,4.557053E-11,0
perf,all-on,1156,8480.441977,-689.8416,18,-221.4395,4000,-3275.489,80,0,0,13.81451,8.3368,13.729792,4884262234449,13.371392,4907,1,4.252911E-11,0
perf,all-on,1157,8480.455972,-689.8416,18,-221.4395,4000,-3275.489,80,0,0,9.729095,7.9375,10.406912,4884262364799,13.729792,4908,1,4.050977E-11,0
perf,all-on,1158,8480.468737,-689.8416,18,-221.4395,4000,-3275.489,80,0,0,14.0112,8.6096,12.847104,4884262511384,10.406912,4909,1,3.776894E-11,0
perf,all-on,1159,8480.481382,-689.8416,18,-221.4395,4000,-3275.489,80,0,0,12.7492,8.2596,12.45696,4884262633056,12.847104,4910,1,3.543646E-11,0
perf,all-on,1160,8480.495299,-689.8416,18,-221.4395,4000,-3275.489,80,0,0,13.7204,10.8883,15.048704,4884262770747,12.45696,4911,1,3.308696E-11,0
perf,all-on,1161,8480.508085,-689.8416,18,-221.4395,4000,-3275.489,80,0,0,12.8287,7.9322,10.55744,4884262868360,15.048704,4912,1,3.103128E-11,0
perf,all-on,1162,8480.520225,-689.8416,18,-221.4395,4000,-3275.489,80,0,0,12.8104,8.993,14.129152,4884263008390,10.55744,4913,1,2.910598E-11,0
perf,all-on,1163,8480.533620,-689.8416,18,-221.4395,4000,-3275.489,80,0,0,12.1025,7.3853,13.643776,4884263135889,14.129152,4914,1,2.739694E-11,0
perf,all-on,1164,8480.545050,-689.8416,18,-221.4395,4000,-3275.489,80,0,0,13.3972,8.004799,12.776448,4884263273256,13.643776,4915,1,2.562184E-11,0
perf,all-on,1165,8480.557277,-689.8416,18,-221.4395,4000,-3275.489,80,0,0,11.4346,9.7779,12.9536,4884263401499,12.776448,4916,1,2.419805E-11,0
perf,all-on,1166,8480.570514,-689.8416,18,-221.4395,4000,-3275.489,80,0,0,12.3514,6.9246,10.692608,4884263529394,12.9536,4917,1,2.274886E-11,0
perf,all-on,1167,8480.582751,-689.8416,18,-221.4395,4000,-3275.489,80,0,0,13.1111,8.6422,12.60544,4884263650710,10.692608,4918,1,2.130538E-11,0
perf,all-on,1168,8480.595435,-689.8416,18,-221.4395,4000,-3275.489,80,0,0,12.2282,10.5798,13.654016,4884263784669,12.60544,4919,1,2.004177E-11,0
perf,all-on,1169,8480.608560,-689.8416,18,-221.4395,4000,-3275.489,80,0,0,12.6947,6.9851,12.348416,4884263899011,13.654016,4920,1,1.880918E-11,0
perf,all-on,1170,8480.621749,-689.8416,18,-221.4395,4000,-3275.489,80,0,0,13.1326,9.172,11.5712,4884264021571,12.348416,4921,1,1.761379E-11,0
perf,all-on,1171,8480.635077,-689.8416,18,-221.4395,4000,-3275.489,80,0,0,13.2253,7.4197,13.353984,4884264153645,11.5712,4922,1,1.648673E-11,0
perf,all-on,1172,8480.647407,-689.8416,18,-221.4395,4000,-3275.489,80,0,0,14.4258,9.9107,12.973056,4884264275933,13.353984,4923,1,1.533943E-11,0
perf,all-on,1173,8480.658846,-689.8416,18,-221.4395,4000,-3275.489,80,0,0,11.2003,9.0201,14.145536,4884264402854,12.973056,4924,1,1.450401E-11,0
perf,all-on,1174,8480.670878,-689.8416,18,-221.4395,4000,-3275.489,80,0,0,11.4723,7.8731,9.863168,4884264534162,14.145536,4925,1,1.369545E-11,0
perf,all-on,1175,8480.684930,-689.8416,18,-221.4395,4000,-3275.489,80,0,0,11.9913,8.8334,11.302912,4884264666223,9.863168,4926,1,1.289845E-11,0
perf,all-on,1176,8480.697183,-689.8416,18,-221.4395,4000,-3275.489,80,0,0,14.051,8.2575,14.42304,4884264810143,11.302912,4927,1,1.202337E-11,0
perf,all-on,1177,8480.708311,-689.8416,18,-221.4395,4000,-3275.489,80,0,0,12.4404,7.5014,11.523072,4884264922650,14.42304,4928,1,1.129827E-11,0
perf,all-on,1178,8480.720710,-689.8416,18,-221.4395,4000,-3275.489,80,0,0,10.9474,8.899,12.054528,4884265037171,11.523072,4929,1,1.069646E-11,0
perf,all-on,1179,8480.733070,-689.8416,18,-221.4395,4000,-3275.489,80,0,0,12.3901,7.2049,13.0304,4884265157303,12.054528,4930,1,1.005392E-11,0
perf,all-on,1180,8480.744552,-689.8416,18,-221.4395,4000,-3275.489,80,0,0,12.357,8.6808,12.731392,4884265297798,13.0304,4931,1,9.451539E-12,0
perf,all-on,1181,8480.755437,-689.8416,18,-221.4395,4000,-3275.489,80,0,0,11.5524,10.417,12.232704,4884265422235,12.731392,4932,1,8.921067E-12,0
perf,all-on,1182,8480.769008,-689.8416,18,-221.4395,4000,-3275.489,80,0,0,10.8496,7.6764,10.443776,4884265531677,12.232704,4933,1,8.45001E-12,0
perf,all-on,1183,8480.780584,-689.8416,18,-221.4395,4000,-3275.489,80,0,0,13.5347,8.9752,11.986944,4884265655615,10.443776,4934,1,7.897088E-12,0
perf,all-on,1184,8480.792133,-689.8416,18,-221.4395,4000,-3275.489,80,0,0,11.5744,8.332,13.068288,4884265779206,11.986944,4935,1,7.453041E-12,0
perf,all-on,1185,8480.804293,-689.8416,18,-221.4395,4000,-3275.489,80,0,0,12.6979,7.5703,10.27072,4884265894094,13.068288,4936,1,6.994559E-12,0
perf,all-on,1186,8480.816486,-689.8416,18,-221.4395,4000,-3275.489,80,0,0,11.0075,8.6685,11.725824,4884266003055,10.27072,4937,1,6.619998E-12,0
perf,all-on,1187,8480.829854,-689.8416,18,-221.4395,4000,-3275.489,80,0,0,14.3235,7.6087,13.709312,4884266138589,11.725824,4938,1,6.16247E-12,0
perf,all-on,1188,8480.840198,-689.8416,18,-221.4395,4000,-3275.489,80,0,0,11.2416,8.0332,11.81184,4884266254325,13.709312,4939,1,5.825645E-12,0
perf,all-on,1189,8480.852870,-689.8416,18,-221.4395,4000,-3275.489,80,0,0,10.3884,8.9527,10.645504,4884266381008,11.81184,4940,1,5.530773E-12,0
perf,all-on,1190,8480.866138,-689.8416,18,-221.4395,4000,-3275.489,80,0,0,12.6515,6.7675,12.952576,4884266491390,10.645504,4941,1,5.191747E-12,0
perf,all-on,1191,8480.876426,-689.8416,18,-221.4395,4000,-3275.489,80,0,0,13.2414,8.3945,12.408832,4884266634524,12.952576,4942,1,4.859148E-12,0
perf,all-on,1192,8480.887049,-689.8416,18,-221.4395,4000,-3275.489,80,0,0,10.3056,9.4141,9.862144,4884266747018,12.408832,4943,1,4.615108E-12,0
perf,all-on,1193,8480.900465,-689.8416,18,-221.4395,4000,-3275.489,80,0,0,10.6092,7.8258,11.513856,4884266850722,9.862144,4944,1,4.376675E-12,0
perf,all-on,1194,8480.912057,-689.8416,18,-221.4395,4000,-3275.489,80,0,0,13.408,8.1034,12.294144,4884266977169,11.513856,4945,1,4.092881E-12,0
perf,all-on,1195,8480.923100,-689.8416,18,-221.4395,4000,-3275.489,80,0,0,11.6363,10.8452,13.007872,4884267109829,12.294144,4946,1,3.861546E-12,0
perf,all-on,1196,8480.934912,-689.8416,18,-221.4395,4000,-3275.489,80,0,0,11.0584,8.5431,10.9568,4884267212840,13.007872,4947,1,3.653829E-12,0
perf,all-on,1197,8480.946214,-689.8416,18,-221.4395,4000,-3275.489,80,0,0,11.7879,8.9517,11.9296,4884267318984,10.9568,4948,1,3.444698E-12,0
perf,all-on,1198,8480.958090,-689.8416,18,-221.4395,4000,-3275.489,80,0,0,12.3654,8.8006,12.143616,4884267453084,11.9296,4949,1,3.238173E-12,0
perf,all-on,1199,8480.968854,-689.8416,18,-221.4395,4000,-3275.489,80,0,0,10.8551,7.7993,9.996288,4884267569091,12.143616,4950,1,3.067104E-12,0
perf,all-on,1200,8480.983444,-689.8416,18,-221.4395,4000,-3275.489,80,0,0,10.7367,8.4505,10.908672,4884267679723,9.996288,4951,1,2.906793E-12,0
perf,all-on,1201,8480.997285,-689.8416,18,-221.4395,4000,-3275.489,80,0,0,14.5481,9.2659,13.133824,4884267797583,10.908672,4952,1,2.702858E-12,0
perf,all-on,1202,8481.006715,-689.8416,18,-221.4395,4000,-3275.489,80,0,0,13.8505,7.3713,10.326016,4884267921485,13.133824,4953,1,2.522013E-12,0
perf,all-on,1203,8481.019854,-689.8416,18,-221.4395,4000,-3275.489,80,0,0,9.461898,8.7691,14.040064,4884268029528,10.326016,4954,1,2.405476E-12,0
perf,all-on,1204,8481.033091,-689.8416,18,-221.4395,4000,-3275.489,80,0,0,13.10911,7.1738,12.751872,4884268136978,14.040064,4955,1,2.252864E-12,0
perf,all-on,1205,8481.044354,-689.8416,18,-221.4395,4000,-3275.489,80,0,0,13.24359,8.3434,13.259776,4884268282923,12.751872,4956,1,2.108516E-12,0
perf,all-on,1206,8481.056235,-689.8416,18,-221.4395,4000,-3275.489,80,0,0,11.254,11.8789,12.321792,4884268421367,13.259776,4957,1,1.993146E-12,0
perf,all-on,1207,8481.069604,-689.8416,18,-221.4395,4000,-3275.489,80,0,0,11.9497,7.1275,11.10528,4884268515895,12.321792,4958,1,1.877546E-12,0
perf,all-on,1208,8481.081263,-689.8416,18,-221.4395,4000,-3275.489,80,0,0,13.28919,7.6324,12.1088,4884268646991,11.10528,4959,1,1.756845E-12,0
perf,all-on,1209,8481.093123,-689.8416,18,-221.4395,4000,-3275.489,80,0,0,11.7143,10.8442,13.248512,4884268779530,12.1088,4960,1,1.6569E-12,0
perf,all-on,1210,8481.103586,-689.8416,18,-221.4395,4000,-3275.489,80,0,0,11.8399,7.8262,9.909248,4884268892083,13.248512,4961,1,1.561659E-12,0
perf,all-on,1211,8481.115867,-689.8416,18,-221.4395,4000,-3275.489,80,0,0,11.6056,9.1527,12.565504,4884269011187,9.909248,4962,1,1.473618E-12,0
perf,all-on,1212,8481.131877,-689.8416,18,-221.4395,4000,-3275.489,80,0,0,11.1052,7.6411,12.580864,4884269144521,12.565504,4963,1,1.394024E-12,0
perf,all-on,1213,8481.141484,-689.8416,18,-221.4395,4000,-3275.489,80,0,0,16.0117,9.9165,11.564032,4884269261170,12.580864,4964,1,1.286771E-12,0
perf,all-on,1214,8481.153393,-689.8416,18,-221.4395,4000,-3275.489,80,0,0,9.615306,9.9031,10.750976,4884269379910,11.564032,4965,1,1.226371E-12,0
perf,all-on,1215,8481.165841,-689.8416,18,-221.4395,4000,-3275.489,80,0,0,11.8982,7.9199,14.281728,4884269495290,10.750976,4966,1,1.155541E-12,0
perf,all-on,1216,8481.175551,-689.8416,18,-221.4395,4000,-3275.489,80,0,0,12.4509,8.7448,12.099584,4884269607169,14.281728,4967,1,1.085797E-12,0
perf,all-on,1217,8481.186539,-689.8416,18,-221.4395,4000,-3275.489,80,0,0,9.749299,11.7643,11.384832,4884269767262,12.099584,4968,1,1.034138E-12,0
perf,all-on,1218,8481.199525,-689.8416,18,-221.4395,4000,-3275.489,80,0,0,10.943,7.6761,10.386432,4884269863388,11.384832,4969,1,9.790749E-13,0
perf,all-on,1219,8481.210644,-689.8416,18,-221.4395,4000,-3275.489,80,0,0,13.0505,10.2112,11.976704,4884269982426,10.386432,4970,1,9.172276E-13,0
perf,all-on,1220,8481.224270,-689.8416,18,-221.4395,4000,-3275.489,80,0,0,11.0963,7.8707,12.138496,4884270106910,11.976704,4971,1,8.677243E-13,0
perf,all-on,1221,8481.236292,-689.8416,18,-221.4395,4000,-3275.489,80,0,0,13.7242,7.9075,10.945536,4884270204078,12.138496,4972,1,8.101773E-13,0
perf,all-on,1222,8481.248858,-689.8416,18,-221.4395,4000,-3275.489,80,0,0.8,11.9678,8.8992,13.313024,4884270313862,10.945536,4973,1,7.631191E-13,0
perf,all-on,1223,8481.259964,-689.8416,18,-221.4395,4000,-3275.489,80,0,0.7331812,12.4838,9.2106,13.290496,4884270443710,13.313024,4974,1,7.169421E-13,0
perf,all-on,1224,8481.272082,-689.8416,18,-221.4395,4000,-3275.489,80,0,0.6730457,12.2493,8.4234,11.097088,4884270555153,13.290496,4975,1,6.743495E-13,0
perf,all-on,1225,8481.285918,-689.8416,18,-221.4395,4000,-3275.489,80,0,0.6232257,11.0076,8.5019,10.707968,4884270692304,11.097088,4976,1,6.382375E-13,0
perf,all-on,1226,8481.298495,-689.8416,18,-221.4395,4000,-3275.489,80,0,0.5659062,13.8075,7.9744,12.704768,4884270811430,10.707968,4977,1,5.956618E-13,0
perf,all-on,1227,8481.310196,-689.8416,18,-221.4395,4000,-3275.489,80,0,0.5183427,12.5662,8.6978,12.191744,4884270937081,12.704768,4978,1,5.593872E-13,0
perf,all-on,1228,8481.321298,-689.8416,18,-221.4395,4000,-3275.489,80,0,0.4775944,11.7193,9.2155,11.208704,4884271059386,12.191744,4979,1,5.275509E-13,0
perf,all-on,1229,8481.333961,-689.8416,18,-221.4395,4000,-3275.489,80,0,0.441994,11.0887,8.6493,13.727744,4884271169491,11.208704,4980,1,4.990977E-13,0
perf,all-on,1230,8481.346119,-689.8416,18,-221.4395,4000,-3275.489,80,0,0.4046723,12.6699,9.1932,12.022784,4884271307695,13.727744,4981,1,4.684608E-13,0
perf,all-on,1231,8481.363081,-689.8416,18,-221.4395,4000,-3275.489,80,0,0.3727808,12.3224,10.6254,12.448768,4884271433402,12.022784,4982,1,4.404691E-13,0
perf,all-on,1232,8481.374901,-689.8416,18,-221.4395,4000,-3275.489,80,0,0.3551969,16.8352,7.4124,10.509312,4884271550525,12.448768,4983,1,4.049098E-13,0
perf,all-on,1233,8481.387226,-689.8416,18,-221.4395,4000,-3275.489,80,0,0.4077757,11.8421,9.3473,12.83584,4884271661461,10.509312,4984,1,3.816309E-13,0
perf,all-on,1234,8481.401881,-689.8416,18,-221.4395,4000,-3275.489,80,0,0.5661614,12.287,9.2975,15.51872,4884271788152,12.83584,4985,1,3.588911E-13,0
perf,all-on,1235,8481.425026,-689.8416,18,-221.4395,4000,-3275.489,80,0,0.7795293,14.6656,8.241199,10.328064,4884271909735,15.51872,4986,1,3.33516E-13,0
perf,all-on,1236,8481.446236,-689.8416,18,-221.4395,4000,-3275.489,80,0,0.5253469,25.6032,12.9306,12.033024,4884272079384,10.328064,4987,1,2.934405E-13,0
perf,all-on,1237,8481.461938,-689.8416,18,-221.4395,4000,-3275.489,80,0,0.2448368,18.7672,9.6389,14.251008,4884272197825,12.033024,4988,1,2.671576E-13,0
perf,passes-off,1369,8482.981667,-689.8416,18,-221.4395,4000,-3275.489,80,0,0,9.435304,8.0527,9.68704,4884287784744,0,5120,1,1.295931E-16,0
perf,passes-off,1370,8482.993483,-689.8416,18,-221.4395,4000,-3275.489,80,0,0,9.196698,6.7534,7.663616,4884287869418,9.68704,5121,1,1.237689E-16,0
perf,passes-off,1371,8483.003253,-689.8416,18,-221.4395,4000,-3275.489,80,0,0,12.9769,9.4033,10.220544,4884287981746,7.663616,5122,1,1.159932E-16,0
perf,passes-off,1372,8483.013565,-689.8416,18,-221.4395,4000,-3275.489,80,0,0,8.5991,7.9723,8.0896,4884288079333,10.220544,5123,1,1.111117E-16,0
perf,passes-off,1373,8483.023843,-689.8416,18,-221.4395,4000,-3275.489,80,0,0,10.2998,7.7135,12.470272,4884288173656,8.0896,5124,1,1.055344E-16,0
perf,passes-off,1374,8483.033882,-689.8416,18,-221.4395,4000,-3275.489,80,0,0,10.3231,7.3743,0,0,12.470272,5125,1,1.002254E-16,0
perf,passes-off,1375,8483.043704,-689.8416,18,-221.4395,4000,-3275.489,80,0,0,9.986501,9.262,8.454144,4884288395207,0,5126,1,9.534376E-17,0
perf,passes-off,1376,8483.054250,-689.8416,18,-221.4395,4000,-3275.489,80,0,0,9.838195,6.7499,11.344896,4884288481322,8.454144,5127,1,9.076719E-17,0
perf,passes-off,1377,8483.064025,-689.8416,18,-221.4395,4000,-3275.489,80,0,0,10.5059,8.271699,8.89344,4884288584395,11.344896,5128,1,8.61223E-17,0
perf,passes-off,1378,8483.074181,-689.8416,18,-221.4395,4000,-3275.489,80,0,0,9.784403,8.352399,0,0,8.89344,5129,1,8.201042E-17,0
perf,passes-off,1379,8483.083079,-689.8416,18,-221.4395,4000,-3275.489,80,0,0,10.19989,8.1196,11.433984,4884288787382,0,5130,1,7.79328E-17,0
perf,passes-off,1380,8483.094530,-689.8416,18,-221.4395,4000,-3275.489,80,0,0,8.872605,7.6231,0,0,11.433984,5131,1,7.455104E-17,0
perf,passes-off,1381,8483.103218,-689.8416,18,-221.4395,4000,-3275.489,80,0,0,11.4538,8.6288,10.268672,4884288991037,0,5132,1,7.040153E-17,0
perf,passes-off,1382,8483.112808,-689.8416,18,-221.4395,4000,-3275.489,80,0,0,8.691802,8.0264,8.574976,4884289088855,10.268672,5133,1,6.740748E-17,0
perf,passes-off,1383,8483.123651,-689.8416,18,-221.4395,4000,-3275.489,80,0,0,9.556102,8.068099,0,0,8.574976,5134,1,6.426245E-17,0
perf,passes-off,1384,8483.133514,-689.8416,18,-221.4395,4000,-3275.489,80,0,0,10.8707,7.2367,10.810368,4884289279478,0,5135,1,6.086279E-17,0
perf,passes-off,1385,8483.143643,-689.8416,18,-221.4395,4000,-3275.489,80,0,0,9.846096,9.1179,7.41888,4884289393968,10.810368,5136,1,5.793905E-17,0
perf,passes-off,1386,8483.158306,-689.8416,18,-221.4395,4000,-3275.489,80,0,0,11.25631,6.7563,11.446272,4884289480961,7.41888,5137,1,5.476821E-17,0
perf,passes-off,1387,8483.167618,-689.8416,18,-221.4395,4000,-3275.489,80,0,0,13.56759,7.8161,8.981504,4884289576609,11.446272,5138,1,5.117607E-17,0
perf,passes-off,1388,8483.177708,-689.8416,18,-221.4395,4000,-3275.489,80,0.8,0,9.317502,8.8117,10.556416,4884289685165,8.981504,5139,1,4.884659E-17,0
perf,passes-off,1389,8483.187522,-689.8416,18,-221.4395,4000,-3275.489,80,0.7232229,0,10.3072,8.0137,0,0,10.556416,5140,1,4.639299E-17,0
perf,passes-off,1390,8483.199270,-689.8416,18,-221.4395,4000,-3275.489,80,0.6585554,0,9.569098,8.044,14.548992,4884289896165,0,5141,1,4.422556E-17,0
perf,passes-off,1391,8483.209392,-689.8416,18,-221.4395,4000,-3275.489,80,0.5870526,0,11.743,11.2892,10.727424,4884290031816,14.548992,5142,1,4.170362E-17,0
perf,passes-off,1392,8483.221575,-689.8416,18,-221.4395,4000,-3275.489,80,0.5316247,0,10.1308,7.2229,11.715584,4884290124985,10.727424,5143,1,3.964377E-17,0
perf,passes-off,1393,8483.238726,-689.8416,18,-221.4395,4000,-3275.489,80,0.4705184,0,12.4735,8.0341,9.278464,4884290228150,11.715584,5144,1,3.724681E-17,0
perf,passes-off,1394,8483.249808,-689.8416,18,-221.4395,4000,-3275.489,80,0.3988092,0,16.9435,7.9038,10.238976,4884290323768,9.278464,5145,1,3.422132E-17,0
perf,passes-off,1395,8483.270583,-689.8416,18,-221.4395,4000,-3275.489,80,0.3620059,0,11.0173,9.7886,12.710912,4884290441296,10.238976,5146,1,3.238717E-17,0
perf,passes-off,1396,8483.283723,-689.8416,18,-221.4395,4000,-3275.489,80,0.4678453,0,20.77361,7.8258,16.492544,4884290542587,12.710912,5147,1,2.919199E-17,0
perf,passes-off,1397,8483.296795,-689.8416,18,-221.4395,4000,-3275.489,80,0.7506441,0,13.171,9.5003,0,0,16.492543,5148,1,2.733148E-17,0
perf,passes-off,1398,8483.309462,-689.8416,18,-221.4395,4000,-3275.489,80,0.692816,0,14.1317,11.5532,21.462016,4884290836229,0,5149,1,2.546693E-17,0
perf,passes-off,1399,8483.320350,-689.8416,18,-221.4395,4000,-3275.489,80,0.3836543,0,11.5732,8.6202,11.505664,4884290946925,21.462016,5150,1,2.403509E-17,0
perf,passes-off,1400,8483.330822,-689.8416,18,-221.4395,4000,-3275.489,80,0.2163028,0,10.8543,15.3842,12.89728,4884291154538,11.505664,5151,1,2.276543E-17,0
perf,passes-off,1401,8483.339870,-689.8416,18,-221.4395,4000,-3275.489,80,0.1659789,0,10.4684,11.2659,0,0,12.89728,5152,1,2.160449E-17,0
perf,passes-off,1402,8483.349462,-689.8416,18,-221.4395,4000,-3275.489,80,0.148541,0,9.088598,10.1276,13.177856,4884291427642,0,5153,1,2.064469E-17,0
perf,passes-off,1403,8483.362270,-689.8416,18,-221.4395,4000,-3275.489,80,0.134917,0,9.605002,9.1449,0,0,13.177856,5154,1,1.967666E-17,0
perf,passes-off,1404,8483.371669,-689.8416,18,-221.4395,4000,-3275.489,80,0.1191034,0,12.7604,8.9718,9.142272,4884291652031,0,5155,1,1.846046E-17,0
perf,passes-off,1405,8483.382159,-689.8416,18,-221.4395,4000,-3275.489,80,0.1092533,0,9.582101,8.4888,0,0,9.142272,5156,1,1.759687E-17,0
perf,passes-off,1406,8483.393505,-689.8416,18,-221.4395,4000,-3275.489,80,0.108897,0,10.3173,7.0897,9.4464,4884291847453,0,5157,1,1.671212E-17,0
perf,passes-off,1407,8483.402589,-689.8416,18,-221.4395,4000,-3275.489,80,0.1649988,0,11.3596,7.8746,11.742208,4884291943203,9.4464,5158,1,1.578936E-17,0
perf,passes-off,1408,8483.414206,-689.8416,18,-221.4395,4000,-3275.489,80,0.2752001,0,9.069502,10.9394,8.244224,4884292071283,11.742208,5159,1,1.508934E-17,0
perf,passes-off,1409,8483.428656,-689.8416,18,-221.4395,4000,-3275.489,80,0.3497095,0,11.6415,7.513,11.69408,4884292166297,8.244224,5160,1,1.423611E-17,0
perf,passes-off,1410,8483.440599,-689.8416,18,-221.4395,4000,-3275.489,80,0.1783782,0,14.5627,8.5944,10.715136,4884292270171,11.69408,5161,1,1.323636E-17,0
perf,passes-off,1411,8483.453280,-689.8416,18,-221.4395,4000,-3275.489,80,0.07478593,0,11.8326,9.3374,0,0,10.715136,5162,1,1.247598E-17,0
perf,passes-off,1412,8483.465942,-689.8416,18,-221.4395,4000,-3275.489,80,0.04904531,0,13.7629,7.362,12.530688,4884292474536,0,5163,1,1.164632E-17,0
perf,passes-off,1413,8483.476452,-689.8416,18,-221.4395,4000,-3275.489,80,0.04316862,0,11.5555,9.5227,13.58336,4884292590801,12.530688,5164,1,1.09925E-17,0
perf,passes-off,1414,8483.486315,-689.8416,18,-221.4395,4000,-3275.489,80,0.03891047,0,10.5705,10.464,14.099456,4884292735216,13.58336,5165,1,1.04266E-17,0
perf,passes-off,1415,8483.497868,-689.8416,18,-221.4395,4000,-3275.489,80,0.03534582,0,9.8161,9.8642,9.348096,4884292854786,14.099456,5166,1,9.927215E-18,0
perf,passes-off,1416,8483.506849,-689.8416,18,-221.4395,4000,-3275.489,80,0.03157468,0,11.5261,9.0172,10.92096,4884292992348,9.348096,5167,1,9.371277E-18,0
perf,passes-off,1417,8483.517082,-689.8416,18,-221.4395,4000,-3275.489,80,0.02889725,0,9.050999,9.4496,0,0,10.92096,5168,1,8.956633E-18,0
perf,passes-off,1418,8483.528559,-689.8416,18,-221.4395,4000,-3275.489,80,0.02616152,0,10.1619,8.049899,8.707072,4884293213652,0,5169,1,8.512919E-18,0
perf,passes-off,1419,8483.538913,-689.8416,18,-221.4395,4000,-3275.489,80,0.02337421,0,11.5083,8.004099,10.118144,4884293311983,8.707072,5170,1,8.0369E-18,0
perf,passes-off,1420,8483.548483,-689.8416,18,-221.4395,4000,-3275.489,80,0.02110926,0,10.41271,9.4857,8.859648,4884293427250,10.118144,5171,1,7.629177E-18,0
perf,passes-off,1421,8483.563627,-689.8416,18,-221.4395,4000,-3275.489,80,0.01891418,0,11.2171,7.1101,12.94848,4884293517290,8.859648,5172,1,7.213069E-18,0
perf,passes-off,1422,8483.576569,-689.8416,18,-221.4395,4000,-3275.489,80,0.01658365,0,13.4333,8.3101,9.283584,4884293619356,12.94848,5173,1,6.744504E-18,0
perf,passes-off,1423,8483.594889,-689.8416,18,-221.4395,4000,-3275.489,80,0.01460612,0,12.9712,9.3978,0,0,9.283584,5174,1,6.320966E-18,0
perf,passes-off,1424,8483.611752,-689.8416,18,-221.4395,4000,-3275.489,80,0.01221144,0,18.2929,8.0386,14.276608,4884293838295,0,5175,1,5.768473E-18,0
perf,passes-off,1425,8483.625229,-689.8416,18,-221.4395,4000,-3275.489,80,0.0102449,0,17.9386,7.6755,15.520768,4884293933621,14.276608,5176,1,5.273606E-18,0
perf,passes-off,1426,8483.634924,-689.8416,18,-221.4395,4000,-3275.489,80,0.009072223,0,12.4193,12.9505,18.412544,4884294084942,15.520768,5177,1,4.956094E-18,0
perf,passes-off,1427,8483.644844,-689.8416,18,-221.4395,4000,-3275.489,80,0.008252704,0,9.671499,10.4561,14.25408,4884294214542,18.412544,5178,1,4.722132E-18,0
perf,passes-off,1428,8483.657867,-689.8416,18,-221.4395,4000,-3275.489,80,0.007489847,0,9.908702,12.4173,0,0,14.25408,5179,1,4.493882E-18,0
perf,passes-off,1429,8483.667061,-689.8416,18,-221.4395,4000,-3275.489,80,0.006590191,0,13.0743,12.1608,9.525248,4884294577013,0,5180,1,4.209506E-18,0
perf,passes-off,1430,8483.676785,-689.8416,18,-221.4395,4000,-3275.489,80,0.006026411,0,9.135899,10.0166,9.530368,4884294701147,9.525248,5181,1,4.021544E-18,0
perf,passes-off,1431,8483.686836,-689.8416,18,-221.4395,4000,-3275.489,80,0.005478137,0,9.744997,7.7053,15.599616,4884294797919,9.530368,5182,1,3.830292E-18,0
perf,passes-off,1432,8483.697724,-689.8416,18,-221.4395,4000,-3275.489,80,0,0,10.0239,8.0122,0,0,15.599616,5183,1,3.643051E-18,0
perf,passes-off,1433,8483.706545,-689.8416,18,-221.4395,4000,-3275.489,80,0,0,10.9837,10.3671,6.340608,4884295027624,0,5184,1,3.448374E-18,0
perf,passes-off,1434,8483.716345,-689.8416,18,-221.4395,4000,-3275.489,80,0,0,8.762096,7.3099,12.249088,4884295119177,6.340608,5185,1,3.300561E-18,0
perf,passes-off,1435,8483.727842,-689.8416,18,-221.4395,4000,-3275.489,80,0,0,9.863102,7.6407,8.255488,4884295216515,12.249088,5186,1,3.14174E-18,0
perf,passes-off,1436,8483.737629,-689.8416,18,-221.4395,4000,-3275.489,80,0,0,11.4289,8.2743,8.844288,4884295316898,8.255488,5187,1,2.967241E-18,0
perf,passes-off,1437,8483.747827,-689.8416,18,-221.4395,4000,-3275.489,80,0,0,9.758298,9.2029,0,0,8.844288,5188,1,2.82594E-18,0
perf,passes-off,1438,8483.758398,-689.8416,18,-221.4395,4000,-3275.489,80,0,0,10.2039,6.759,11.60704,4884295514214,0,5189,1,2.685378E-18,0
perf,passes-off,1439,8483.767276,-689.8416,18,-221.4395,4000,-3275.489,80,0,0,10.6157,7.9087,11.551744,4884295612899,11.60704,5190,1,2.546559E-18,0
perf,passes-off,1440,8483.779167,-689.8416,18,-221.4395,4000,-3275.489,80,0,0,9.914299,9.1494,8.327168,4884295727113,11.551744,5191,1,2.4234E-18,0
perf,passes-off,1441,8483.792006,-689.8416,18,-221.4395,4000,-3275.489,80,0,0,10.8058,8.158899,10.980352,4884295824851,8.327168,5192,1,2.29594E-18,0
perf,passes-off,1442,8483.801142,-689.8416,18,-221.4395,4000,-3275.489,80,0,0,12.8598,8.2521,8.196096,4884295926877,10.980352,5193,1,2.15296E-18,0
perf,passes-off,1443,8483.811662,-689.8416,18,-221.4395,4000,-3275.489,80,0,0,9.108503,8.5407,0,0,8.196096,5194,1,2.057108E-18,0
perf,passes-off,1444,8483.823738,-689.8416,18,-221.4395,4000,-3275.489,80,0,0,10.532,7.0572,13.476864,4884296132115,0,5195,1,1.951583E-18,0
perf,passes-off,1445,8483.834743,-689.8416,18,-221.4395,4000,-3275.489,80,0,0,12.3866,8.793,8.548352,4884296240263,13.476864,5196,1,1.834383E-18,0
perf,passes-off,1446,8483.844200,-689.8416,18,-221.4395,4000,-3275.489,80,0,0,10.6928,10.3699,0,0,8.548352,5197,1,1.738885E-18,0
perf,passes-off,1447,8483.854333,-689.8416,18,-221.4395,4000,-3275.489,80,0,0,9.458298,7.4929,12.659712,4884296459970,0,5198,1,1.658565E-18,0
perf,passes-off,1448,8483.864080,-689.8416,18,-221.4395,4000,-3275.489,80,0,0,10.1458,8.1722,0,0,12.659712,5199,1,1.576526E-18,0
perf,passes-off,1449,8483.874431,-689.8416,18,-221.4395,4000,-3275.489,80,0,0,9.726899,9.7923,8.749056,4884296687979,0,5200,1,1.501687E-18,0
perf,passes-off,1450,8483.882838,-689.8416,18,-221.4395,4000,-3275.489,80,0,0,10.3808,9.1039,0,0,8.749056,5201,1,1.425732E-18,0
perf,passes-off,1451,8483.893931,-689.8416,18,-221.4395,4000,-3275.489,80,0,0,8.401098,7.587,8.03328,4884296890605,0,5202,1,1.367083E-18,0
perf,passes-off,1452,8483.904477,-689.8416,18,-221.4395,4000,-3275.489,80,0,0,11.1043,8.421,9.427968,4884296991890,8.033279,5203,1,1.29325E-18,0
perf,passes-off,1453,8483.914432,-689.8416,18,-221.4395,4000,-3275.489,80,0,0,10.5099,7.8633,8.224768,4884297089350,9.427968,5204,1,1.227045E-18,0
perf,passes-off,1454,8483.925033,-689.8416,18,-221.4395,4000,-3275.489,80,0,0,9.950298,8.1536,0,0,8.224767,5205,1,1.167491E-18,0
perf,passes-off,1455,8483.936051,-689.8416,18,-221.4395,4000,-3275.489,80,0,0,11.9349,6.5721,12.299264,4884297276939,0,5206,1,1.09986E-18,0
perf,passes-off,1456,8483.945656,-689.8416,18,-221.4395,4000,-3275.489,80,0,0,9.682505,8.9123,8.242176,4884297388041,12.299264,5207,1,1.047881E-18,0
perf,passes-off,1457,8483.956761,-689.8416,18,-221.4395,4000,-3275.489,80,0,0,9.639299,8.7958,10.4192,4884297493325,8.242176,5208,1,9.985746E-19,0
perf,passes-off,1458,8483.969365,-689.8416,18,-221.4395,4000,-3275.489,80,0,0,11.1517,8.254799,12.583936,4884297592847,10.4192,5209,1,9.444194E-19,0
perf,passes-off,1459,8483.981062,-689.8416,18,-221.4395,4000,-3275.489,80,0,0,12.5374,8.4489,7.784448,4884297710745,12.583936,5210,1,8.870341E-19,0
perf,passes-off,1460,8483.991963,-689.8416,18,-221.4395,4000,-3275.489,80,0,0,11.68829,7.8585,11.76064,4884297809018,7.784448,5211,1,8.366802E-19,0
perf,passes-off,1461,8484.001410,-689.8416,18,-221.4395,4000,-3275.489,80,0,0,10.9122,7.4325,0,0,11.76064,5212,1,7.922531E-19,0
perf,passes-off,1462,8484.011362,-689.8416,18,-221.4395,4000,-3275.489,80,0,0,9.435204,9.1304,9.530368,4884298016678,0,5213,1,7.557456E-19,0
perf,passes-off,1463,8484.021027,-689.8416,18,-221.4395,4000,-3275.489,80,0,0,9.954995,10.4989,12.664832,4884298142246,9.530368,5214,1,7.190492E-19,0
perf,passes-off,1464,8484.031347,-689.8416,18,-221.4395,4000,-3275.489,80,0,0,9.668601,9.7493,0,0,12.664832,5215,1,6.851151E-19,0
perf,passes-off,1465,8484.040609,-689.8416,18,-221.4395,4000,-3275.489,80,0,0,10.312,8.889,8.424448,4884298368233,0,5216,1,6.506858E-19,0
perf,passes-off,1466,8484.050799,-689.8416,18,-221.4395,4000,-3275.489,80,0,0,9.271004,7.6006,0,0,8.424448,5217,1,6.212116E-19,0
perf,passes-off,1467,8484.061778,-689.8416,18,-221.4395,4000,-3275.489,80,0,0,10.1859,8.0264,12.29312,4884298562194,0,5218,1,5.903658E-19,0
perf,passes-off,1468,8484.071410,-689.8416,18,-221.4395,4000,-3275.489,80,0,0,11.0229,8.01,10.05056,4884298658881,12.29312,5219,1,5.587085E-19,0
perf,passes-off,1469,8484.080663,-689.8416,18,-221.4395,4000,-3275.489,80,0,0,9.624802,8.295199,9.452544,4884298762009,10.05056,5220,1,5.324579E-19,0
perf,passes-off,1470,8484.092764,-689.8416,18,-221.4395,4000,-3275.489,80,0,0,10.3104,7.2366,10.702848,4884298854679,9.452544,5221,1,5.057042E-19,0
perf,passes-off,1471,8484.103956,-689.8416,18,-221.4395,4000,-3275.489,80,0,0,11.0133,8.397,12.747776,4884298956535,10.702848,5222,1,4.786097E-19,0
perf,passes-off,1472,8484.114904,-689.8416,18,-221.4395,4000,-3275.489,80,0,0,11.2336,8.7998,0,0,12.747776,5223,1,4.524682E-19,0
perf,passes-off,1473,8484.126306,-689.8416,18,-221.4395,4000,-3275.489,80,0,0,10.9081,7.5853,12.736512,4884299162963,0,5224,1,4.284512E-19,0
perf,passes-off,1474,8484.137787,-689.8416,18,-221.4395,4000,-3275.489,80,0,0,11.4334,7.4245,12.438528,4884299266081,12.736512,5225,1,4.046449E-19,0
perf,passes-off,1475,8484.149583,-689.8416,18,-221.4395,4000,-3275.489,80,0,0,11.577,9.0225,8.926208,4884299376255,12.438528,5226,1,3.818871E-19,0
perf,passes-off,1476,8484.161831,-689.8416,18,-221.4395,4000,-3275.489,80,0,0,11.6611,7.6384,11.804672,4884299488312,8.926208,5227,1,3.602577E-19,0
perf,passes-off,1477,8484.175053,-689.8416,18,-221.4395,4000,-3275.489,80,0,0,12.5139,8.8658,12.747776,4884299597631,11.804672,5228,1,3.384072E-19,0
perf,passes-off,1478,8484.185615,-689.8416,18,-221.4395,4000,-3275.489,80,0,0,12.9905,8.3658,9.814016,4884299711843,12.747776,5229,1,3.171255E-19,0
perf,passes-off,1479,8484.196513,-689.8416,18,-221.4395,4000,-3275.489,80,0,0,10.5332,9.6522,11.9296,4884299827188,9.814016,5230,1,3.00856E-19,0
perf,passes-off,1480,8484.205369,-689.8416,18,-221.4395,4000,-3275.489,80,0,0,10.8892,9.677,13.802496,4884299944375,11.9296,5231,1,2.849135E-19,0
perf,passes-off,1481,8484.215714,-689.8416,18,-221.4395,4000,-3275.489,80,0,0,8.889003,9.6144,12.437504,4884300069370,13.802496,5232,1,2.725278E-19,0
perf,passes-off,1482,8484.227011,-689.8416,18,-221.4395,4000,-3275.489,80,0,0,10.3327,10.8116,8.846336,4884300199265,12.437504,5233,1,2.588056E-19,0
perf,passes-off,1483,8484.236587,-689.8416,18,-221.4395,4000,-3275.489,80,0,0,11.2997,8.6465,10.766336,4884300304758,8.846336,5234,1,2.445889E-19,0
perf,passes-off,1484,8484.250433,-689.8416,18,-221.4395,4000,-3275.489,80,0,0,10.6522,8.5836,8.011776,4884300413674,10.766336,5235,1,2.319026E-19,0
perf,passes-off,1485,8484.263016,-689.8416,18,-221.4395,4000,-3275.489,80,0,0,12.7597,6.8156,12.133376,4884300502423,8.011775,5236,1,2.175697E-19,0
perf,passes-off,1486,8484.272479,-689.8416,18,-221.4395,4000,-3275.489,80,0,0,12.5848,8.2767,11.20256,4884300605780,12.133376,5237,1,2.043012E-19,0
perf,passes-off,1487,8484.282711,-689.8416,18,-221.4395,4000,-3275.489,80,0,0,9.474398,8.7298,11.400192,4884300718843,11.20256,5238,1,1.948487E-19,0
perf,passes-off,1488,8484.293639,-689.8416,18,-221.4395,4000,-3275.489,80,0,0,10.2129,7.9135,12.565504,4884300825286,11.400192,5239,1,1.851486E-19,0
perf,passes-off,1489,8484.303434,-689.8416,18,-221.4395,4000,-3275.489,80,0,0,10.9515,10.7527,0,0,12.565504,5240,1,1.752829E-19,0
perf,passes-off,1490,8484.314262,-689.8416,18,-221.4395,4000,-3275.489,80,0,0,9.844494,10.5742,11.814912,4884301078822,0,5241,1,1.668639E-19,0
perf,passes-off,1491,8484.327738,-689.8416,18,-221.4395,4000,-3275.489,80,0,0,10.7667,7.4504,12.029952,4884301173485,11.814912,5242,1,1.581186E-19,0
perf,passes-off,1492,8484.337705,-689.8416,18,-221.4395,4000,-3275.489,80,0,0,13.4788,8.3164,9.75872,4884301275703,12.029952,5243,1,1.478135E-19,0
perf,passes-off,1493,8484.348041,-689.8416,18,-221.4395,4000,-3275.489,80,0,0.8,9.942106,8.9916,12.126208,4884301385078,9.75872,5244,1,1.406452E-19,0
perf,passes-off,1494,8484.359245,-689.8416,18,-221.4395,4000,-3275.489,80,0,0.705063,10.3415,7.7777,11.990016,4884301483547,12.126208,5245,1,1.335577E-19,0
perf,passes-off,1495,8484.369589,-689.8416,18,-221.4395,4000,-3275.489,80,0,0.6146966,11.2289,8.7258,0,0,11.990016,5246,1,1.262657E-19,0
perf,passes-off,1496,8484.380312,-689.8416,18,-221.4395,4000,-3275.489,80,0,0.5419139,10.3176,10.6227,8.406016,4884301726042,0,5247,1,1.199171E-19,0
perf,passes-off,1497,8484.392037,-689.8416,18,-221.4395,4000,-3275.489,80,0,0.4753843,10.7234,8.045,12.435456,4884301825611,8.406016,5248,1,1.136568E-19,0
perf,passes-off,1498,8484.402538,-689.8416,18,-221.4395,4000,-3275.489,80,0,0.4059942,12.9385,8.5017,10.728448,4884301928998,12.435456,5249,1,1.065369E-19,0
perf,passes-off,1499,8484.415590,-689.8416,18,-221.4395,4000,-3275.489,80,0,0.3653483,9.296904,8.8227,9.120768,4884302041153,10.728448,5250,1,1.016979E-19,0
perf,passes-off,1500,8484.429105,-689.8416,18,-221.4395,4000,-3275.489,80,0,0.4069525,14.3689,8.3697,0,0,9.120768,5251,1,9.464776E-20,0
perf,passes-off,1501,8484.438968,-689.8416,18,-221.4395,4000,-3275.489,80,0,0.7126145,12.2142,8.5422,11.771904,4884302251668,0,5252,1,8.904049E-20,0
perf,passes-off,1502,8484.449424,-689.8416,18,-221.4395,4000,-3275.489,80,0,0.7671927,9.919204,9.0965,0,0,11.771904,5253,1,8.473216E-20,0
perf,passes-off,1503,8484.461331,-689.8416,18,-221.4395,4000,-3275.489,80,0,0.4437158,10.36859,7.4324,11.27936,4884302473981,0,5254,1,8.045132E-20,0
perf,passes-off,1504,8484.470458,-689.8416,18,-221.4395,4000,-3275.489,80,0,0.2038659,11.94221,9.9583,0,0,11.27936,5255,1,7.57881E-20,0
perf,passes-off,1505,8484.479930,-689.8416,18,-221.4395,4000,-3275.489,80,0,0.160161,9.106399,11.2341,11.826176,4884302739743,0,5256,1,7.24147E-20,0
perf,passes-off,1506,8484.490348,-689.8416,18,-221.4395,4000,-3275.489,80,0,0.1408481,9.467099,7.9193,12.325888,4884302838935,11.826176,5257,1,6.906678E-20,0
perf,passes-off,1507,8484.499829,-689.8416,18,-221.4395,4000,-3275.489,80,0,0.123855,10.495,8.5064,11.1104,4884302942757,12.325888,5258,1,6.553595E-20,0
perf,passes-off,1508,8484.511047,-689.8416,18,-221.4395,4000,-3275.489,80,0,0.1109063,9.398405,8.5314,7.924736,4884303062018,11.1104,5259,1,6.252752E-20,0
perf,passes-off,1509,8484.520604,-689.8416,18,-221.4395,4000,-3275.489,80,0,0.1121587,11.2478,7.5,9.852928,4884303153145,7.924736,5260,1,5.910809E-20,0
perf,passes-off,1510,8484.532408,-689.8416,18,-221.4395,4000,-3275.489,80,0,0.1896475,9.524504,7.3525,8.573952,4884303247877,9.852928,5261,1,5.635919E-20,0
perf,passes-off,1511,8484.541626,-689.8416,18,-221.4395,4000,-3275.489,80,0,0.3494808,11.80699,8.3903,0,0,8.573952,5262,1,5.312833E-20,0
perf,passes-off,1512,8484.553314,-689.8416,18,-221.4395,4000,-3275.489,80,0,0.2730386,9.281803,7.5334,11.307008,4884303446869,0,5263,1,5.071903E-20,0
perf,passes-off,1513,8484.563789,-689.8416,18,-221.4395,4000,-3275.489,80,0,0.08758005,12.7445,8.5045,9.513984,4884303559174,11.307008,5264,1,4.758791E-20,0
perf,passes-off,1514,8484.574493,-689.8416,18,-221.4395,4000,-3275.489,80,0,0.05306242,9.361501,7.6832,0,0,9.513984,5265,1,4.541177E-20,0
perf,passes-off,1515,8484.583512,-689.8416,18,-221.4395,4000,-3275.489,80,0,0.04436682,10.7535,10.0995,9.064448,4884303772630,0,5266,1,4.303457E-20,0
perf,passes-off,1516,8484.595457,-689.8416,18,-221.4395,4000,-3275.489,80,0,0.03970846,9.0009,7.0482,13.990912,4884303865299,9.064448,5267,1,4.114076E-20,0
perf,passes-off,1517,8484.604020,-689.8416,18,-221.4395,4000,-3275.489,80,0,0.03432626,11.9232,9.7937,10.81344,4884303992777,13.990912,5268,1,3.875978E-20,0
perf,passes-off,1518,8484.615156,-689.8416,18,-221.4395,4000,-3275.489,80,0,0.03092187,8.55,7.5865,8.644608,4884304086502,10.81344,5269,1,3.713772E-20,0
perf,passes-off,1519,8484.626192,-689.8416,18,-221.4395,4000,-3275.489,80,0,0.02699387,11.1228,8.4272,0,0,8.644608,5270,1,3.512873E-20,0
perf,passes-off,1520,8484.636737,-689.8416,18,-221.4395,4000,-3275.489,80,0,0.02358242,11.0602,7.2801,10.22464,4884304283692,0,5271,1,3.323881E-20,0
perf,passes-off,1521,8484.647343,-689.8416,18,-221.4395,4000,-3275.489,80,0,0.02072101,10.5896,9.7089,9.787392,4884304403262,10.22464,5272,1,3.152466E-20,0
perf,passes-off,1522,8484.661047,-689.8416,18,-221.4395,4000,-3275.489,80,0,0.01821401,10.5578,6.6587,11.087872,4884304488795,9.787392,5273,1,2.990367E-20,0
perf,passes-off,1523,8484.671439,-689.8416,18,-221.4395,4000,-3275.489,80,0,0.01540294,13.7235,8.412,12.143616,4884304600061,11.087872,5274,1,2.792057E-20,0
perf,passes-off,1524,8484.682828,-689.8416,18,-221.4395,4000,-3275.489,80,0,0.01351509,10.7032,8.602,9.90208,4884304710552,12.143616,5275,1,2.646565E-20,0
perf,passes-off,1525,8484.695637,-689.8416,18,-221.4395,4000,-3275.489,80,0,0.01181175,11.02839,8.4687,0,0,9.90208,5276,1,2.504579E-20,0
perf,passes-off,1526,8484.704028,-689.8416,18,-221.4395,4000,-3275.489,80,0,0.01009687,12.8416,8.6081,10.795008,4884304922086,0,5277,1,2.348819E-20,0
perf,passes-off,1527,8484.716028,-689.8416,18,-221.4395,4000,-3275.489,80,0,0.00898638,9.539902,11.2031,14.473216,4884305059201,10.795008,5278,1,2.239412E-20,0
perf,passes-off,1528,8484.728286,-689.8416,18,-221.4395,4000,-3275.489,80,0,0.007871758,10.8396,7.9428,0,0,14.473216,5279,1,2.12127E-20,0
perf,passes-off,1529,8484.737928,-689.8416,18,-221.4395,4000,-3275.489,80,0,0.006775944,12.2737,9.6321,10.620928,4884305276687,0,5280,1,1.995005E-20,0
perf,passes-off,1530,8484.748793,-689.8416,18,-221.4395,4000,-3275.489,80,0,0.006024239,9.626396,9.5693,0,0,10.620928,5281,1,1.901256E-20,0
perf,passes-off,1531,8484.759862,-689.8416,18,-221.4395,4000,-3275.489,80,0,0,10.8641,6.6889,12.015616,4884305500286,0,5282,1,1.800733E-20,0
perf,passes-off,1532,8484.769205,-689.8416,18,-221.4395,4000,-3275.489,80,0,0,11.0774,9.0293,11.921408,4884305608848,12.015616,5283,1,1.703708E-20,0
perf,passes-off,1533,8484.779002,-689.8416,18,-221.4395,4000,-3275.489,80,0,0,9.333496,8.5637,0,0,11.921408,5284,1,1.626027E-20,0
perf,passes-off,1534,8484.788838,-689.8416,18,-221.4395,4000,-3275.489,80,0,0,9.803501,8.0159,11.609088,4884305827868,0,5285,1,1.548245E-20,0
perf,passes-off,1535,8484.799200,-689.8416,18,-221.4395,4000,-3275.489,80,0,0,9.870699,8.9706,0,0,11.609088,5286,1,1.473689E-20,0
perf,passes-off,1536,8484.809261,-689.8416,18,-221.4395,4000,-3275.489,80,0,0,10.3236,8.9522,10.546176,4884306047232,0,5287,1,1.39955E-20,0
perf,passes-off,1537,8484.819237,-689.8416,18,-221.4395,4000,-3275.489,80,0,0,10.0693,7.634,12.452864,4884306140595,10.546176,5288,1,1.330832E-20,0
perf,passes-off,1538,8484.829531,-689.8416,18,-221.4395,4000,-3275.489,80,0,0,9.967403,7.8635,7.880704,4884306238609,12.452864,5289,1,1.266133E-20,0
perf,passes-off,1539,8484.838361,-689.8416,18,-221.4395,4000,-3275.489,80,0,0,10.2999,7.7909,10.237952,4884306337131,7.880704,5290,1,1.202578E-20,0
perf,passes-off,1540,8484.848334,-689.8416,18,-221.4395,4000,-3275.489,80,0,0,8.881697,8.6092,0,0,10.237952,5291,1,1.150342E-20,0
perf,passes-off,1541,8484.860224,-689.8416,18,-221.4395,4000,-3275.489,80,0,0,9.917099,8.0451,8.080384,4884306541231,0,5292,1,1.094693E-20,0
perf,passes-off,1542,8484.871548,-689.8416,18,-221.4395,4000,-3275.489,80,0,0,13.45291,8.1099,10.407936,4884306640938,8.080384,5293,1,1.023481E-20,0
perf,passes-off,1543,8484.881287,-689.8416,18,-221.4395,4000,-3275.489,80,0,0,9.803196,8.1059,8.19712,4884306743955,10.407936,5294,1,9.745232E-21,0
perf,passes-off,1544,8484.892679,-689.8416,18,-221.4395,4000,-3275.489,80,0,0,9.705803,6.8529,12.371968,4884306832306,8.19712,5295,1,9.283597E-21,0
perf,passes-off,1545,8484.901512,-689.8416,18,-221.4395,4000,-3275.489,80,0,0,11.377,8.131,0,0,12.371968,5296,1,8.77024E-21,0
perf,passes-off,1546,8484.911437,-689.8416,18,-221.4395,4000,-3275.489,80,0,0,8.857001,9.433,8.041472,4884307066216,0,5297,1,8.390324E-21,0
perf,passes-off,1547,8484.923968,-689.8416,18,-221.4395,4000,-3275.489,80,0,0,9.906399,7.8924,12.797952,4884307164323,8.041472,5298,1,7.984859E-21,0
perf,passes-off,1548,8484.935086,-689.8416,18,-221.4395,4000,-3275.489,80,0,0,13.3777,7.9658,7.816192,4884307261501,12.797952,5299,1,7.468235E-21,0
perf,passes-off,1549,8484.944725,-689.8416,18,-221.4395,4000,-3275.489,80,0,0,10.2627,9.254,9.35936,4884307375332,7.816192,5300,1,7.09468E-21,0
perf,passes-off,1550,8484.956264,-689.8416,18,-221.4395,4000,-3275.489,80,0,0,9.988697,6.877,0,0,9.35936,5301,1,6.749049E-21,0
perf,passes-off,1551,8484.965554,-689.8416,18,-221.4395,4000,-3275.489,80,0,0,11.2587,7.884,10.266624,4884307562951,0,5302,1,6.379618E-21,0
perf,passes-off,1552,8484.976640,-689.8416,18,-221.4395,4000,-3275.489,80,0,0,9.217602,10.2384,8.911872,4884307696237,10.266624,5303,1,6.092266E-21,0
perf,passes-off,1553,8484.986967,-689.8416,18,-221.4395,4000,-3275.489,80,0,0,11.1143,8.4581,0,0,8.911872,5304,1,5.762945E-21,0
perf,passes-off,1554,8484.998001,-689.8416,18,-221.4395,4000,-3275.489,80,0,0,10.3933,7.2247,13.444096,4884307895858,0,5305,1,5.471114E-21,0
perf,passes-off,1555,8485.006449,-689.8416,18,-221.4395,4000,-3275.489,80,0,0,10.9791,9.5225,12.888064,4884308011369,13.444096,5306,1,5.178869E-21,0
perf,passes-off,1556,8485.016300,-689.8416,18,-221.4395,4000,-3275.489,80,0,0,8.455201,7.4492,0,0,12.888064,5307,1,4.96449E-21,0
perf,passes-off,1557,8485.028555,-689.8416,18,-221.4395,4000,-3275.489,80,0,0,10.9467,8.9094,8.54528,4884308215048,0,5308,1,4.700069E-21,0
perf,passes-off,1558,8485.037779,-689.8416,18,-221.4395,4000,-3275.489,80,0,0,11.1306,8.5879,8.498176,4884308318574,8.54528,5309,1,4.445641E-21,0
perf,passes-off,1559,8485.047156,-689.8416,18,-221.4395,4000,-3275.489,80,0,0,9.227104,9.1523,9.430016,4884308428619,8.498176,5310,1,4.245199E-21,0
perf,passes-off,1560,8485.058594,-689.8416,18,-221.4395,4000,-3275.489,80,0,0,9.383801,6.696,0,0,9.430016,5311,1,4.050619E-21,0
perf,passes-off,1561,8485.068389,-689.8416,18,-221.4395,4000,-3275.489,80,0,0,11.4389,7.9319,10.942464,4884308622727,0,5312,1,3.825446E-21,0
perf,passes-off,1562,8485.078783,-689.8416,18,-221.4395,4000,-3275.489,80,0,0,9.777601,8.9448,7.739392,4884308734143,10.942464,5313,1,3.642926E-21,0
perf,passes-off,1563,8485.088092,-689.8416,18,-221.4395,4000,-3275.489,80,0,0,10.3933,7.3427,0,0,7.739392,5314,1,3.45845E-21,0
perf,passes-off,1564,8485.099316,-689.8416,18,-221.4395,4000,-3275.489,80,0,0,9.762599,7.2614,12.068864,4884308920172,0,5315,1,3.293687E-21,0
perf,passes-off,1565,8485.109386,-689.8416,18,-221.4395,4000,-3275.489,80,0,0,10.778,9.4341,9.865216,4884309034603,12.068864,5316,1,3.120888E-21,0
perf,passes-off,1566,8485.118845,-689.8416,18,-221.4395,4000,-3275.489,80,0,0,10.078,7.9636,0,0,9.865216,5317,1,2.967523E-21,0
perf,passes-off,1567,8485.128868,-689.8416,18,-221.4395,4000,-3275.489,80,0,0,9.440101,8.3489,9.168896,4884309236416,0,5318,1,2.830709E-21,0
perf,passes-off,1568,8485.138066,-689.8416,18,-221.4395,4000,-3275.489,80,0,0,10.01721,7.6625,0,0,9.168896,5319,1,2.692422E-21,0
perf,passes-off,1569,8485.147065,-689.8416,18,-221.4395,4000,-3275.489,80,0,0,9.249794,9.2096,9.38496,4884309441777,0,5320,1,2.570736E-21,0
perf,passes-off,1570,8485.158396,-689.8416,18,-221.4395,4000,-3275.489,80,0,0,8.957603,8.0388,8.50944,4884309542511,9.38496,5321,1,2.458138E-21,0
perf,passes-off,1571,8485.168962,-689.8416,18,-221.4395,4000,-3275.489,80,0,0,11.3502,7.6859,11.073536,4884309636982,8.50944,5322,1,2.322521E-21,0
perf,passes-off,1572,8485.180190,-689.8416,18,-221.4395,4000,-3275.489,80,0,0,11.7943,8.2158,7.095296,4884309737190,11.073536,5323,1,2.189519E-21,0
perf,passes-off,1573,8485.192925,-689.8416,18,-221.4395,4000,-3275.489,80,0,0,9.978798,7.4177,11.531264,4884309829588,7.095296,5324,1,2.082955E-21,0
perf,passes-off,1574,8485.203333,-689.8416,18,-221.4395,4000,-3275.489,80,0,0,12.7499,7.1247,11.186176,4884309919242,11.531264,5325,1,1.954312E-21,0
perf,passes-off,1575,8485.213604,-689.8416,18,-221.4395,4000,-3275.489,80,0,0,10.4349,8.9621,10.249216,4884310032624,11.186176,5326,1,1.854961E-21,0
perf,passes-off,1576,8485.223497,-689.8416,18,-221.4395,4000,-3275.489,80,0,0,10.2334,8.632,0,0,10.249216,5327,1,1.762436E-21,0
perf,passes-off,1577,8485.234397,-689.8416,18,-221.4395,4000,-3275.489,80,0,0,9.878103,7.9566,13.14304,4884310250490,0,5328,1,1.677503E-21,0
perf,passes-off,1578,8485.244202,-689.8416,18,-221.4395,4000,-3275.489,80,0,0,10.9215,9.8834,8.358912,4884310377895,13.14304,5329,1,1.588355E-21,0
perf,passes-off,1579,8485.254962,-689.8416,18,-221.4395,4000,-3275.489,80,0,0,9.863698,8.4161,0,0,8.358912,5330,1,1.51192E-21,0
perf,passes-off,1580,8485.264843,-689.8416,18,-221.4395,4000,-3275.489,80,0,0,10.7135,7.8322,8.283136,4884310584633,0,5331,1,1.433061E-21,0
perf,passes-off,1581,8485.275037,-689.8416,18,-221.4395,4000,-3275.489,80,0,0,9.859007,8.161199,10.155008,4884310683449,8.283136,5332,1,1.364131E-21,0
perf,passes-off,1582,8485.284961,-689.8416,18,-221.4395,4000,-3275.489,80,0,0,10.19719,8.8869,13.185024,4884310792601,10.155008,5333,1,1.296323E-21,0
perf,passes-off,1583,8485.295819,-689.8416,18,-221.4395,4000,-3275.489,80,0,0,9.9197,7.7538,7.248896,4884310891113,13.185024,5334,1,1.233595E-21,0
perf,passes-off,1584,8485.304253,-689.8416,18,-221.4395,4000,-3275.489,80,0,0,10.8777,8.7712,0,0,7.248896,5335,1,1.168294E-21,0
perf,passes-off,1585,8485.314193,-689.8416,18,-221.4395,4000,-3275.489,80,0,0,8.410501,7.5348,10.29632,4884311097010,0,5336,1,1.120183E-21,0
perf,passes-off,1586,8485.325229,-689.8416,18,-221.4395,4000,-3275.489,80,0,0,9.944402,7.975,10.48576,4884311198967,10.29632,5337,1,1.065847E-21,0
perf,passes-off,1587,8485.336684,-689.8416,18,-221.4395,4000,-3275.489,80,0,0,12.2717,8.0585,11.469824,4884311298165,10.48576,5338,1,1.002414E-21,0
perf,passes-off,1588,8485.345924,-689.8416,18,-221.4395,4000,-3275.489,80,0,0,10.2089,8.6075,6.38464,4884311406851,11.469824,5339,1,9.525307E-22,0
perf,passes-off,1589,8485.357108,-689.8416,18,-221.4395,4000,-3275.489,80,0,0,9.278104,6.7723,0,0,6.38464,5340,1,9.093516E-22,0
perf,passes-off,1590,8485.366630,-689.8416,18,-221.4395,4000,-3275.489,80,0,0,11.1815,7.9081,12.765184,4884311590486,0,5341,1,8.599071E-22,0
perf,passes-off,1591,8485.378095,-689.8416,18,-221.4395,4000,-3275.489,80,0,0,9.494197,8.5487,7.366656,4884311712986,12.765184,5342,1,8.200402E-22,0
perf,passes-off,1592,8485.389196,-689.8416,18,-221.4395,4000,-3275.489,80,0,0,11.48491,8.3345,11.660288,4884311815339,7.366656,5343,1,7.742763E-22,0
perf,passes-off,1593,8485.400053,-689.8416,18,-221.4395,4000,-3275.489,80,0,0,11.1157,7.383,8.783872,4884311907807,11.660288,5344,1,7.324172E-22,0
perf,passes-off,1594,8485.409528,-689.8416,18,-221.4395,4000,-3275.489,80,0,0,10.8208,9.1122,11.472896,4884312019809,8.783872,5345,1,6.938434E-22,0
perf,passes-off,1595,8485.420074,-689.8416,18,-221.4395,4000,-3275.489,80,0,0,9.493906,7.6599,0,0,11.472896,5346,1,6.616764E-22,0
perf,passes-off,1596,8485.430889,-689.8416,18,-221.4395,4000,-3275.489,80,0,0,10.5348,8.083,8.582144,4884312229609,0,5347,1,6.277253E-22,0
perf,passes-off,1597,8485.439955,-689.8416,18,-221.4395,4000,-3275.489,80,0,0,10.8042,8.8196,9.996288,4884312340695,8.582144,5348,1,5.947146E-22,0
perf,passes-off,1598,8485.450257,-689.8416,18,-221.4395,4000,-3275.489,80,0,0,9.092602,8.8447,0,0,9.996288,5349,1,5.682825E-22,0
perf,passes-off,1599,8485.460869,-689.8416,18,-221.4395,4000,-3275.489,80,0,0,10.2756,7.4369,8.572928,4884312543937,0,5350,1,5.398226E-22,0
perf,passes-off,1600,8485.470706,-689.8416,18,-221.4395,4000,-3275.489,80,0,0,10.6456,8.5039,0,0,8.572928,5351,1,5.118403E-22,0
perf,passes-off,1601,8485.481032,-689.8416,18,-221.4395,4000,-3275.489,80,0,0,9.8054,8.8706,9.418752,4884312757408,0,5352,1,4.873515E-22,0
perf,passes-off,1602,8485.493818,-689.8416,18,-221.4395,4000,-3275.489,80,0,0,11.45329,7.2952,11.119616,4884312848212,9.418752,5353,1,4.602267E-22,0
perf,passes-off,1603,8485.502168,-689.8416,18,-221.4395,4000,-3275.489,80,0,0,11.69841,8.4899,11.488256,4884312951085,11.119616,5354,1,4.340792E-22,0
perf,passes-off,1604,8485.514890,-689.8416,18,-221.4395,4000,-3275.489,80,0,0,8.310898,8.581,0,0,11.488256,5355,1,4.164109E-22,0
perf,passes-off,1605,8485.527474,-689.8416,18,-221.4395,4000,-3275.489,80,0,0,12.7893,8.1708,13.62432,4884313155615,0,5356,1,3.906164E-22,0
perf,passes-off,1606,8485.540377,-689.8416,18,-221.4395,4000,-3275.489,80,0,0,12.5495,8.036099,9.652224,4884313269965,13.62432,5357,1,3.668594E-22,0
perf,passes-off,1607,8485.558939,-689.8416,18,-221.4395,4000,-3275.489,80,0,0,12.9164,9.1258,11.769856,4884313386981,9.652224,5358,1,3.439157E-22,0
perf,passes-off,1608,8485.572871,-689.8416,18,-221.4395,4000,-3275.489,80,0,0,18.6402,6.6976,0,0,11.769856,5359,1,3.133108E-22,0
perf,passes-off,1609,8485.582164,-689.8416,18,-221.4395,4000,-3275.489,80,0,0,13.85059,9.8077,9.802752,4884313597564,0,5360,1,2.923474E-22,0
perf,passes-off,1610,8485.594878,-689.8416,18,-221.4395,4000,-3275.489,80,0,0,9.255903,10.1081,0,0,9.802752,5361,1,2.791259E-22,0
perf,passes-off,1611,8485.603922,-689.8416,18,-221.4395,4000,-3275.489,80,0,0,12.7559,7.741,11.524096,4884313852576,0,5362,1,2.618793E-22,0
perf,passes-off,1612,8485.615673,-689.8416,18,-221.4395,4000,-3275.489,80,0,0,8.996195,12.4993,8.80128,4884314038796,11.524096,5363,1,2.503607E-22,0
perf,passes-off,1613,8485.626212,-689.8416,18,-221.4395,4000,-3275.489,80,0,0,11.7513,10.0381,0,0,8.80128,5364,1,2.360742E-22,0
perf,passes-off,1614,8485.635600,-689.8416,18,-221.4395,4000,-3275.489,80,0,0,10.6865,7.6432,10.760192,4884314270246,0,5365,1,2.237913E-22,0
perf,passes-off,1615,8485.646755,-689.8416,18,-221.4395,4000,-3275.489,80,0,0,10.3708,10.2191,9.797632,4884314397609,10.760192,5366,1,2.124825E-22,0
perf,passes-off,1616,8485.658091,-689.8416,18,-221.4395,4000,-3275.489,80,0,0,10.039,7.1131,10.671104,4884314487783,9.797632,5367,1,2.020802E-22,0
perf,passes-off,1617,8485.667131,-689.8416,18,-221.4395,4000,-3275.489,80,0,0,11.3613,9.9292,10.848256,4884314605269,10.671104,5368,1,1.909207E-22,0
perf,passes-off,1618,8485.678206,-689.8416,18,-221.4395,4000,-3275.489,80,0,0,9.101602,8.4456,8.927232,4884314710713,10.848256,5369,1,1.82427E-22,0
perf,passes-off,1619,8485.687686,-689.8416,18,-221.4395,4000,-3275.489,80,0,0,11.0046,7.49,13.582336,4884314815711,8.927232,5370,1,1.726605E-22,0
perf,passes-off,1620,8485.699334,-689.8416,18,-221.4395,4000,-3275.489,80,0,0,9.452906,6.9766,0,0,13.582336,5371,1,1.646896E-22,0
perf,passes-off,1621,8485.708974,-689.8416,18,-221.4395,4000,-3275.489,80,0,0,11.654,8.9648,10.970112,4884315029699,0,5372,1,1.553674E-22,0
perf,passes-off,1622,8485.719694,-689.8416,18,-221.4395,4000,-3275.489,80,0,0,9.634899,6.9861,12.209152,4884315120723,10.970112,5373,1,1.480601E-22,0
perf,passes-off,1623,8485.730266,-689.8416,18,-221.4395,4000,-3275.489,80,0,0,10.7151,8.1327,0,0,12.209152,5374,1,1.403364E-22,0
perf,passes-off,1624,8485.739432,-689.8416,18,-221.4395,4000,-3275.489,80,0,0,10.5694,7.8424,9.976832,4884315325447,0,5375,1,1.331126E-22,0
perf,passes-off,1625,8485.749887,-689.8416,18,-221.4395,4000,-3275.489,80,0,0,9.187698,9.7325,0,0,9.976832,5376,1,1.27136E-22,0
perf,passes-off,1626,8485.761804,-689.8416,18,-221.4395,4000,-3275.489,80,0,0,10.4681,7.5817,7.310336,4884315538328,0,5377,1,1.206528E-22,0
perf,passes-off,1627,8485.772265,-689.8416,18,-221.4395,4000,-3275.489,80,0,0,11.9453,9.0089,9.8816,4884315645494,7.310336,5378,1,1.136576E-22,0
perf,passes-off,1628,8485.785741,-689.8416,18,-221.4395,4000,-3275.489,80,0,0,10.4278,8.4103,9.423872,4884315751173,9.8816,5379,1,1.078834E-22,0
perf,passes-off,1629,8485.800258,-689.8416,18,-221.4395,4000,-3275.489,80,0,0,14.6601,7.459,11.864064,4884315842993,9.423872,5380,1,1.002584E-22,0
perf,passes-off,1630,8485.811570,-689.8416,18,-221.4395,4000,-3275.489,80,0,0,13.3406,8.349,12.274688,4884315947678,11.864064,5381,1,9.3789E-23,0
perf,passes-off,1631,8485.821427,-689.8416,18,-221.4395,4000,-3275.489,80,0,0,11.3255,9.3413,13.827072,4884316066675,12.274688,5382,1,8.862554E-23,0
perf,passes-off,1632,8485.832478,-689.8416,18,-221.4395,4000,-3275.489,80,0,0,9.881001,8.3936,12.158976,4884316171335,13.827072,5383,1,8.43534E-23,0
perf,passes-off,1633,8485.842521,-689.8416,18,-221.4395,4000,-3275.489,80,0,0,10.9904,11.3679,0,0,12.158976,5384,1,7.984307E-23,0
perf,passes-off,1634,8485.853723,-689.8416,18,-221.4395,4000,-3275.489,80,0,0,10.2173,11.3085,12.525568,4884316451332,0,5385,1,7.58666E-23,0
perf,passes-off,1635,8485.864603,-689.8416,18,-221.4395,4000,-3275.489,80,0,0,11.0235,8.8992,8.6272,4884316564590,12.525568,5386,1,7.179818E-23,0
perf,passes-off,1636,8485.874773,-689.8416,18,-221.4395,4000,-3275.489,80,0,0,10.8829,7.9958,0,0,8.6272,5387,1,6.799571E-23,0
perf,passes-off,1637,8485.886077,-689.8416,18,-221.4395,4000,-3275.489,80,0,0,10.302,9.2177,10.023936,4884316773413,0,5388,1,6.458193E-23,0
perf,passes-off,1638,8485.896007,-689.8416,18,-221.4395,4000,-3275.489,80,0,0,11.1884,7.5787,13.268992,4884316873885,10.023936,5389,1,6.106828E-23,0
perf,passes-off,1639,8485.904773,-689.8416,18,-221.4395,4000,-3275.489,80,0.8,0,9.890702,9.2501,8.710144,4884316985813,13.268992,5390,1,5.812169E-23,0
perf,passes-off,1640,8485.915649,-689.8416,18,-221.4395,4000,-3275.489,80,0.7410225,0,8.890696,8.5845,10.55232,4884317094628,8.710144,5391,1,5.559457E-23,0
perf,passes-off,1641,8485.926551,-689.8416,18,-221.4395,4000,-3275.489,80,0.6754074,0,10.7622,7.7707,13.010944,4884317196477,10.55232,5392,1,5.268203E-23,0
perf,passes-off,1642,8485.936612,-689.8416,18,-221.4395,4000,-3275.489,80,0.6147329,0,10.9277,9.494,8.598528,4884317309488,13.010944,5393,1,4.988079E-23,0
perf,passes-off,1643,8485.947042,-689.8416,18,-221.4395,4000,-3275.489,80,0.5585172,0,11.1326,8.0961,9.129984,4884317408522,8.598528,5394,1,4.718014E-23,0
perf,passes-off,1644,8485.958196,-689.8416,18,-221.4395,4000,-3275.489,80,0.5153741,0,9.333298,6.5983,12.194816,4884317497227,9.129984,5395,1,4.502899E-23,0
perf,passes-off,1645,8485.967059,-689.8416,18,-221.4395,4000,-3275.489,80,0.468045,0,11.1816,9.0417,10.298368,4884317605037,12.194816,5396,1,4.258059E-23,0
perf,passes-off,1646,8485.978306,-689.8416,18,-221.4395,4000,-3275.489,80,0.4336502,0,8.863705,8.7293,0,0,10.298368,5397,1,4.073469E-23,0
perf,passes-off,1647,8485.987777,-689.8416,18,-221.4395,4000,-3275.489,80,0.3939215,0,11.2387,8.0885,11.927552,4884317825503,0,5398,1,3.850879E-23,0
perf,passes-off,1648,8486.002322,-689.8416,18,-221.4395,4000,-3275.489,80,0.3657596,0,9.4571,7.1484,8.210432,4884317918942,11.927552,5399,1,3.673026E-23,0
perf,passes-off,1649,8486.013546,-689.8416,18,-221.4395,4000,-3275.489,80,0.3648843,0,14.587,9.0222,11.046912,4884318030672,8.210432,5400,1,3.41467E-23,0
perf,passes-off,1650,8486.026663,-689.8416,18,-221.4395,4000,-3275.489,80,0.4773797,0,11.2141,7.2069,12.340224,4884318119357,11.046912,5401,1,3.228476E-23,0
perf,passes-off,1651,8486.036788,-689.8416,18,-221.4395,4000,-3275.489,80,0.7311391,0,13.1301,9.2655,13.447168,4884318231729,12.340224,5402,1,3.023333E-23,0
perf,passes-off,1652,8486.047129,-689.8416,18,-221.4395,4000,-3275.489,80,0.7949614,0,10.0828,7.7269,0,0,13.447168,5403,1,2.874693E-23,0
perf,passes-off,1653,8486.059652,-689.8416,18,-221.4395,4000,-3275.489,80,0.6212214,0,10.3661,12.6327,13.56288,4884318472187,0,5404,1,2.729491E-23,0
perf,passes-off,1654,8486.069968,-689.8416,18,-221.4395,4000,-3275.489,80,0.3357159,0,12.52039,8.8909,11.972608,4884318584212,13.56288,5405,1,2.563858E-23,0
perf,passes-off,1655,8486.080891,-689.8416,18,-221.4395,4000,-3275.489,80,0.2128545,0,10.2945,10.5835,7.938048,4884318715309,11.972608,5406,1,2.435229E-23,0
perf,passes-off,1656,8486.094304,-689.8416,18,-221.4395,4000,-3275.489,80,0.1671409,0,10.9146,8.2124,0,0,7.938048,5407,1,2.305892E-23,0
perf,passes-off,1657,8486.104794,-689.8416,18,-221.4395,4000,-3275.489,80,0.1434608,0,14.7032,7.9978,11.222016,4884318920019,0,5408,1,2.142454E-23,0
perf,passes-off,1658,8486.115594,-689.8416,18,-221.4395,4000,-3275.489,80,0.1322229,0,9.3804,10.0751,9.479168,4884319045240,11.222016,5409,1,2.044288E-23,0
perf,passes-off,1659,8486.129098,-689.8416,18,-221.4395,4000,-3275.489,80,0.1203583,0,10.9349,8.1511,0,0,9.479168,5410,1,1.935519E-23,0
perf,passes-off,1660,8486.140644,-689.8416,18,-221.4395,4000,-3275.489,80,0.1084935,0,13.2211,9.1257,11.812864,4884319257465,0,5411,1,1.811707E-23,0
perf,passes-off,1661,8486.153148,-689.8416,18,-221.4395,4000,-3275.489,80,0.1101569,0,11.5575,10.7199,0,0,11.812864,5412,1,1.709981E-23,0
perf,passes-off,1662,8486.166108,-689.8416,18,-221.4395,4000,-3275.489,80,0.1695282,0,12.5033,7.3049,9.563136,4884319497491,0,5413,1,1.606352E-23,0
perf,passes-off,1663,8486.178686,-689.8416,18,-221.4395,4000,-3275.489,80,0.3117381,0,13.2023,8.884,10.957824,4884319607535,9.563136,5414,1,1.503738E-23,0
perf,passes-off,1664,8486.188732,-689.8416,18,-221.4395,4000,-3275.489,80,0.3377845,0,12.3085,10.6346,14.312448,4884319739795,10.957824,5415,1,1.413985E-23,0
perf,passes-off,1665,8486.201784,-689.8416,18,-221.4395,4000,-3275.489,80,0.2276898,0,10.098,9.2902,0,0,14.312448,5416,1,1.344365E-23,0
perf,passes-off,1666,8486.213155,-689.8416,18,-221.4395,4000,-3275.489,80,0.09623963,0,13.0016,10.4358,12.452864,4884319980251,0,5417,1,1.259751E-23,0
perf,passes-off,1667,8486.223626,-689.8416,18,-221.4395,4000,-3275.489,80,0.05733126,0,11.369,10.5535,12.5184,4884320112044,12.452864,5418,1,1.190137E-23,0
perf,passes-off,1668,8486.236564,-689.8416,18,-221.4395,4000,-3275.489,80,0.04801419,0,10.4928,10.063,11.096064,4884320235524,12.5184,5419,1,1.129308E-23,0
perf,passes-off,1669,8486.249051,-689.8416,18,-221.4395,4000,-3275.489,80,0.04256366,0,12.9152,8.0347,10.69056,4884320336291,11.096064,5420,1,1.058686E-23,0
perf,passes-off,1670,8486.264391,-689.8416,18,-221.4395,4000,-3275.489,80,0.03784546,0,13.6126,11.0499,11.424768,4884320466465,10.69056,5421,1,9.890264E-24,0
perf,passes-off,1671,8486.279090,-689.8416,18,-221.4395,4000,-3275.489,80,0.03347974,0,14.2287,9.023,13.853696,4884320580156,11.424768,5422,1,9.211082E-24,0
perf,passes-off,1672,8486.291495,-689.8416,18,-221.4395,4000,-3275.489,80,0.02949774,0,14.7002,8.4397,10.32704,4884320685025,13.853696,5423,1,8.558341E-24,0
perf,passes-off,1673,8486.302817,-689.8416,18,-221.4395,4000,-3275.489,80,0.02650597,0,12.416,10.9203,15.458304,4884320814246,10.32704,5424,1,8.043195E-24,0
perf,passes-off,1674,8486.320021,-689.8416,18,-221.4395,4000,-3275.489,80,0.02405202,0,11.278,10.4427,0,0,15.458304,5425,1,7.60219E-24,0
perf,passes-off,1675,8486.335240,-689.8416,18,-221.4395,4000,-3275.489,80,0.02073123,0,17.2487,11.6821,13.478912,4884321092664,0,5426,1,6.974027E-24,0
perf,passes-off,1676,8486.352399,-689.8416,18,-221.4395,4000,-3275.489,80,0.01816943,0,15.3114,11.9142,13.913088,4884321239591,13.478912,5427,1,6.460042E-24,0
perf,passes-off,1677,8486.370870,-689.8416,18,-221.4395,4000,-3275.489,80,0.01568479,0,17.0705,10.2605,15.879168,4884321363747,13.913088,5428,1,5.931537E-24,0
perf,passes-off,1678,8486.389916,-689.8416,18,-221.4395,4000,-3275.489,80,0.0133642,0,18.5865,8.7248,15.495168,4884321476694,15.879168,5429,1,5.405143E-24,0
perf,passes-off,1679,8486.405489,-689.8416,18,-221.4395,4000,-3275.489,80,0.01134233,0,19.0447,14.3328,12.171264,4884321648813,15.495168,5430,1,4.914192E-24,0
perf,passes-off,1680,8486.420897,-689.8416,18,-221.4395,4000,-3275.489,80,0.00979659,0,17.0061,12.6529,21.545984,4884321801960,12.171264,5431,1,4.513608E-24,0
perf,passes-off,1681,8486.435215,-689.8416,18,-221.4395,4000,-3275.489,80,0.00868789,0,13.9433,11.8746,19.378176,4884321972766,21.545984,5432,1,4.209654E-24,0
perf,passes-off,1682,8486.446518,-689.8416,18,-221.4395,4000,-3275.489,80,0.007687598,0,14.2009,15.0804,16.395264,4884322158434,19.378176,5433,1,3.921114E-24,0
perf,passes-off,1683,8486.458417,-689.8416,18,-221.4395,4000,-3275.489,80,0.006970713,0,11.3641,13.5935,15.827968,4884322349025,16.395264,5434,1,3.704526E-24,0
perf,passes-off,1684,8486.468844,-689.8416,18,-221.4395,4000,-3275.489,80,0.00629012,0,11.9256,13.049,13.034496,4884322518967,15.827968,5435,1,3.490089E-24,0
perf,passes-off,1685,8486.480574,-689.8416,18,-221.4395,4000,-3275.489,80,0.005753815,0,10.3466,11.4577,0,0,13.034496,5436,1,3.314127E-24,0
perf,passes-off,1686,8486.494867,-689.8416,18,-221.4395,4000,-3275.489,80,0,0,11.7381,12.1296,12.517376,4884322800743,0,5437,1,3.125217E-24,0
perf,passes-off,1687,8486.516118,-689.8416,18,-221.4395,4000,-3275.489,80,0,0,14.4158,8.7428,11.722752,4884322914339,12.517376,5438,1,2.907882E-24,0
perf,passes-off,1688,8486.529084,-689.8416,18,-221.4395,4000,-3275.489,80,0,0,21.1286,9.4311,9.720832,4884323033569,11.722752,5439,1,2.616354E-24,0
perf,passes-off,1689,8486.539899,-689.8416,18,-221.4395,4000,-3275.489,80,0,0,12.953,8.4468,14.39232,4884323137022,9.720832,5440,1,2.452277E-24,0
perf,passes-off,1690,8486.549954,-689.8416,18,-221.4395,4000,-3275.489,80,0,0,10.8362,8.7337,21.071872,4884323254340,14.39232,5441,1,2.322945E-24,0
perf,passes-off,1691,8486.561522,-689.8416,18,-221.4395,4000,-3275.489,80,0,0,10.0935,9.8979,0,0,21.071872,5442,1,2.208621E-24,0
perf,passes-off,1692,8486.573914,-689.8416,18,-221.4395,4000,-3275.489,80,0,0,12.6576,19.0024,12.440576,4884323609879,0,5443,1,2.073173E-24,0
perf,passes-off,1693,8486.583262,-689.8416,18,-221.4395,4000,-3275.489,80,0,0,11.2754,10.6899,0,0,12.440576,5444,1,1.959528E-24,0
perf,passes-off,1694,8486.595115,-689.8416,18,-221.4395,4000,-3275.489,80,0,0,9.319998,8.6257,8.515584,4884323847705,0,5445,1,1.870309E-24,0
perf,passes-off,1695,8486.610336,-689.8416,18,-221.4395,4000,-3275.489,80,0,0,11.8713,8.259399,12.844032,4884323948170,8.515584,5446,1,1.762524E-24,0
perf,passes-off,1696,8486.621822,-689.8416,18,-221.4395,4000,-3275.489,80,0,0,15.223,9.2478,9.03168,4884324074932,12.844032,5447,1,1.633348E-24,0
perf,passes-off,1697,8486.632397,-689.8416,18,-221.4395,4000,-3275.489,80,0,0,11.4995,8.8349,11.723776,4884324187935,9.03168,5448,1,1.542084E-24,0
perf,passes-off,1698,8486.642003,-689.8416,18,-221.4395,4000,-3275.489,80,0,0,10.5259,7.6353,15.104,4884324281294,11.723776,5449,1,1.463023E-24,0
perf,passes-off,1699,8486.652699,-689.8416,18,-221.4395,4000,-3275.489,80,0,0,9.617205,9.7164,0,0,15.104,5450,1,1.394337E-24,0
perf,passes-off,1700,8486.663022,-689.8416,18,-221.4395,4000,-3275.489,80,0,0,10.6785,12.7401,7.400448,4884324552131,0,5451,1,1.321842E-24,0
perf,passes-off,1701,8486.674442,-689.8416,18,-221.4395,4000,-3275.489,80,0,0,10.3279,9.3537,10.1632,4884324667095,7.400448,5452,1,1.255315E-24,0
perf,passes-off,1702,8486.687880,-689.8416,18,-221.4395,4000,-3275.489,80,0,0,11.4646,8.3298,0,0,10.1632,5453,1,1.18538E-24,0
perf,passes-off,1703,8486.700977,-689.8416,18,-221.4395,4000,-3275.489,80,0,0,13.4192,7.2799,8.001536,4884324868671,0,5454,1,1.108456E-24,0
perf,passes-off,1704,8486.714315,-689.8416,18,-221.4395,4000,-3275.489,80,0,0,13.1327,8.8487,11.901952,4884324975538,8.001536,5455,1,1.038009E-24,0
perf,passes-off,1705,8486.726428,-689.8416,18,-221.4395,4000,-3275.489,80,0,0,14.4187,8.2329,15.045632,4884325078781,11.901952,5456,1,9.658089E-25,0
perf,passes-off,1706,8486.736994,-689.8416,18,-221.4395,4000,-3275.489,80,0,0,11.0077,8.9862,0,0,15.045632,5457,1,9.140885E-25,0
perf,passes-off,1707,8486.748297,-689.8416,18,-221.4395,4000,-3275.489,80,0,0,10.5451,11.4278,13.412352,4884325327454,0,5458,1,8.671413E-25,0
perf,passes-off,1708,8486.760611,-689.8416,18,-221.4395,4000,-3275.489,80,0,0,11.3115,11.0149,12.859392,4884325458557,13.412352,5459,1,8.194591E-25,0
perf,passes-off,1709,8486.771015,-689.8416,18,-221.4395,4000,-3275.489,80,0,0,12.3053,10.712,11.568128,4884325602579,12.859392,5460,1,7.705603E-25,0
perf,passes-off,1710,8486.780805,-689.8416,18,-221.4395,4000,-3275.489,80,0,0,10.3972,8.7366,0,0,11.568128,5461,1,7.315254E-25,0
perf,passes-off,1711,8486.791782,-689.8416,18,-221.4395,4000,-3275.489,80,0,0,9.800297,8.4919,11.565056,4884325818587,0,5462,1,6.965436E-25,0
perf,passes-off,1712,8486.801302,-689.8416,18,-221.4395,4000,-3275.489,80,0,0,10.99571,9.4549,11.701248,4884325931705,11.565056,5463,1,6.592824E-25,0
perf,passes-off,1713,8486.812262,-689.8416,18,-221.4395,4000,-3275.489,80,0,0,9.489095,9.5477,0,0,11.701248,5464,1,6.287328E-25,0
perf,passes-off,1714,8486.822532,-689.8416,18,-221.4395,4000,-3275.489,80,0,0,10.9606,8.6795,11.341824,4884326158766,0,5465,1,5.952035E-25,0
perf,passes-off,1715,8486.832479,-689.8416,18,-221.4395,4000,-3275.489,80,0,0,10.2961,7.5037,9.459712,4884326256697,11.341824,5466,1,5.653375E-25,0
perf,passes-off,1716,8486.841785,-689.8416,18,-221.4395,4000,-3275.489,80,0,0,9.915497,8.5009,0,0,9.459712,5467,1,5.379929E-25,0
perf,passes-off,1717,8486.852402,-689.8416,18,-221.4395,4000,-3275.489,80,0,0,9.3107,7.7798,12.118016,4884326461621,0,5468,1,5.135215E-25,0
perf,passes-off,1718,8486.861737,-689.8416,18,-221.4395,4000,-3275.489,80,0,0,10.6218,8.5428,8.152064,4884326571217,12.118016,5469,1,4.869605E-25,0
perf,passes-off,1719,8486.870899,-689.8416,18,-221.4395,4000,-3275.489,80,0,0,9.326998,7.7375,0,0,8.152063,5470,1,4.647725E-25,0
perf,passes-off,1720,8486.882866,-689.8416,18,-221.4395,4000,-3275.489,80,0,0,10.3338,8.2189,11.626496,4884326773363,0,5471,1,4.41368E-25,0
perf,passes-off,1721,8486.895544,-689.8416,18,-221.4395,4000,-3275.489,80,0,0,11.4239,7.1313,7.389184,4884326866444,11.626496,5472,1,4.168638E-25,0
perf,passes-off,1722,8486.904261,-689.8416,18,-221.4395,4000,-3275.489,80,0,0,12.0673,8.6355,10.921984,4884326972637,7.389184,5473,1,3.924554E-25,0
perf,passes-off,1723,8486.914753,-689.8416,18,-221.4395,4000,-3275.489,80,0,0,8.745096,7.4602,8.338432,4884327065978,10.921984,5474,1,3.756649E-25,0
perf,passes-off,1724,8486.925627,-689.8416,18,-221.4395,4000,-3275.489,80,0,0,10.4632,7.2048,14.224384,4884327169044,8.338431,5475,1,3.565169E-25,0
perf,passes-off,1725,8486.936510,-689.8416,18,-221.4395,4000,-3275.489,80,0,0,10.8488,7.2323,10.845184,4884327283384,14.224384,5476,1,3.376931E-25,0
perf,passes-off,1726,8486.946152,-689.8416,18,-221.4395,4000,-3275.489,80,0,0,10.8838,9.7778,8.336384,4884327404130,10.845184,5477,1,3.198073E-25,0
perf,passes-off,1727,8486.956960,-689.8416,18,-221.4395,4000,-3275.489,80,0,0,9.647697,6.9335,11.544576,4884327491257,8.336384,5478,1,3.047464E-25,0
perf,passes-off,1728,8486.967927,-689.8416,18,-221.4395,4000,-3275.489,80,0,0,11.0583,8.3444,0,0,11.544576,5479,1,2.883539E-25,0
perf,inwall-all-on,1805,8488.493777,-3746.487,8.77513,-1401.373,4000,0.001708984,80,0,0,23.64861,12.0811,20.98176,4884342369545,16.687104,5556,1,0.9994711,1
perf,inwall-all-on,1806,8488.513527,-3746.487,8.77513,-1401.373,4000,0.001708984,80,0,0,16.9934,12.7738,20.334592,4884342617500,20.98176,5557,1,0.9995142,1
perf,inwall-all-on,1807,8488.532864,-3746.487,8.77513,-1401.373,4000,0.001708984,80,0,0,19.6549,12.1352,19.418112,4884342799065,20.334592,5558,1,0.9995597,1
perf,inwall-all-on,1808,8488.552508,-3746.487,8.77513,-1401.373,4000,0.001708984,80,0,0,19.3609,11.8668,19.146752,4884342980944,19.418112,5559,1,0.9996004,1
perf,inwall-all-on,1809,8488.572383,-3746.487,8.77513,-1401.373,4000,0.001708984,80,0,0,19.6088,11.6971,19.00032,4884343216869,19.146752,5560,1,0.9996377,1
perf,inwall-all-on,1810,8488.590467,-3746.487,8.77513,-1401.373,4000,0.001708984,80,0,0,20.0735,11.9633,20.931584,4884343387081,19.00032,5561,1,0.9996723,1
perf,inwall-all-on,1811,8488.633579,-3746.487,8.77513,-1401.373,4000,0.001708984,80,0,0,17.9348,12.8005,19.842048,4884343583895,20.931584,5562,1,0.9997004,1
perf,inwall-all-on,1812,8488.666190,-3746.487,8.77513,-1401.373,4000,0.001708984,80,0,0,44.4181,11.6193,18.627584,4884343777506,19.842048,5563,1,0.9997601,1
perf,inwall-all-on,1813,8488.686156,-3746.487,8.77513,-1401.373,4000,0.001708984,80,0,0,33.6902,14.3974,25.824256,4884343973614,18.627584,5564,1,0.9997973,1
perf,inwall-all-on,1814,8488.707063,-3746.487,8.77513,-1401.373,4000,0.001708984,80,0,0,17.5736,12.1582,24.96512,4884344173741,25.824256,5565,1,0.9998143,1
perf,inwall-all-on,1815,8488.722041,-3746.487,8.77513,-1401.373,4000,0.001708984,80,0,0,20.944,11.5152,21.067776,4884344353453,24.96512,5566,1,0.9998328,1
perf,inwall-all-on,1816,8488.739901,-3746.487,8.77513,-1401.373,4000,0.001708984,80,0,0,14.9412,24.063,0,0,21.067776,5567,1,0.9998448,1
perf,inwall-all-on,1817,8488.765232,-3746.487,8.77513,-1401.373,4000,0.001708984,80,0,0,19.2793,17.8222,30.563328,4884345134198,0,5568,1,0.9998591,1
perf,inwall-all-on,1818,8488.789482,-3746.487,8.77513,-1401.373,4000,0.001708984,80,0,0,23.8849,15.2737,24.696832,4884345310431,30.563328,5569,1,0.9998749,1
perf,inwall-all-on,1819,8488.811765,-3746.487,8.77513,-1401.373,4000,0.001708984,80,0,0,25.6528,17.9616,26.502144,4884345519687,24.696832,5570,1,0.99989,1
perf,inwall-all-on,1820,8488.832770,-3746.487,8.77513,-1401.373,4000,0.001708984,80,0,0,20.9875,13.0196,21.926912,4884345669154,26.502144,5571,1,0.999901,1
perf,inwall-all-on,1821,8488.851980,-3746.487,8.77513,-1401.373,4000,0.001708984,80,0,0,20.9906,14.0979,23.676928,4884345861798,21.926912,5572,1,0.9999108,1
perf,inwall-all-on,1822,8488.873752,-3746.487,8.77513,-1401.373,4000,0.001708984,80,0,0,19.1196,12.691,19.716096,4884346100942,23.676928,5573,1,0.9999189,1
perf,inwall-all-on,1823,8488.893498,-3746.487,8.77513,-1401.373,4000,0.001708984,80,0,0,21.8236,13.4434,20.455424,4884346356816,19.716096,5574,1,0.9999273,1
perf,inwall-all-on,1824,8488.915029,-3746.487,8.77513,-1401.373,4000,0.001708984,80,0,0,19.736,16.008,21.21216,4884346567054,20.455424,5575,1,0.9999342,1
perf,inwall-all-on,1825,8488.936603,-3746.487,8.77513,-1401.373,4000,0.001708984,80,0,0,21.5465,14.4838,20.221952,4884346776752,21.21216,5576,1,0.9999409,1
perf,inwall-all-on,1826,8488.954691,-3746.487,8.77513,-1401.373,4000,0.001708984,80,0.8,0,21.5594,13.7851,20.740096,4884346968453,20.221952,5577,1,0.999947,1
perf,inwall-all-on,1827,8488.981128,-3746.487,8.77513,-1401.373,4000,0.001708984,80,0.6961798,0,19.332,14.2996,20.202496,4884347186555,20.740096,5578,1,0.9999518,1
perf,inwall-all-on,1828,8488.998487,-3746.487,8.77513,-1401.373,4000,0.001708984,80,0.5807683,0,25.2098,16.9266,20.30592,4884347383825,20.202496,5579,1,0.9999576,1
perf,inwall-all-on,1829,8489.016450,-3746.487,8.77513,-1401.373,4000,0.001708984,80,0.5126588,0,17.3495,16.1504,21.60128,4884347599382,20.30592,5580,1,0.9999611,1
perf,inwall-all-on,1830,8489.035951,-3746.487,8.77513,-1401.373,4000,0.001708984,80,0.4506506,0,17.931,15.1081,19.761152,4884347815022,21.60128,5581,1,0.9999644,1
perf,inwall-all-on,1831,8489.055785,-3746.487,8.77513,-1401.373,4000,0.001708984,80,0.3919497,0,19.5302,12.1871,19.438592,4884348008135,19.761152,5582,1,0.9999678,1
perf,inwall-all-on,1832,8489.077519,-3746.487,8.77513,-1401.373,4000,0.001708984,80,0.3535441,0,19.8189,19.8636,18.76992,4884348260391,19.438592,5583,1,0.9999708,1
perf,inwall-all-on,1833,8489.098748,-3746.487,8.77513,-1401.373,4000,0.001708984,80,0.4810913,0,21.9755,14.5941,20.494336,4884348433965,18.76992,5584,1,0.9999738,1
perf,inwall-all-on,1834,8489.118544,-3746.487,8.77513,-1401.373,4000,0.001708984,80,0.7892214,0,21.00191,11.5672,23.03488,4884348613168,20.494336,5585,1,0.9999765,1
perf,inwall-all-on,1835,8489.141751,-3746.487,8.77513,-1401.373,4000,0.001708984,80,0.5785074,0,21.03979,14.8542,18.768896,4884348808549,23.03488,5586,1,0.9999788,1
perf,inwall-all-on,1836,8489.160420,-3746.487,8.77513,-1401.373,4000,0.001708984,80,0.2353243,0,21.9511,12.6062,20.438016,4884349006631,18.768896,5587,1,0.999981,1
perf,inwall-all-on,1837,8489.182581,-3746.487,8.77513,-1401.373,4000,0.001708984,80,0.1628869,0,18.7215,16.2365,21.817344,4884349226255,20.438016,5588,1,0.9999827,1
perf,inwall-all-on,1838,8489.202229,-3746.487,8.77513,-1401.373,4000,0.001708984,80,0.1364841,0,22.11351,14.5312,20.232192,4884349436486,21.817344,5589,1,0.9999845,1
perf,inwall-all-on,1839,8489.220962,-3746.487,8.77513,-1401.373,4000,0.001708984,80,0.1185204,0,19.6621,13.6001,19.456,4884349646862,20.232192,5590,1,0.9999859,1
perf,inwall-all-on,1840,8489.242379,-3746.487,8.77513,-1401.373,4000,0.001708984,80,0.1065194,0,18.6966,16.108,19.457024,4884349866475,19.456,5591,1,0.9999872,1
perf,inwall-all-on,1841,8489.265883,-3746.487,8.77513,-1401.373,4000,0.001708984,80,0.153842,0,21.4624,14.524,20.443136,4884350053470,19.457024,5592,1,0.9999885,1
perf,inwall-all-on,1842,8489.284052,-3746.487,8.77513,-1401.373,4000,0.001708984,80,0.3447252,0,23.5309,16.3492,20.627456,4884350274755,20.443136,5593,1,0.9999897,1
perf,inwall-all-on,1843,8489.307926,-3746.487,8.77513,-1401.373,4000,0.001708984,80,0.2500305,0,19.4071,15.722,19.678208,4884350471450,20.627456,5594,1,0.9999907,1
perf,inwall-all-on,1844,8489.326898,-3746.487,8.77513,-1401.373,4000,0.001708984,80,0.07564472,0,22.6302,12.9848,18.371584,4884350658464,19.678208,5595,1,0.9999917,1
perf,inwall-all-on,1845,8489.347732,-3746.487,8.77513,-1401.373,4000,0.001708984,80,0.04908733,0,18.9199,18.4278,21.45792,4884350872947,18.371584,5596,1,0.9999925,1
perf,inwall-all-on,1846,8489.369599,-3746.487,8.77513,-1401.373,4000,0.001708984,80,0.0415855,0,20.9743,17.3875,22.172672,4884351108176,21.45792,5597,1,0.9999933,1
perf,inwall-all-on,1847,8489.402585,-3746.487,8.77513,-1401.373,4000,0.001708984,80,0.03555954,0,21.7592,15.6905,21.745664,4884351302077,22.172672,5598,1,0.999994,1
perf,inwall-all-on,1848,8489.426618,-3746.487,8.77513,-1401.373,4000,0.001708984,80,0.02806417,0,32.92171,20.0874,23.991296,4884351528293,21.745664,5599,1,0.9999949,1
perf,inwall-all-on,1849,8489.451194,-3746.487,8.77513,-1401.373,4000,0.001708984,80,0.02358478,0,24.1849,16.4927,27.993088,4884351717767,23.991296,5600,1,0.9999955,1
perf,inwall-all-on,1850,8489.472317,-3746.487,8.77513,-1401.373,4000,0.001708984,80,0.01960438,0,25.7095,15.6134,25.079808,4884351927327,27.993088,5601,1,0.999996,1
perf,inwall-all-on,1851,8489.493092,-3746.487,8.77513,-1401.373,4000,0.001708984,80,0.01698947,0,19.912,15.8207,26.477568,4884352145130,25.079808,5602,1,0.9999964,1
perf,inwall-all-on,1852,8489.515229,-3746.487,8.77513,-1401.373,4000,0.001708984,80,0.01463578,0,20.7406,13.4762,22.582272,4884352474524,26.477568,5603,1,0.9999967,1
perf,inwall-all-on,1853,8489.534922,-3746.487,8.77513,-1401.373,4000,0.001708984,80,0.01247983,0,22.162,17.8164,21.856256,4884352715840,22.582272,5604,1,0.9999971,1
perf,inwall-all-on,1854,8489.554516,-3746.487,8.77513,-1401.373,4000,0.001708984,80,0.01083631,0,19.6404,18.6381,21.08928,4884352972442,21.856256,5605,1,0.9999974,1
perf,inwall-all-on,1855,8489.574775,-3746.487,8.77513,-1401.373,4000,0.001708984,80,0.009414516,0,19.5617,12.7721,19.262464,4884353172361,21.08928,5606,1,0.9999976,1
perf,inwall-all-on,1856,8489.596308,-3746.487,8.77513,-1401.373,4000,0.001708984,80,0.0081352,0,20.3136,13.63,21.635072,4884353379788,19.262464,5607,1,0.9999979,1
perf,inwall-all-on,1857,8489.615660,-3746.487,8.77513,-1401.373,4000,0.001708984,80,0.006962279,0,21.6541,15.4238,20.691968,4884353601381,21.635072,5608,1,0.9999981,1
perf,inwall-all-on,1858,8489.634844,-3746.487,8.77513,-1401.373,4000,0.001708984,80,0.006005722,0,20.5549,13.459,21.336064,4884353798046,20.691968,5609,1,0.9999983,1
perf,inwall-all-on,1859,8489.654445,-3746.487,8.77513,-1401.373,4000,0.001708984,80,0,0,17.8386,12.7166,19.099648,4884353993674,21.336064,5610,1,0.9999984,1
perf,inwall-all-on,1860,8489.676353,-3746.487,8.77513,-1401.373,4000,0.001708984,80,0,0,19.5662,11.7314,18.741248,4884354196688,19.099648,5611,1,0.9999986,1
perf,inwall-all-on,1861,8489.696102,-3746.487,8.77513,-1401.373,4000,0.001708984,80,0,0,22.0774,13.694,20.272128,4884354412958,18.741248,5612,1,0.9999987,1
perf,inwall-all-on,1862,8489.715529,-3746.487,8.77513,-1401.373,4000,0.001708984,80,0,0,19.6827,11.3102,22.888448,4884354618376,20.272128,5613,1,0.9999989,1
perf,inwall-all-on,1863,8489.735354,-3746.487,8.77513,-1401.373,4000,0.001708984,80,0,0,19.3579,13.7929,18.187264,4884354797268,22.888448,5614,1,0.999999,1
perf,inwall-all-on,1864,8489.754433,-3746.487,8.77513,-1401.373,4000,0.001708984,80,0,0,19.8289,10.7044,19.469312,4884354992958,18.187264,5615,1,0.9999991,1
perf,inwall-all-on,1865,8489.777282,-3746.487,8.77513,-1401.373,4000,0.001708984,80,0,0,19.0409,11.9562,19.621888,4884355213078,19.469312,5616,1,0.9999992,1
perf,inwall-all-on,1866,8489.796848,-3746.487,8.77513,-1401.373,4000,0.001708984,80,0,0,24.3744,12.2403,20.409344,4884355410227,19.621888,5617,1,0.9999993,1
perf,inwall-all-on,1867,8489.816206,-3746.487,8.77513,-1401.373,4000,0.001708984,80,0,0,18.1242,11.8064,21.158912,4884355604006,20.409344,5618,1,0.9999993,1
perf,inwall-all-on,1868,8489.835034,-3746.487,8.77513,-1401.373,4000,0.001708984,80,0,0,19.3288,12.6128,18.732032,4884355802391,21.158912,5619,1,0.9999994,1
perf,inwall-all-on,1869,8489.854141,-3746.487,8.77513,-1401.373,4000,0.001708984,80,0,0,18.8341,10.3981,17.926144,4884355992835,18.732032,5620,1,0.9999995,1
perf,inwall-all-on,1870,8489.875651,-3746.487,8.77513,-1401.373,4000,0.001708984,80,0,0,19.0527,13.9242,20.022272,4884356235689,17.926144,5621,1,0.9999995,1
perf,inwall-all-on,1871,8489.897206,-3746.487,8.77513,-1401.373,4000,0.001708984,80,0,0,21.625,15.3802,20.435968,4884356417585,20.022272,5622,1,0.9999996,1
perf,inwall-all-on,1872,8489.915788,-3746.487,8.77513,-1401.373,4000,0.001708984,80,0,0,21.6198,13.9125,21.225472,4884356610795,20.435968,5623,1,0.9999996,1
perf,inwall-all-on,1873,8489.933689,-3746.487,8.77513,-1401.373,4000,0.001708984,80,0,0,18.53061,14.0871,19.447808,4884356799327,21.225472,5624,1,0.9999997,1
perf,inwall-all-on,1874,8489.956596,-3746.487,8.77513,-1401.373,4000,0.001708984,80,0,0,18.888,12.6126,19.396608,4884356989910,19.447808,5625,1,0.9999997,1
perf,inwall-all-on,1875,8489.978140,-3746.487,8.77513,-1401.373,4000,0.001708984,80,0,0.8,21.7981,11.913,19.115008,4884357205522,19.396608,5626,1,0.9999998,1
perf,inwall-all-on,1876,8489.997098,-3746.487,8.77513,-1401.373,4000,0.001708984,80,0,0.662663,21.6969,13.8517,20.856832,4884357422061,19.115008,5627,1,0.9999998,1
perf,inwall-all-on,1877,8490.014648,-3746.487,8.77513,-1401.373,4000,0.001708984,80,0,0.5625376,18.8707,14.0861,21.431296,4884357606476,20.856832,5628,1,0.9999998,1
perf,inwall-all-on,1878,8490.033956,-3746.487,8.77513,-1401.373,4000,0.001708984,80,0,0.4833475,17.4793,13.0226,20.38272,4884357796508,21.431296,5629,1,0.9999998,1
perf,inwall-all-on,1879,8490.054788,-3746.487,8.77513,-1401.373,4000,0.001708984,80,0,0.4086695,19.35869,10.7435,18.873344,4884358014531,20.38272,5630,1,0.9999998,1
perf,inwall-all-on,1880,8490.074476,-3746.487,8.77513,-1401.373,4000,0.001708984,80,0,0.353524,21.3662,13.9492,18.310144,4884358231196,18.873344,5631,1,0.9999998,1
perf,inwall-all-on,1881,8490.091982,-3746.487,8.77513,-1401.373,4000,0.001708984,80,0,0.4986552,19.1572,12.3589,18.412544,4884358420045,18.310144,5632,1,0.9999998,1
perf,inwall-all-on,1882,8490.113281,-3746.487,8.77513,-1401.373,4000,0.001708984,80,0,0.8,18.6808,10.9216,20.544512,4884358595040,18.412544,5633,1,0.9999998,1
perf,inwall-all-on,1883,8490.133672,-3746.487,8.77513,-1401.373,4000,0.001708984,80,0,0.4504817,20.3123,12.0762,20.104192,4884358788501,20.544512,5634,1,0.9999998,1
perf,inwall-all-on,1884,8490.152350,-3746.487,8.77513,-1401.373,4000,0.001708984,80,0,0.1877574,20.1839,12.007,20.20352,4884358998824,20.104192,5635,1,0.9999998,1
perf,inwall-all-on,1885,8490.174551,-3746.487,8.77513,-1401.373,4000,0.001708984,80,0,0.1464982,18.6393,15.4723,19.24096,4884359193707,20.20352,5636,1,0.9999998,1
perf,inwall-all-on,1886,8490.197046,-3746.487,8.77513,-1401.373,4000,0.001708984,80,0,0.1206031,22.2579,11.254,19.49184,4884359380320,19.24096,5637,1,0.9999998,1
perf,inwall-all-on,1887,8490.215999,-3746.487,8.77513,-1401.373,4000,0.001708984,80,0,0.1075179,22.4778,15.5724,21.773312,4884359582888,19.49184,5638,1,0.9999998,1
perf,inwall-all-on,1888,8490.235515,-3746.487,8.77513,-1401.373,4000,0.001708984,80,0,0.2115334,18.9665,13.6044,22.065152,4884359785589,21.773312,5639,1,0.9999998,1
perf,inwall-all-on,1889,8490.254696,-3746.487,8.77513,-1401.373,4000,0.001708984,80,0,0.3463934,19.5206,12.9453,19.038208,4884359972045,22.065152,5640,1,0.9999998,1
perf,inwall-all-on,1890,8490.278150,-3746.487,8.77513,-1401.373,4000,0.001708984,80,0,0.1274405,20.3709,12.1707,18.771968,4884360194461,19.038208,5641,1,0.9999998,1
perf,inwall-all-on,1891,8490.297836,-3746.487,8.77513,-1401.373,4000,0.001708984,80,0,0.05002335,22.4877,16.0228,20.38272,4884360419230,18.771968,5642,1,0.9999998,1
perf,inwall-all-on,1892,8490.315662,-3746.487,8.77513,-1401.373,4000,0.001708984,80,0,0.04133165,19.5258,11.9159,23.552,4884360608930,20.38272,5643,1,0.9999998,1
perf,inwall-all-on,1893,8490.336940,-3746.487,8.77513,-1401.373,4000,0.001708984,80,0,0.0354366,17.722,13.3817,18.721792,4884360804147,23.552,5644,1,0.9999998,1
perf,inwall-all-on,1894,8490.356019,-3746.487,8.77513,-1401.373,4000,0.001708984,80,0,0.02943394,21.3807,12.654,19.214336,4884361007595,18.721792,5645,1,0.9999998,1
perf,inwall-all-on,1895,8490.387403,-3746.487,8.77513,-1401.373,4000,0.001708984,80,0,0.02496014,18.9912,13.0306,20.518912,4884361232394,19.214336,5646,1,0.9999998,1
perf,inwall-all-on,1896,8490.414276,-3746.487,8.77513,-1401.373,4000,0.001708984,80,0,0.01900049,31.4291,13.6596,19.48672,4884361427765,20.518912,5647,1,0.9999998,1
perf,inwall-all-on,1897,8490.434945,-3746.487,8.77513,-1401.373,4000,0.001708984,80,0,0.01490824,27.9448,11.2613,29.104128,4884361605233,19.48672,5648,1,0.9999998,1
perf,inwall-all-on,1898,8490.452857,-3746.487,8.77513,-1401.373,4000,0.001708984,80,0,0.01258005,19.5614,16.4949,27.815936,4884361818850,29.104128,5649,1,0.9999998,1
perf,inwall-all-on,1899,8490.476169,-3746.487,8.77513,-1401.373,4000,0.001708984,80,0,0.01076946,17.9024,12.4155,18.35008,4884362008889,27.815936,5650,1,0.9999998,1
perf,inwall-all-on,1900,8490.494972,-3746.487,8.77513,-1401.373,4000,0.001708984,80,0,0.00875125,23.9054,15.7729,20.594688,4884362323123,18.35008,5651,1,0.9999998,1
perf,inwall-all-on,1901,8490.515451,-3746.487,8.77513,-1401.373,4000,0.001708984,80,0,0.007450656,18.5358,15.3279,20.550656,4884362602519,20.594688,5652,1,0.9999998,1
perf,inwall-all-on,1902,8490.534590,-3746.487,8.77513,-1401.373,4000,0.001708984,80,0,0.006256572,20.1249,15.4112,22.071296,4884362798329,20.550656,5653,1,0.9999998,1
perf,inwall-all-on,1903,8490.553539,-3746.487,8.77513,-1401.373,4000,0.001708984,80,0,0,19.1804,13.0075,19.564544,4884362977166,22.071296,5654,1,0.9999998,1
perf,inwall-all-on,1904,8490.574532,-3746.487,8.77513,-1401.373,4000,0.001708984,80,0,0,18.9095,12.3256,19.419136,4884363215872,19.564544,5655,1,0.9999998,1
perf,inwall-all-on,1905,8490.595733,-3746.487,8.77513,-1401.373,4000,0.001708984,80,0,0,22.1167,13.501,19.516416,4884363400445,19.419136,5656,1,0.9999998,1
perf,inwall-all-on,1906,8490.616542,-3746.487,8.77513,-1401.373,4000,0.001708984,80,0,0,20.22669,12.9511,20.646912,4884363603070,19.516416,5657,1,0.9999998,1
perf,inwall-all-on,1907,8490.637140,-3746.487,8.77513,-1401.373,4000,0.001708984,80,0,0,20.6835,13.2101,21.547008,4884363794808,20.646912,5658,1,0.9999998,1
perf,inwall-all-on,1908,8490.657180,-3746.487,8.77513,-1401.373,4000,0.001708984,80,0,0,20.7187,12.1444,18.139136,4884363983931,21.547008,5659,1,0.9999998,1
perf,inwall-all-on,1909,8490.685714,-3746.487,8.77513,-1401.373,4000,0.001708984,80,0,0,19.9187,12.3947,20.856832,4884364205035,18.139136,5660,1,0.9999998,1
perf,inwall-all-on,1910,8490.710900,-3746.487,8.77513,-1401.373,4000,0.001708984,80,0,0,28.5579,13.2702,20.414464,4884364407075,20.856832,5661,1,0.9999998,1
perf,inwall-all-on,1911,8490.736669,-3746.487,8.77513,-1401.373,4000,0.001708984,80,0,0,25.3304,12.1134,27.056128,4884364614058,20.414464,5662,1,0.9999998,1
perf,inwall-all-on,1912,8490.756062,-3746.487,8.77513,-1401.373,4000,0.001708984,80,0,0,27.9376,15.1881,25.310208,4884364821191,27.056128,5663,1,0.9999998,1
perf,inwall-all-on,1913,8490.774056,-3746.487,8.77513,-1401.373,4000,0.001708984,80,0,0,17.0796,13.1054,22.838272,4884365020506,25.310208,5664,1,0.9999998,1
perf,inwall-all-on,1914,8490.794412,-3746.487,8.77513,-1401.373,4000,0.001708984,80,0,0,18.0272,16.776,20.576256,4884365306079,22.838272,5665,1,0.9999998,1
perf,inwall-all-on,1915,8490.814847,-3746.487,8.77513,-1401.373,4000,0.001708984,80,0,0,20.3407,14.8978,21.001216,4884365558956,20.576256,5666,1,0.9999998,1
perf,inwall-all-on,1916,8490.834185,-3746.487,8.77513,-1401.373,4000,0.001708984,80,0,0,20.4039,16.2301,22.560768,4884365838083,21.001216,5667,1,0.9999998,1
perf,inwall-all-on,1917,8490.854490,-3746.487,8.77513,-1401.373,4000,0.001708984,80,0,0,19.3444,14.9429,19.168256,4884366009439,22.560768,5668,1,0.9999998,1
perf,inwall-all-on,1918,8490.875823,-3746.487,8.77513,-1401.373,4000,0.001708984,80,0,0,20.254,14.3083,18.226176,4884366189735,19.168256,5669,1,0.9999998,1
perf,inwall-all-on,1919,8490.895172,-3746.487,8.77513,-1401.373,4000,0.001708984,80,0,0,21.3648,11.8835,20.974592,4884366392999,18.226176,5670,1,0.9999998,1
perf,inwall-all-on,1920,8490.914517,-3746.487,8.77513,-1401.373,4000,0.001708984,80,0,0,20.8224,14.1487,21.088256,4884366597339,20.974592,5671,1,0.9999998,1
perf,inwall-all-on,1921,8490.934836,-3746.487,8.77513,-1401.373,4000,0.001708984,80,0,0,17.8499,11.7718,17.005568,4884366790796,21.088256,5672,1,0.9999998,1
perf,inwall-all-on,1922,8490.954839,-3746.487,8.77513,-1401.373,4000,0.001708984,80,0,0,20.3965,11.8509,20.575232,4884366993388,17.005568,5673,1,0.9999998,1
perf,inwall-all-on,1923,8490.975828,-3746.487,8.77513,-1401.373,4000,0.001708984,80,0,0,19.929,12.3466,21.305344,4884367207029,20.575232,5674,1,0.9999998,1
perf,inwall-all-on,1924,8490.996454,-3746.487,8.77513,-1401.373,4000,0.001708984,80,0,0,21.0117,13.7705,18.056192,4884367414947,21.305344,5675,1,0.9999998,1
perf,inwall-all-on,1925,8491.016762,-3746.487,8.77513,-1401.373,4000,0.001708984,80,0,0,20.6707,12.1498,21.619712,4884367593720,18.056192,5676,1,0.9999998,1
perf,inwall-all-on,1926,8491.037029,-3746.487,8.77513,-1401.373,4000,0.001708984,80,0,0,20.2305,11.996,20.540416,4884367797287,21.619712,5677,1,0.9999998,1
perf,inwall-all-on,1927,8491.057008,-3746.487,8.77513,-1401.373,4000,0.001708984,80,0,0,20.3084,10.9379,20.133888,4884367996980,20.540416,5678,1,0.9999998,1
perf,inwall-all-on,1928,8491.079448,-3746.487,8.77513,-1401.373,4000,0.001708984,80,0,0,21.03099,11.4494,20.194304,4884368207099,20.133888,5679,1,0.9999998,1
perf,inwall-all-on,1929,8491.096818,-3746.487,8.77513,-1401.373,4000,0.001708984,80,0,0,21.4994,12.8697,20.55168,4884368413589,20.194304,5680,1,0.9999998,1
perf,inwall-all-on,1930,8491.117620,-3746.487,8.77513,-1401.373,4000,0.001708984,80,0,0,17.5027,11.4879,19.007488,4884368616138,20.55168,5681,1,0.9999998,1
perf,inwall-all-on,1931,8491.137155,-3746.487,8.77513,-1401.373,4000,0.001708984,80,0,0,20.5208,12.5261,20.063232,4884368819169,19.007488,5682,1,0.9999998,1
perf,inwall-all-on,1932,8491.156031,-3746.487,8.77513,-1401.373,4000,0.001708984,80,0,0,19.5807,11.163,19.34848,4884369029454,20.063232,5683,1,0.9999998,1
perf,inwall-all-on,1933,8491.178019,-3746.487,8.77513,-1401.373,4000,0.001708984,80,0,0,18.8566,12.272,20.384768,4884369243934,19.34848,5684,1,0.9999998,1
perf,inwall-all-on,1934,8491.197017,-3746.487,8.77513,-1401.373,4000,0.001708984,80,0.8,0,22.0807,12.4319,19.141632,4884369417622,20.384768,5685,1,0.9999998,1
perf,inwall-all-on,1935,8491.216891,-3746.487,8.77513,-1401.373,4000,0.001708984,80,0.7023621,0,19.0322,12.3728,20.238336,4884369624725,19.141632,5686,1,0.9999998,1
perf,inwall-all-on,1936,8491.235926,-3746.487,8.77513,-1401.373,4000,0.001708984,80,0.609111,0,20.8352,13.379,19.463168,4884369820365,20.238336,5687,1,0.9999998,1
perf,inwall-all-on,1937,8491.255219,-3746.487,8.77513,-1401.373,4000,0.001708984,80,0.5387329,0,17.9551,12.5948,20.629504,4884370008974,19.463168,5688,1,0.9999998,1
perf,inwall-all-on,1938,8491.283039,-3746.487,8.77513,-1401.373,4000,0.001708984,80,0.4719718,0,19.346,12.9445,19.10272,4884370229478,20.629504,5689,1,0.9999998,1
perf,inwall-all-on,1939,8491.303940,-3746.487,8.77513,-1401.373,4000,0.001708984,80,0.3905525,0,27.8381,14.953,19.283968,4884370419827,19.10272,5690,1,0.9999998,1
perf,inwall-all-on,1940,8491.323155,-3746.487,8.77513,-1401.373,4000,0.001708984,80,0.3534409,0,20.8323,12.7149,23.7824,4884370628479,19.283968,5691,1,0.9999998,1
perf,inwall-all-on,1941,8491.344611,-3746.487,8.77513,-1401.373,4000,0.001708984,80,0.4412382,0,19.2675,12.323,23.810048,4884370808129,23.7824,5692,1,0.9999998,1
perf,inwall-all-on,1942,8491.364533,-3746.487,8.77513,-1401.373,4000,0.001708984,80,0.7550579,0,21.5183,11.5696,20.9152,4884371001338,23.810048,5693,1,0.9999998,1
perf,inwall-all-on,1943,8491.383857,-3746.487,8.77513,-1401.373,4000,0.001708984,80,0.6933148,0,19.814,17.9221,21.751808,4884371279609,20.9152,5694,1,0.9999998,1
perf,inwall-all-on,1944,8491.404783,-3746.487,8.77513,-1401.373,4000,0.001708984,80,0.3275192,0,20.36329,13.6609,18.282496,4884371488295,21.751808,5695,1,0.9999998,1
perf,inwall-all-on,1945,8491.430138,-3746.487,8.77513,-1401.373,4000,0.001708984,80,0.1818021,0,19.8784,11.7699,20.093952,4884371680523,18.282496,5696,1,0.9999998,1
perf,inwall-all-on,1946,8491.456639,-3746.487,8.77513,-1401.373,4000,0.001708984,80,0.1428798,0,25.3425,12.7225,20.29568,4884371895656,20.093952,5697,1,0.9999998,1
perf,inwall-all-on,1947,8491.483798,-3746.487,8.77513,-1401.373,4000,0.001708984,80,0.1191159,0,26.5469,13.6525,25.043968,4884372094237,20.29568,5698,1,0.9999998,1
perf,inwall-all-on,1948,8491.504630,-3746.487,8.77513,-1401.373,4000,0.001708984,80,0.1077931,0,27.1327,12.5284,25.609216,4884372297918,25.043968,5699,1,0.9999998,1
perf,inwall-all-on,1949,8491.523972,-3746.487,8.77513,-1401.373,4000,0.001708984,80,0.1880682,0,20.8184,11.5705,25.5232,4884372496706,25.609216,5700,1,0.9999998,1
perf,inwall-all-on,1950,8491.544168,-3746.487,8.77513,-1401.373,4000,0.001708984,80,0.3429671,0,19.3142,16.2362,19.679232,4884372750010,25.5232,5701,1,0.9999998,1
perf,inwall-all-on,1951,8491.564375,-3746.487,8.77513,-1401.373,4000,0.001708984,80,0.2411649,0,21.7162,11.1962,24.593408,4884373015429,19.679232,5702,1,0.9999998,1
perf,inwall-all-on,1952,8491.582166,-3746.487,8.77513,-1401.373,4000,0.001708984,80,0.09141195,0,18.7234,15.7066,20.066304,4884373286891,24.593408,5703,1,0.9999998,1
perf,inwall-all-on,1953,8491.602557,-3746.487,8.77513,-1401.373,4000,0.001708984,80,0.0529529,0,17.7502,11.7689,18.122752,4884373495122,20.066304,5704,1,0.9999998,1
perf,inwall-all-on,1954,8491.621209,-3746.487,8.77513,-1401.373,4000,0.001708984,80,0.04394393,0,20.4305,11.2565,19.095552,4884373688272,18.122752,5705,1,0.9999998,1
perf,inwall-all-on,1955,8491.642629,-3746.487,8.77513,-1401.373,4000,0.001708984,80,0.03866586,0,18.6083,12.9598,19.903488,4884373905050,19.095552,5706,1,0.9999998,1
perf,inwall-all-on,1956,8491.663251,-3746.487,8.77513,-1401.373,4000,0.001708984,80,0.03338898,0,21.45779,13.3447,18.608128,4884374092627,19.903488,5707,1,0.9999998,1
perf,inwall-all-on,1957,8491.681462,-3746.487,8.77513,-1401.373,4000,0.001708984,80,0.02895675,0,20.8266,11.3491,21.21216,4884374270188,18.608128,5708,1,0.9999998,1
perf,inwall-all-on,1958,8491.700892,-3746.487,8.77513,-1401.373,4000,0.001708984,80,0.02560835,0,17.9711,12.5037,20.482048,4884374474468,21.21216,5709,1,0.9999998,1
perf,inwall-all-on,1959,8491.722387,-3746.487,8.77513,-1401.373,4000,0.001708984,80,0.02224723,0,20.5765,10.6316,19.03616,4884374660586,20.482048,5710,1,0.9999998,1
perf,inwall-all-on,1960,8491.741093,-3746.487,8.77513,-1401.373,4000,0.001708984,80,0.01935299,0,20.3821,11.947,18.179072,4884374875148,19.03616,5711,1,0.9999998,1
perf,inwall-all-on,1961,8491.769594,-3746.487,8.77513,-1401.373,4000,0.001708984,80,0.01702695,0,18.7274,13.5251,20.251648,4884375082390,18.179072,5712,1,0.9999998,1
perf,inwall-all-on,1962,8491.792368,-3746.487,8.77513,-1401.373,4000,0.001708984,80,0.01401754,0,28.4443,12.14,21.39136,4884375263128,20.251648,5713,1,0.9999998,1
perf,inwall-all-on,1963,8491.818278,-3746.487,8.77513,-1401.373,4000,0.001708984,80,0.01197018,0,23.0901,13.003,24.435712,4884375468749,21.39136,5714,1,0.9999998,1
perf,inwall-all-on,1964,8491.844662,-3746.487,8.77513,-1401.373,4000,0.001708984,80,0.01004346,0,25.6627,13.8022,21.502976,4884375672516,24.435712,5715,1,0.9999998,1
perf,inwall-all-on,1965,8491.874904,-3746.487,8.77513,-1401.373,4000,0.001708984,80,0.008335909,0,27.2554,12.4809,27.291648,4884375859858,21.502976,5716,1,0.9999998,1
perf,inwall-all-on,1966,8491.893863,-3746.487,8.77513,-1401.373,4000,0.001708984,80,0.006770663,0,30.4124,13.1116,25.995264,4884376144446,27.291648,5717,1,0.9999998,1
perf,inwall-all-on,1967,8491.915276,-3746.487,8.77513,-1401.373,4000,0.001708984,80,0.005989146,0,17.9374,12.4366,27.4432,4884376372895,25.995264,5718,1,0.9999998,1
perf,inwall-all-on,1968,8491.935309,-3746.487,8.77513,-1401.373,4000,0.001708984,80,0,0,21.3393,16.2798,25.89696,4884376631880,27.4432,5719,1,0.9999998,1
perf,inwall-all-on,1969,8491.954273,-3746.487,8.77513,-1401.373,4000,0.001708984,80,0,0,20.07309,13.6031,19.31776,4884376896338,25.89696,5720,1,0.9999998,1
perf,inwall-all-on,1970,8491.973940,-3746.487,8.77513,-1401.373,4000,0.001708984,80,0,0,18.9186,13.7838,19.485696,4884377208607,19.31776,5721,1,0.9999998,1
perf,inwall-all-on,1971,8491.993168,-3746.487,8.77513,-1401.373,4000,0.001708984,80,0,0,19.745,13.1219,19.933184,4884377387749,19.485696,5722,1,0.9999998,1
perf,inwall-all-on,1972,8492.014406,-3746.487,8.77513,-1401.373,4000,0.001708984,80,0,0,19.2032,15.7463,21.080064,4884377601354,19.933184,5723,1,0.9999998,1
perf,inwall-all-on,1973,8492.033077,-3746.487,8.77513,-1401.373,4000,0.001708984,80,0,0,21.2155,13.7083,19.827712,4884377802075,21.080064,5724,1,0.9999998,1
perf,inwall-all-on,1974,8492.053859,-3746.487,8.77513,-1401.373,4000,0.001708984,80,0,0,19.7665,11.5485,19.048448,4884377991305,19.827712,5725,1,0.9999998,1
perf,inwall-all-on,1975,8492.073927,-3746.487,8.77513,-1401.373,4000,0.001708984,80,0,0,19.6502,11.5111,18.015232,4884378188625,19.048448,5726,1,0.9999998,1
perf,inwall-all-on,1976,8492.092224,-3746.487,8.77513,-1401.373,4000,0.001708984,80,0,0,20.1053,12.3326,21.357568,4884378380579,18.015232,5727,1,0.9999998,1
perf,inwall-all-on,1977,8492.114738,-3746.487,8.77513,-1401.373,4000,0.001708984,80,0,0,18.263,13.9606,20.734976,4884378592939,21.357568,5728,1,0.9999998,1
perf,inwall-all-on,1978,8492.134677,-3746.487,8.77513,-1401.373,4000,0.001708984,80,0,0,22.5965,11.7468,19.770368,4884378790518,20.734976,5729,1,0.9999998,1
perf,inwall-all-on,1979,8492.157534,-3746.487,8.77513,-1401.373,4000,0.001708984,80,0,0,19.888,11.8471,19.698688,4884378987111,19.770368,5730,1,0.9999998,1
perf,inwall-all-on,1980,8492.186409,-3746.487,8.77513,-1401.373,4000,0.001708984,80,0,0,22.8316,12.3806,18.080768,4884379188136,19.698688,5731,1,0.9999998,1
perf,inwall-all-on,1981,8492.206673,-3746.487,8.77513,-1401.373,4000,0.001708984,80,0,0,29.991,11.1558,25.038848,4884379370786,18.080768,5732,1,0.9999998,1
perf,inwall-all-on,1982,8492.226968,-3746.487,8.77513,-1401.373,4000,0.001708984,80,0,0,19.1928,16.343699,26.42944,4884379596531,25.038848,5733,1,0.9999998,1
perf,inwall-all-on,1983,8492.247436,-3746.487,8.77513,-1401.373,4000,0.001708984,80,0,0,20.2812,16.692799,22.585344,4884379795614,26.42944,5734,1,0.9999998,1
perf,inwall-all-on,1984,8492.268410,-3746.487,8.77513,-1401.373,4000,0.001708984,80,0,0,20.4894,11.4541,21.791744,4884380023917,22.585344,5735,1,0.9999998,1
perf,inwall-all-on,1985,8492.286090,-3746.487,8.77513,-1401.373,4000,0.001708984,80,0,0,20.9426,15.0516,19.588096,4884380323786,21.791744,5736,1,0.9999998,1
perf,inwall-all-on,1986,8492.307646,-3746.487,8.77513,-1401.373,4000,0.001708984,80,0,0,17.65079,14.994,19.11296,4884380515711,19.588096,5737,1,0.9999998,1
perf,inwall-all-on,1987,8492.337505,-3746.487,8.77513,-1401.373,4000,0.001708984,80,0,0,21.6258,12.7793,19.559424,4884380718409,19.11296,5738,1,0.9999998,1
perf,inwall-all-on,1988,8492.359646,-3746.487,8.77513,-1401.373,4000,0.001708984,80,0,0,31.2177,12.8645,21.43232,4884380923350,19.559424,5739,1,0.9999998,1
perf,inwall-all-on,1989,8492.380702,-3746.487,8.77513,-1401.373,4000,0.001708984,80,0,0,20.8361,12.6926,24.9088,4884381132917,21.43232,5740,1,0.9999998,1
perf,inwall-all-on,1990,8492.399266,-3746.487,8.77513,-1401.373,4000,0.001708984,80,0,0,21.001,11.9329,23.632896,4884381309431,24.9088,5741,1,0.9999998,1
perf,inwall-all-on,1991,8492.417924,-3746.487,8.77513,-1401.373,4000,0.001708984,80,0,0,18.534,12.2885,21.188608,4884381525583,23.632896,5742,1,0.9999998,1
perf,inwall-all-on,1992,8492.437814,-3746.487,8.77513,-1401.373,4000,0.001708984,80,0,0,18.6164,14.5383,20.538368,4884381837557,21.188608,5743,1,0.9999998,1
perf,inwall-all-on,1993,8492.456034,-3746.487,8.77513,-1401.373,4000,0.001708984,80,0,0,19.9378,13.3397,19.607552,4884382045824,20.538368,5744,1,0.9999998,1
perf,inwall-all-on,1994,8492.477910,-3746.487,8.77513,-1401.373,4000,0.001708984,80,0,0,18.1824,16.3503,19.187712,4884382256055,19.607552,5745,1,0.9999998,1
perf,inwall-passes-off,2096,8494.001993,-3746.487,8.77513,-1401.373,4000,0.001708984,80,0,0,17.6524,11.731,17.144832,4884397617006,15.2064,5847,1,0.9999998,0
perf,inwall-passes-off,2097,8494.019404,-3746.487,8.77513,-1401.373,4000,0.001708984,80,0,0,17.7706,12.5749,16.892928,4884397787595,17.144832,5848,1,0.9999998,0
perf,inwall-passes-off,2098,8494.038415,-3746.487,8.77513,-1401.373,4000,0.001708984,80,0,0,17.3878,11.72,16.866304,4884397941875,16.892928,5849,1,0.9999998,0
perf,inwall-passes-off,2099,8494.053881,-3746.487,8.77513,-1401.373,4000,0.001708984,80,0,0,19.1285,13.3814,19.28192,4884398113269,16.866304,5850,1,0.9999998,0
perf,inwall-passes-off,2100,8494.073050,-3746.487,8.77513,-1401.373,4000,0.001708984,80,0,0,15.3314,15.2223,0,0,19.28192,5851,1,0.9999998,0
perf,inwall-passes-off,2101,8494.090561,-3746.487,8.77513,-1401.373,4000,0.001708984,80,0,0,19.3165,15.4123,17.32096,4884398468928,0,5852,1,0.9999998,0
perf,inwall-passes-off,2102,8494.110740,-3746.487,8.77513,-1401.373,4000,0.001708984,80,0,0,18.5203,14.9052,16.520192,4884398642756,17.32096,5853,1,0.9999998,0
perf,inwall-passes-off,2103,8494.133014,-3746.487,8.77513,-1401.373,4000,0.001708984,80,0,0,20.3777,16.1904,17.972224,4884398833824,16.520192,5854,1,0.9999998,0
perf,inwall-passes-off,2104,8494.152723,-3746.487,8.77513,-1401.373,4000,0.001708984,80,0,0,21.0316,12.8956,18.642944,4884398987410,17.972224,5855,1,0.9999998,0
perf,inwall-passes-off,2105,8494.172395,-3746.487,8.77513,-1401.373,4000,0.001708984,80,0,0,19.6583,15.7774,19.492864,4884399180241,18.642944,5856,1,0.9999998,0
perf,inwall-passes-off,2106,8494.190218,-3746.487,8.77513,-1401.373,4000,0.001708984,80,0,0,19.80111,14.5595,20.77184,4884399365701,19.492864,5857,1,0.9999998,0
perf,inwall-passes-off,2107,8494.210089,-3746.487,8.77513,-1401.373,4000,0.001708984,80,0,0,17.65249,15.7448,18.88256,4884399569049,20.77184,5858,1,0.9999998,0
perf,inwall-passes-off,2108,8494.230178,-3746.487,8.77513,-1401.373,4000,0.001708984,80,0,0,20.0057,17.3669,21.136384,4884399779656,18.88256,5859,1,0.9999998,0
perf,inwall-passes-off,2109,8494.246104,-3746.487,8.77513,-1401.373,4000,0.001708984,80,0,0,20.0775,16.2343,19.209216,4884399976263,21.136384,5860,1,0.9999998,0
perf,inwall-passes-off,2110,8494.267367,-3746.487,8.77513,-1401.373,4000,0.001708984,80,0,0,17.21939,16.567499,16.777216,4884400174194,19.209216,5861,1,0.9999998,0
perf,inwall-passes-off,2111,8494.284635,-3746.487,8.77513,-1401.373,4000,0.001708984,80,0,0,19.9266,15.0221,21.454848,4884400350932,16.777216,5862,1,0.9999998,0
perf,inwall-passes-off,2112,8494.306164,-3746.487,8.77513,-1401.373,4000,0.001708984,80,0,0,17.1693,16.5231,16.91136,4884400550884,21.454848,5863,1,0.9999998,0
perf,inwall-passes-off,2113,8494.329886,-3746.487,8.77513,-1401.373,4000,0.001708984,80,0,0,21.8138,14.8845,20.995072,4884400751691,16.91136,5864,1,0.9999998,0
perf,inwall-passes-off,2114,8494.355987,-3746.487,8.77513,-1401.373,4000,0.001708984,80,0,0,23.5308,11.7918,16.513024,4884400923819,20.995072,5865,1,0.9999998,0
perf,inwall-passes-off,2115,8494.371354,-3746.487,8.77513,-1401.373,4000,0.001708984,80,0,0,26.0611,15.2856,21.487616,4884401123238,16.513024,5866,1,0.9999998,0
perf,inwall-passes-off,2116,8494.384961,-3746.487,8.77513,-1401.373,4000,0.001708984,80,0,0,15.3369,14.2599,21.727232,4884401294998,21.487616,5867,1,0.9999998,0
perf,inwall-passes-off,2117,8494.399984,-3746.487,8.77513,-1401.373,4000,0.001708984,80,0,0,13.5915,18.3426,25.602048,4884401512105,21.727232,5868,1,0.9999998,0
perf,inwall-passes-off,2118,8494.414566,-3746.487,8.77513,-1401.373,4000,0.001708984,80,0,0,16.1655,20.3553,18.258944,4884401747690,25.602048,5869,1,0.9999998,0
perf,inwall-passes-off,2119,8494.430175,-3746.487,8.77513,-1401.373,4000,0.001708984,80,0,0,13.4202,12.6028,15.325184,4884402008929,18.258944,5870,1,0.9999998,0
perf,inwall-passes-off,2120,8494.442803,-3746.487,8.77513,-1401.373,4000,0.001708984,80,0,0,15.6859,13.0163,14.727168,4884402162443,15.325184,5871,1,0.9999998,0
perf,inwall-passes-off,2121,8494.458755,-3746.487,8.77513,-1401.373,4000,0.001708984,80,0,0,13.0435,11.719,14.661632,4884402298257,14.727168,5872,1,0.9999998,0
perf,inwall-passes-off,2122,8494.471945,-3746.487,8.77513,-1401.373,4000,0.001708984,80,0,0,15.5074,12.2474,15.087616,4884402459911,14.661632,5873,1,0.9999998,0
perf,inwall-passes-off,2123,8494.485542,-3746.487,8.77513,-1401.373,4000,0.001708984,80,0,0,13.2203,10.9311,14.091264,4884402594253,15.087616,5874,1,0.9999998,0
perf,inwall-passes-off,2124,8494.502338,-3746.487,8.77513,-1401.373,4000,0.001708984,80,0,0,13.8043,12.5337,14.425088,4884402750910,14.091264,5875,1,0.9999998,0
perf,inwall-passes-off,2125,8494.517561,-3746.487,8.77513,-1401.373,4000,0.001708984,80,0,0,16.5637,10.4872,12.2624,4884402876731,14.425088,5876,1,0.9999998,0
perf,inwall-passes-off,2126,8494.531398,-3746.487,8.77513,-1401.373,4000,0.001708984,80,0,0,15.1761,12.7246,14.168064,4884403036510,12.2624,5877,1,0.9999998,0
perf,inwall-passes-off,2127,8494.544180,-3746.487,8.77513,-1401.373,4000,0.001708984,80,0,0,13.858,11.0919,17.252352,4884403168704,14.168064,5878,1,0.9999998,0
perf,inwall-passes-off,2128,8494.558618,-3746.487,8.77513,-1401.373,4000,0.001708984,80,0,0,12.8815,11.4674,15.048704,4884403304616,17.252352,5879,1,0.9999998,0
perf,inwall-passes-off,2129,8494.573371,-3746.487,8.77513,-1401.373,4000,0.001708984,80,0,0,15.5147,14.1715,14.460928,4884403472412,15.048704,5880,1,0.9999998,0
perf,inwall-passes-off,2130,8494.585683,-3746.487,8.77513,-1401.373,4000,0.001708984,80,0,0,13.5552,13.1289,13.733888,4884403624231,14.460928,5881,1,0.9999998,0
perf,inwall-passes-off,2131,8494.601487,-3746.487,8.77513,-1401.373,4000,0.001708984,80,0,0,12.3718,11.1632,14.503936,4884403762840,13.733888,5882,1,0.9999998,0
perf,inwall-passes-off,2132,8494.614995,-3746.487,8.77513,-1401.373,4000,0.001708984,80,0,0,15.818,10.5519,11.319296,4884403891156,14.503936,5883,1,0.9999998,0
perf,inwall-passes-off,2133,8494.628438,-3746.487,8.77513,-1401.373,4000,0.001708984,80,0,0,13.4284,11.7869,13.526016,4884404046295,11.319296,5884,1,0.9999998,0
perf,inwall-passes-off,2134,8494.641820,-3746.487,8.77513,-1401.373,4000,0.001708984,80,0,0,14.1238,11.4784,15.075328,4884404182361,13.526016,5885,1,0.9999998,0
perf,inwall-passes-off,2135,8494.656833,-3746.487,8.77513,-1401.373,4000,0.001708984,80,0,0,12.707,10.4357,15.164416,4884404305546,15.075328,5886,1,0.9999998,0
perf,inwall-passes-off,2136,8494.670328,-3746.487,8.77513,-1401.373,4000,0.001708984,80,0,0,15.0797,13.3324,13.73184,4884404463953,15.164416,5887,1,0.9999998,0
perf,inwall-passes-off,2137,8494.684276,-3746.487,8.77513,-1401.373,4000,0.001708984,80,0,0,13.4239,10.7496,12.442624,4884404598545,13.73184,5888,1,0.9999998,0
perf,inwall-passes-off,2138,8494.699498,-3746.487,8.77513,-1401.373,4000,0.001708984,80,0,0,13.9395,10.544,13.990912,4884404735231,12.442624,5889,1,0.9999998,0
perf,inwall-passes-off,2139,8494.712738,-3746.487,8.77513,-1401.373,4000,0.001708984,80,0,0,15.2765,11.02,13.357056,4884404866804,13.990912,5890,1,0.9999998,0
perf,inwall-passes-off,2140,8494.729622,-3746.487,8.77513,-1401.373,4000,0.001708984,80,0,0,14.40349,12.433,15.553536,4884405017347,13.357056,5891,1,0.9999998,0
perf,inwall-passes-off,2141,8494.741522,-3746.487,8.77513,-1401.373,4000,0.001708984,80,0,0,15.78141,11.2447,14.140416,4884405151897,15.553536,5892,1,0.9999998,0
perf,inwall-passes-off,2142,8494.756803,-3746.487,8.77513,-1401.373,4000,0.001708984,80,0,0,11.801,12.0276,0,0,14.140416,5893,1,0.9999998,0
perf,inwall-passes-off,2143,8494.770101,-3746.487,8.77513,-1401.373,4000,0.001708984,80,0,0,15.3561,12.2307,14.03904,4884405443986,0,5894,1,0.9999998,0
perf,inwall-passes-off,2144,8494.783608,-3746.487,8.77513,-1401.373,4000,0.001708984,80,0,0,13.204,10.7173,0,0,14.03904,5895,1,0.9999998,0
perf,inwall-passes-off,2145,8494.799288,-3746.487,8.77513,-1401.373,4000,0.001708984,80,0,0,13.519,12.0711,12.665856,4884405745645,0,5896,1,0.9999998,0
perf,inwall-passes-off,2146,8494.812857,-3746.487,8.77513,-1401.373,4000,0.001708984,80,0.8,0,15.7031,9.9342,12.84608,4884405863879,12.665856,5897,1,0.9999998,0
perf,inwall-passes-off,2147,8494.826667,-3746.487,8.77513,-1401.373,4000,0.001708984,80,0.723947,0,13.6787,12.7981,13.986816,4884406017377,12.84608,5898,1,0.9999998,0
perf,inwall-passes-off,2148,8494.840144,-3746.487,8.77513,-1401.373,4000,0.001708984,80,0.6544856,0,13.8138,11.3909,16.036864,4884406149548,13.986816,5899,1,0.9999998,0
perf,inwall-passes-off,2149,8494.856660,-3746.487,8.77513,-1401.373,4000,0.001708984,80,0.5937529,0,13.3372,11.4864,13.96224,4884406284677,16.036864,5900,1,0.9999998,0
perf,inwall-passes-off,2150,8494.870787,-3746.487,8.77513,-1401.373,4000,0.001708984,80,0.5262419,0,16.53,12.7809,14.748672,4884406441715,13.96224,5901,1,0.9999998,0
perf,inwall-passes-off,2151,8494.885079,-3746.487,8.77513,-1401.373,4000,0.001708984,80,0.4703739,0,15.3701,11.1556,10.983424,4884406578233,14.748672,5902,1,0.9999998,0
perf,inwall-passes-off,2152,8494.900924,-3746.487,8.77513,-1401.373,4000,0.001708984,80,0.4276481,0,13.0449,11.0872,17.442816,4884406716446,10.983424,5903,1,0.9999998,0
perf,inwall-passes-off,2153,8494.914568,-3746.487,8.77513,-1401.373,4000,0.001708984,80,0.381622,0,15.8697,11.4131,12.228608,4884406850049,17.442816,5904,1,0.9999998,0
perf,inwall-passes-off,2154,8494.927940,-3746.487,8.77513,-1401.373,4000,0.001708984,80,0.3547775,0,13.6172,14.4562,15.281152,4884407015276,12.228608,5905,1,0.9999998,0
perf,inwall-passes-off,2155,8494.941417,-3746.487,8.77513,-1401.373,4000,0.001708984,80,0.3799579,0,13.5063,11.4275,15.915008,4884407168803,15.281152,5906,1,0.9999998,0
perf,inwall-passes-off,2156,8494.954193,-3746.487,8.77513,-1401.373,4000,0.001708984,80,0.5285298,0,13.3349,11.1831,14.794752,4884407299461,15.915008,5907,1,0.9999998,0
perf,inwall-passes-off,2157,8494.969189,-3746.487,8.77513,-1401.373,4000,0.001708984,80,0.7404547,0,12.7745,11.8856,14.138368,4884407458164,14.794752,5908,1,0.9999998,0
perf,inwall-passes-off,2158,8494.984881,-3746.487,8.77513,-1401.373,4000,0.001708984,80,0.7623277,0,15.08501,11.5929,12.345344,4884407594326,14.138368,5909,1,0.9999998,0
perf,inwall-passes-off,2159,8495.001965,-3746.487,8.77513,-1401.373,4000,0.001708984,80,0.4684443,0,15.6691,10.481,11.99616,4884407729175,12.345344,5910,1,0.9999998,0
perf,inwall-passes-off,2160,8495.017821,-3746.487,8.77513,-1401.373,4000,0.001708984,80,0.2297739,0,17.0732,11.5317,14.147584,4884407862792,11.99616,5911,1,0.9999998,0
perf,inwall-passes-off,2161,8495.034890,-3746.487,8.77513,-1401.373,4000,0.001708984,80,0.1663612,0,15.803,10.8483,16.462848,4884407990536,14.147584,5912,1,0.9999998,0
perf,inwall-passes-off,2162,8495.052404,-3746.487,8.77513,-1401.373,4000,0.001708984,80,0.1420117,0,18.3062,12.1889,17.078272,4884408141155,16.462848,5913,1,0.9999998,0
perf,inwall-passes-off,2163,8495.070731,-3746.487,8.77513,-1401.373,4000,0.001708984,80,0.1259841,0,16.3246,13.5266,15.963136,4884408297469,17.078272,5914,1,0.9999998,0
perf,inwall-passes-off,2164,8495.090477,-3746.487,8.77513,-1401.373,4000,0.001708984,80,0.1106706,0,18.4014,14.4467,17.077248,4884408468693,15.963136,5915,1,0.9999998,0
perf,inwall-passes-off,2165,8495.108539,-3746.487,8.77513,-1401.373,4000,0.001708984,80,0.1145456,0,19.75911,13.6589,16.914432,4884408626807,17.077248,5916,1,0.9999998,0
perf,inwall-passes-off,2166,8495.126561,-3746.487,8.77513,-1401.373,4000,0.001708984,80,0.2195282,0,17.9571,14.5748,16.868352,4884408809598,16.914432,5917,1,0.9999998,0
perf,inwall-passes-off,2167,8495.142750,-3746.487,8.77513,-1401.373,4000,0.001708984,80,0.3523533,0,18.0956,13.8982,18.054144,4884408972980,16.868352,5918,1,0.9999998,0
perf,inwall-passes-off,2168,8495.159571,-3746.487,8.77513,-1401.373,4000,0.001708984,80,0.2489997,0,16.1094,15.744,20.22912,4884409157032,18.054144,5919,1,0.9999998,0
perf,inwall-passes-off,2169,8495.177610,-3746.487,8.77513,-1401.373,4000,0.001708984,80,0.09822848,0,16.904,17.1124,20.844544,4884409353908,20.22912,5920,1,0.9999998,0
perf,inwall-passes-off,2170,8495.198453,-3746.487,8.77513,-1401.373,4000,0.001708984,80,0.05286182,0,18.0745,14.9734,0,0,20.844544,5921,1,0.9999998,0
perf,inwall-passes-off,2171,8495.216757,-3746.487,8.77513,-1401.373,4000,0.001708984,80,0.04286487,0,22.3698,14.4913,15.156224,4884409715044,0,5922,1,0.9999998,0
perf,inwall-passes-off,2172,8495.231331,-3746.487,8.77513,-1401.373,4000,0.001708984,80,0.03794591,0,16.6495,14.1367,16.5376,4884409876273,15.156224,5923,1,0.9999998,0
perf,inwall-passes-off,2173,8495.243704,-3746.487,8.77513,-1401.373,4000,0.001708984,80,0.03410587,0,14.609,13.2559,20.832256,4884410045208,16.5376,5924,1,0.9999998,0
perf,inwall-passes-off,2174,8495.258227,-3746.487,8.77513,-1401.373,4000,0.001708984,80,0.03115725,0,12.3853,15.0351,0,0,20.832256,5925,1,0.9999998,0
perf,inwall-passes-off,2175,8495.273987,-3746.487,8.77513,-1401.373,4000,0.001708984,80,0.02802298,0,14.517,16.238299,15.966208,4884410449579,0,5926,1,0.9999998,0
perf,inwall-passes-off,2176,8495.288112,-3746.487,8.77513,-1401.373,4000,0.001708984,80,0.02498521,0,15.7113,12.4966,13.579264,4884410616251,15.966208,5927,1,0.9999998,0
perf,inwall-passes-off,2177,8495.304443,-3746.487,8.77513,-1401.373,4000,0.001708984,80,0.02253639,0,14.1274,11.9655,0,0,13.579264,5928,1,0.9999998,0
perf,inwall-passes-off,2178,8495.320256,-3746.487,8.77513,-1401.373,4000,0.001708984,80,0.01999956,0,16.3541,10.1367,12.478464,4884410885989,0,5929,1,0.9999998,0
perf,inwall-passes-off,2179,8495.335077,-3746.487,8.77513,-1401.373,4000,0.001708984,80,0.01782162,0,15.78861,12.0199,16.536576,4884411031342,12.478464,5930,1,0.9999998,0
perf,inwall-passes-off,2180,8495.350174,-3746.487,8.77513,-1401.373,4000,0.001708984,80,0.01599005,0,14.8523,12.7968,14.212096,4884411188504,16.536576,5931,1,0.9999998,0
perf,inwall-passes-off,2181,8495.366977,-3746.487,8.77513,-1401.373,4000,0.001708984,80,0.01420792,0,16.1796,12.2488,16.9472,4884411329793,14.212096,5932,1,0.9999998,0
perf,inwall-passes-off,2182,8495.380587,-3746.487,8.77513,-1401.373,4000,0.001708984,80,0.01265997,0,15.7965,13.9362,16.924672,4884411493361,16.9472,5933,1,0.9999998,0
perf,inwall-passes-off,2183,8495.394263,-3746.487,8.77513,-1401.373,4000,0.001708984,80,0.01147177,0,13.4982,13.7093,13.590528,4884411651237,16.924672,5934,1,0.9999998,0
perf,inwall-passes-off,2184,8495.407920,-3746.487,8.77513,-1401.373,4000,0.001708984,80,0.01037252,0,13.7912,12.5375,16.560128,4884411799734,13.590528,5935,1,0.9999998,0
perf,inwall-passes-off,2185,8495.425318,-3746.487,8.77513,-1401.373,4000,0.001708984,80,0.009395859,0,13.54291,12.9151,14.613504,4884411961452,16.560127,5936,1,0.9999998,0
perf,inwall-passes-off,2186,8495.442424,-3746.487,8.77513,-1401.373,4000,0.001708984,80,0.008275496,0,17.3888,12.2831,15.108096,4884412118855,14.613504,5937,1,0.9999998,0
perf,inwall-passes-off,2187,8495.459162,-3746.487,8.77513,-1401.373,4000,0.001708984,80,0.007299089,0,17.1908,11.4152,11.379712,4884412254517,15.108096,5938,1,0.9999998,0
perf,inwall-passes-off,2188,8495.473781,-3746.487,8.77513,-1401.373,4000,0.001708984,80,0.006460883,0,16.7076,11.0198,20.29056,4884412392181,11.379712,5939,1,0.9999998,0
perf,inwall-passes-off,2189,8495.490940,-3746.487,8.77513,-1401.373,4000,0.001708984,80,0.005808684,0,14.5726,11.4946,15.438848,4884412527877,20.29056,5940,1,0.9999998,0
perf,inwall-passes-off,2190,8495.505213,-3746.487,8.77513,-1401.373,4000,0.001708984,80,0,0,17.169,15.2271,18.003968,4884412701769,15.438848,5941,1,0.9999998,0
perf,inwall-passes-off,2191,8495.521923,-3746.487,8.77513,-1401.373,4000,0.001708984,80,0,0,15.4635,14.7102,12.111872,4884412873594,18.003968,5942,1,0.9999998,0
perf,inwall-passes-off,2192,8495.537963,-3746.487,8.77513,-1401.373,4000,0.001708984,80,0,0,15.5669,14.0616,15.418368,4884413040657,12.111872,5943,1,0.9999998,0
perf,inwall-passes-off,2193,8495.553100,-3746.487,8.77513,-1401.373,4000,0.001708984,80,0,0,16.0391,12.6617,14.808064,4884413186457,15.418368,5944,1,0.9999998,0
perf,inwall-passes-off,2194,8495.568386,-3746.487,8.77513,-1401.373,4000,0.001708984,80,0,0,15.0897,14.7505,0,0,14.808064,5945,1,0.9999998,0
perf,inwall-passes-off,2195,8495.583653,-3746.487,8.77513,-1401.373,4000,0.001708984,80,0,0,15.34,11.7658,16.135168,4884413512563,0,5946,1,0.9999998,0
perf,inwall-passes-off,2196,8495.600641,-3746.487,8.77513,-1401.373,4000,0.001708984,80,0,0,15.2185,12.2798,14.667776,4884413668239,16.135168,5947,1,0.9999998,0
perf,inwall-passes-off,2197,8495.613689,-3746.487,8.77513,-1401.373,4000,0.001708984,80,0,0,17.0139,13.5409,16.472064,4884413828726,14.667776,5948,1,0.9999998,0
perf,inwall-passes-off,2198,8495.630360,-3746.487,8.77513,-1401.373,4000,0.001708984,80,0,0,13.0254,12.7712,14.358528,4884413979713,16.472064,5949,1,0.9999998,0
perf,inwall-passes-off,2199,8495.642872,-3746.487,8.77513,-1401.373,4000,0.001708984,80,0,0,16.7304,12.8805,16.335872,4884414133056,14.358528,5950,1,0.9999998,0
perf,inwall-passes-off,2200,8495.658131,-3746.487,8.77513,-1401.373,4000,0.001708984,80,0,0,12.4442,12.5917,15.163392,4884414285232,16.335871,5951,1,0.9999998,0
perf,inwall-passes-off,2201,8495.673768,-3746.487,8.77513,-1401.373,4000,0.001708984,80,0,0,16.4076,13.3157,15.80544,4884414455393,15.163392,5952,1,0.9999998,0
perf,inwall-passes-off,2202,8495.687539,-3746.487,8.77513,-1401.373,4000,0.001708984,80,0,0,14.4869,10.9068,13.827072,4884414585620,15.80544,5953,1,0.9999998,0
perf,inwall-passes-off,2203,8495.703482,-3746.487,8.77513,-1401.373,4000,0.001708984,80,0,0,13.774,12.8199,16.344064,4884414752818,13.827072,5954,1,0.9999998,0
perf,inwall-passes-off,2204,8495.717439,-3746.487,8.77513,-1401.373,4000,0.001708984,80,0,0,15.9876,10.4742,12.259328,4884414877405,16.344064,5955,1,0.9999998,0
perf,inwall-passes-off,2205,8495.733183,-3746.487,8.77513,-1401.373,4000,0.001708984,80,0,0,13.9184,12.8889,14.194688,4884415041343,12.259328,5956,1,0.9999998,0
perf,inwall-passes-off,2206,8495.747595,-3746.487,8.77513,-1401.373,4000,0.001708984,80,0,0,15.85609,12.4177,15.290368,4884415186389,14.194688,5957,1,0.9999998,0
perf,inwall-passes-off,2207,8495.762379,-3746.487,8.77513,-1401.373,4000,0.001708984,80,0,0,14.28941,11.7802,14.476288,4884415324091,15.290368,5958,1,0.9999998,0
perf,inwall-passes-off,2208,8495.776847,-3746.487,8.77513,-1401.373,4000,0.001708984,80,0,0,14.9206,13.582,15.42144,4884415483902,14.476288,5959,1,0.9999998,0
perf,inwall-passes-off,2209,8495.791197,-3746.487,8.77513,-1401.373,4000,0.001708984,80,0,0,14.3501,11.9386,16.22528,4884415623103,15.42144,5960,1,0.9999998,0
perf,inwall-passes-off,2210,8495.806131,-3746.487,8.77513,-1401.373,4000,0.001708984,80,0,0,14.371,12.7016,14.501888,4884415781621,16.22528,5961,1,0.9999998,0
perf,inwall-passes-off,2211,8495.820635,-3746.487,8.77513,-1401.373,4000,0.001708984,80,0,0,14.9123,11.879,11.987968,4884415924595,14.501888,5962,1,0.9999998,0
perf,inwall-passes-off,2212,8495.837301,-3746.487,8.77513,-1401.373,4000,0.001708984,80,0,0,15.8911,11.4194,15.312896,4884416073541,11.987968,5963,1,0.9999998,0
perf,inwall-passes-off,2213,8495.853278,-3746.487,8.77513,-1401.373,4000,0.001708984,80,0,0,15.3036,12.0472,13.02528,4884416217214,15.312896,5964,1,0.9999998,0
perf,inwall-passes-off,2214,8495.869511,-3746.487,8.77513,-1401.373,4000,0.001708984,80,0,0,15.9907,11.3708,14.331904,4884416360978,13.02528,5965,1,0.9999998,0
perf,inwall-passes-off,2215,8495.884369,-3746.487,8.77513,-1401.373,4000,0.001708984,80,0,0,16.2331,12.3307,16.912384,4884416510103,14.331904,5966,1,0.9999998,0
perf,inwall-passes-off,2216,8495.900999,-3746.487,8.77513,-1401.373,4000,0.001708984,80,0,0,14.7933,11.1123,15.140864,4884416668873,16.912384,5967,1,0.9999998,0
perf,inwall-passes-off,2217,8495.916237,-3746.487,8.77513,-1401.373,4000,0.001708984,80,0,0,16.6682,12.8512,16.992256,4884416821949,15.140864,5968,1,0.9999998,0
perf,inwall-passes-off,2218,8495.929779,-3746.487,8.77513,-1401.373,4000,0.001708984,80,0,0,15.22209,11.9459,17.181696,4884416981837,16.992256,5969,1,0.9999998,0
perf,inwall-passes-off,2219,8495.946520,-3746.487,8.77513,-1401.373,4000,0.001708984,80,0,0,13.6923,13.4648,14.546944,4884417144312,17.181696,5970,1,0.9999998,0
perf,inwall-passes-off,2220,8495.960582,-3746.487,8.77513,-1401.373,4000,0.001708984,80,0,0,16.5922,12.7321,0,0,14.546944,5971,1,0.9999998,0
perf,inwall-passes-off,2221,8495.973938,-3746.487,8.77513,-1401.373,4000,0.001708984,80,0,0,14.3624,13.8482,15.491072,4884417458953,0,5972,1,0.9999998,0
perf,inwall-passes-off,2222,8495.992278,-3746.487,8.77513,-1401.373,4000,0.001708984,80,0,0,14.1635,10.7312,14.21824,4884417611200,15.491072,5973,1,0.9999998,0
perf,inwall-passes-off,2223,8496.005770,-3746.487,8.77513,-1401.373,4000,0.001708984,80,0,0,17.2687,10.6335,18.859008,4884417747776,14.21824,5974,1,0.9999998,0
perf,inwall-passes-off,2224,8496.019395,-3746.487,8.77513,-1401.373,4000,0.001708984,80,0,0,13.439,11.393,10.072064,4884417913967,18.859008,5975,1,0.9999998,0
perf,inwall-passes-off,2225,8496.035514,-3746.487,8.77513,-1401.373,4000,0.001708984,80,0,0,13.6073,11.6083,17.226752,4884418057398,10.072064,5976,1,0.9999998,0
perf,inwall-passes-off,2226,8496.049150,-3746.487,8.77513,-1401.373,4000,0.001708984,80,0,0,16.1653,11.2113,13.6704,4884418199126,17.226752,5977,1,0.9999998,0
perf,inwall-passes-off,2227,8496.066004,-3746.487,8.77513,-1401.373,4000,0.001708984,80,0,0,13.5963,13.0648,14.799872,4884418371897,13.6704,5978,1,0.9999998,0
perf,inwall-passes-off,2228,8496.080049,-3746.487,8.77513,-1401.373,4000,0.001708984,80,0,0,16.8944,11.4198,14.918656,4884418506357,14.799872,5979,1,0.9999998,0
perf,inwall-passes-off,2229,8496.093941,-3746.487,8.77513,-1401.373,4000,0.001708984,80,0,0,14.0759,11.5946,14.27456,4884418642518,14.918656,5980,1,0.9999998,0
perf,inwall-passes-off,2230,8496.106853,-3746.487,8.77513,-1401.373,4000,0.001708984,80,0,0,14.0215,13.4923,17.31584,4884418804077,14.27456,5981,1,0.9999998,0
perf,inwall-passes-off,2231,8496.120896,-3746.487,8.77513,-1401.373,4000,0.001708984,80,0,0,12.7197,11.303,14.014464,4884418940097,17.31584,5982,1,0.9999998,0
perf,inwall-passes-off,2232,8496.135742,-3746.487,8.77513,-1401.373,4000,0.001708984,80,0,0,14.0343,13.7396,15.763456,4884419108980,14.014464,5983,1,0.9999998,0
perf,inwall-passes-off,2233,8496.150585,-3746.487,8.77513,-1401.373,4000,0.001708984,80,0,0,16.0741,11.6731,9.85088,4884419249616,15.763456,5984,1,0.9999998,0
perf,inwall-passes-off,2234,8496.166201,-3746.487,8.77513,-1401.373,4000,0.001708984,80,0,0,13.5999,11.2446,0,0,9.85088,5985,1,0.9999998,0
perf,inwall-passes-off,2235,8496.180806,-3746.487,8.77513,-1401.373,4000,0.001708984,80,0,0,15.8169,10.5884,15.657984,4884419517179,0,5986,1,0.9999998,0
perf,inwall-passes-off,2236,8496.197598,-3746.487,8.77513,-1401.373,4000,0.001708984,80,0,0,14.4256,11.9524,14.1824,4884419657553,15.657984,5987,1,0.9999998,0
perf,inwall-passes-off,2237,8496.209635,-3746.487,8.77513,-1401.373,4000,0.001708984,80,0,0,16.8297,12.2496,16.763904,4884419818149,14.1824,5988,1,0.9999998,0
perf,inwall-passes-off,2238,8496.224242,-3746.487,8.77513,-1401.373,4000,0.001708984,80,0,0,12.0067,11.6005,13.505536,4884419954383,16.763904,5989,1,0.9999998,0
perf,inwall-passes-off,2239,8496.239081,-3746.487,8.77513,-1401.373,4000,0.001708984,80,0,0,14.65281,11.9307,15.541248,4884420112246,13.505536,5990,1,0.9999998,0
perf,inwall-passes-off,2240,8496.253094,-3746.487,8.77513,-1401.373,4000,0.001708984,80,0,0,14.79539,12.2512,14.459904,4884420256701,15.541248,5991,1,0.9999998,0
perf,inwall-passes-off,2241,8496.268638,-3746.487,8.77513,-1401.373,4000,0.001708984,80,0,0,14.0192,14.1435,13.657088,4884420424937,14.459904,5992,1,0.9999998,0
perf,inwall-passes-off,2242,8496.284316,-3746.487,8.77513,-1401.373,4000,0.001708984,80,0,0,15.5979,9.845,13.52192,4884420545011,13.657088,5993,1,0.9999998,0
perf,inwall-passes-off,2243,8496.300585,-3746.487,8.77513,-1401.373,4000,0.001708984,80,0,0,15.6021,12.172,14.910464,4884420691536,13.52192,5994,1,0.9999998,0
perf,inwall-passes-off,2244,8496.317262,-3746.487,8.77513,-1401.373,4000,0.001708984,80,0,0,17.6207,12.5994,14.98624,4884420839489,14.910464,5995,1,0.9999998,0
perf,inwall-passes-off,2245,8496.331813,-3746.487,8.77513,-1401.373,4000,0.001708984,80,0,0,15.3256,12.0507,16.662528,4884420979671,14.98624,5996,1,0.9999998,0
perf,inwall-passes-off,2246,8496.346608,-3746.487,8.77513,-1401.373,4000,0.001708984,80,0,0,14.5997,13.0426,15.645696,4884421135686,16.662527,5997,1,0.9999998,0
perf,inwall-passes-off,2247,8496.361196,-3746.487,8.77513,-1401.373,4000,0.001708984,80,0,0,14.81801,13.5416,16.651264,4884421291768,15.645696,5998,1,0.9999998,0
perf,inwall-passes-off,2248,8496.375783,-3746.487,8.77513,-1401.373,4000,0.001708984,80,0,0,14.8191,13.2635,15.031296,4884421467797,16.651264,5999,1,0.9999998,0
perf,inwall-passes-off,2249,8496.390928,-3746.487,8.77513,-1401.373,4000,0.001708984,80,0,0,14.2935,13.2713,14.867456,4884421621205,15.031296,6000,1,0.9999998,0
perf,inwall-passes-off,2250,8496.406733,-3746.487,8.77513,-1401.373,4000,0.001708984,80,0,0,15.1948,11.8538,15.91296,4884421767139,14.867456,6001,1,0.9999998,0
perf,inwall-passes-off,2251,8496.422394,-3746.487,8.77513,-1401.373,4000,0.001708984,80,0,0,15.7456,12.4846,14.998528,4884421914938,15.91296,6002,1,0.9999998,0
perf,inwall-passes-off,2252,8496.437148,-3746.487,8.77513,-1401.373,4000,0.001708984,80,0,0,15.6887,11.7662,11.600896,4884422063279,14.998528,6003,1,0.9999998,0
perf,inwall-passes-off,2253,8496.451262,-3746.487,8.77513,-1401.373,4000,0.001708984,80,0,0,14.7813,12.3356,15.823872,4884422206490,11.600896,6004,1,0.9999998,0
perf,inwall-passes-off,2254,8496.470440,-3746.487,8.77513,-1401.373,4000,0.001708984,80,0,0,15.2414,12.4747,15.193088,4884422358317,15.823872,6005,1,0.9999998,0
perf,inwall-passes-off,2255,8496.486813,-3746.487,8.77513,-1401.373,4000,0.001708984,80,0,0,18.0303,13.6839,14.830592,4884422515928,15.193088,6006,1,0.9999998,0
perf,inwall-passes-off,2256,8496.502576,-3746.487,8.77513,-1401.373,4000,0.001708984,80,0,0,16.3464,12.7529,14.568448,4884422672669,14.830592,6007,1,0.9999998,0
perf,inwall-passes-off,2257,8496.517759,-3746.487,8.77513,-1401.373,4000,0.001708984,80,0,0,15.8282,12.3046,18.15552,4884422820521,14.568448,6008,1,0.9999998,0
perf,inwall-passes-off,2258,8496.532648,-3746.487,8.77513,-1401.373,4000,0.001708984,80,0,0,15.1185,11.5081,16.832512,4884422972889,18.15552,6009,1,0.9999998,0
perf,inwall-passes-off,2259,8496.546792,-3746.487,8.77513,-1401.373,4000,0.001708984,80,0,0,14.9435,15.2082,16.208896,4884423153293,16.832512,6010,1,0.9999998,0
perf,inwall-passes-off,2260,8496.562025,-3746.487,8.77513,-1401.373,4000,0.001708984,80,0,0,14.127,13.3803,14.938112,4884423316780,16.208896,6011,1,0.9999998,0
perf,inwall-passes-off,2261,8496.577365,-3746.487,8.77513,-1401.373,4000,0.001708984,80,0,0,15.7286,13.2881,15.985664,4884423474881,14.938112,6012,1,0.9999998,0
perf,inwall-passes-off,2262,8496.593461,-3746.487,8.77513,-1401.373,4000,0.001708984,80,0,0.8,14.959,12.6387,13.966336,4884423626260,15.985664,6013,1,0.9999998,0
perf,inwall-passes-off,2263,8496.609340,-3746.487,8.77513,-1401.373,4000,0.001708984,80,0,0.6910523,16.0398,11.8524,16.400384,4884423775573,13.966336,6014,1,0.9999998,0
perf,inwall-passes-off,2264,8496.625784,-3746.487,8.77513,-1401.373,4000,0.001708984,80,0,0.5913772,17.0657,11.4778,15.963136,4884423916732,16.400383,6015,1,0.9999998,0
perf,inwall-passes-off,2265,8496.640065,-3746.487,8.77513,-1401.373,4000,0.001708984,80,0,0.5147863,15.199,12.2947,15.873024,4884424070728,15.963136,6016,1,0.9999998,0
perf,inwall-passes-off,2266,8496.655169,-3746.487,8.77513,-1401.373,4000,0.001708984,80,0,0.4520502,14.2419,12.6775,15.387648,4884424223242,15.873024,6017,1,0.9999998,0
perf,inwall-passes-off,2267,8496.670012,-3746.487,8.77513,-1401.373,4000,0.001708984,80,0,0.3939322,15.1574,13.4422,17.02912,4884424383956,15.387648,6018,1,0.9999998,0
perf,inwall-passes-off,2268,8496.685016,-3746.487,8.77513,-1401.373,4000,0.001708984,80,0,0.3544541,14.8317,13.7894,10.791936,4884424554014,17.02912,6019,1,0.9999998,0
perf,inwall-passes-off,2269,8496.700887,-3746.487,8.77513,-1401.373,4000,0.001708984,80,0,0.4245594,14.9639,12.703,15.753216,4884424706784,10.791936,6020,1,0.9999998,0
perf,inwall-passes-off,2270,8496.714707,-3746.487,8.77513,-1401.373,4000,0.001708984,80,0,0.7317323,15.9128,12.1443,14.436352,4884424849276,15.753216,6021,1,0.9999998,0
perf,inwall-passes-off,2271,8496.733408,-3746.487,8.77513,-1401.373,4000,0.001708984,80,0,0.7428655,13.7914,12.7593,15.710208,4884425000478,14.436352,6022,1,0.9999998,0
perf,inwall-passes-off,2272,8496.748668,-3746.487,8.77513,-1401.373,4000,0.001708984,80,0,0.3101055,18.7411,12.3897,15.588352,4884425149098,15.710208,6023,1,0.9999998,0
perf,inwall-passes-off,2273,8496.764509,-3746.487,8.77513,-1401.373,4000,0.001708984,80,0,0.1769521,15.2088,12.7684,14.695424,4884425298783,15.588352,6024,1,0.9999998,0
perf,inwall-passes-off,2274,8496.779880,-3746.487,8.77513,-1401.373,4000,0.001708984,80,0,0.1437863,16.9977,13.4217,15.412224,4884425457874,14.695424,6025,1,0.9999998,0
perf,inwall-passes-off,2275,8496.793869,-3746.487,8.77513,-1401.373,4000,0.001708984,80,0,0.1261697,14.2303,11.368,17.227776,4884425595768,15.412224,6026,1,0.9999998,0
perf,inwall-passes-off,2276,8496.806491,-3746.487,8.77513,-1401.373,4000,0.001708984,80,0,0.1112004,14.2781,15.0448,16.556032,4884425783149,17.227776,6027,1,0.9999998,0
perf,inwall-passes-off,2277,8496.818711,-3746.487,8.77513,-1401.373,4000,0.001708984,80,0,0.1077302,12.3152,11.52,17.107968,4884425935340,16.556031,6028,1,0.9999998,0
perf,inwall-passes-off,2278,8496.834142,-3746.487,8.77513,-1401.373,4000,0.001708984,80,0,0.1560907,12.21939,13.2189,13.908992,4884426105196,17.107968,6029,1,0.9999998,0
perf,inwall-passes-off,2279,8496.847538,-3746.487,8.77513,-1401.373,4000,0.001708984,80,0,0.3252639,15.4526,11.7018,12.689408,4884426247541,13.908992,6030,1,0.9999998,0
perf,inwall-passes-off,2280,8496.863062,-3746.487,8.77513,-1401.373,4000,0.001708984,80,0,0.309254,13.3772,11.3903,9.985024,4884426387990,12.689408,6031,1,0.9999998,0
perf,inwall-passes-off,2281,8496.875864,-3746.487,8.77513,-1401.373,4000,0.001708984,80,0,0.1184127,15.6801,10.3723,15.77472,4884426513518,9.985024,6032,1,0.9999998,0
perf,inwall-passes-off,2282,8496.889876,-3746.487,8.77513,-1401.373,4000,0.001708984,80,0,0.0591375,12.63199,10.369,13.740032,4884426635771,15.77472,6033,1,0.9999998,0
perf,inwall-passes-off,2283,8496.904990,-3746.487,8.77513,-1401.373,4000,0.001708984,80,0,0.04640771,14.062,13.1196,15.898624,4884426790294,13.740032,6034,1,0.9999998,0
perf,inwall-passes-off,2284,8496.918158,-3746.487,8.77513,-1401.373,4000,0.001708984,80,0,0.04026042,15.1371,10.7518,13.304832,4884426924036,15.898624,6035,1,0.9999998,0
perf,inwall-passes-off,2285,8496.935129,-3746.487,8.77513,-1401.373,4000,0.001708984,80,0,0.0353504,14.2494,12.5391,11.814912,4884427080617,13.304832,6036,1,0.9999998,0
perf,inwall-passes-off,2286,8496.947353,-3746.487,8.77513,-1401.373,4000,0.001708984,80,0,0.03058836,15.852,10.4888,15.207424,4884427207198,11.814912,6037,1,0.9999998,0
perf,inwall-passes-off,2287,8496.962858,-3746.487,8.77513,-1401.373,4000,0.001708984,80,0,0.02733309,12.3302,11.3483,0,0,15.207424,6038,1,0.9999998,0
perf,inwall-passes-off,2288,8496.975751,-3746.487,8.77513,-1401.373,4000,0.001708984,80,0,0.02371289,15.5698,13.0219,16.165888,4884427498812,0,6039,1,0.9999998,0
perf,inwall-passes-off,2289,8496.991129,-3746.487,8.77513,-1401.373,4000,0.001708984,80,0,0.021112,12.7284,11.0673,13.858816,4884427641495,16.165887,6040,1,0.9999998,0
perf,inwall-passes-off,2290,8497.004630,-3746.487,8.77513,-1401.373,4000,0.001708984,80,0,0.01834002,15.4217,13.3094,15.430656,4884427800183,13.858816,6041,1,0.9999998,0
perf,inwall-passes-off,2291,8497.020164,-3746.487,8.77513,-1401.373,4000,0.001708984,80,0,0.016227,13.4147,9.9477,13.958144,4884427922130,15.430656,6042,1,0.9999998,0
perf,inwall-passes-off,2292,8497.034518,-3746.487,8.77513,-1401.373,4000,0.001708984,80,0,0.01408023,15.5457,12.2377,16.591872,4884428078809,13.958144,6043,1,0.9999998,0
perf,inwall-passes-off,2293,8497.047034,-3746.487,8.77513,-1401.373,4000,0.001708984,80,0,0.01234832,14.3844,10.8986,9.75872,4884428206152,16.591871,6044,1,0.9999998,0
perf,inwall-passes-off,2294,8497.061555,-3746.487,8.77513,-1401.373,4000,0.001708984,80,0,0.01101768,12.4906,13.0194,16.263168,4884428360657,9.75872,6045,1,0.9999998,0
perf,inwall-passes-off,2295,8497.075561,-3746.487,8.77513,-1401.373,4000,0.001708984,80,0,0.00961482,14.9228,11.5818,14.524416,4884428494888,16.263168,6046,1,0.9999998,0
perf,inwall-passes-off,2296,8497.091530,-3746.487,8.77513,-1401.373,4000,0.001708984,80,0,0.008392042,14.9073,13.5346,12.633088,4884428650304,14.524416,6047,1,0.9999998,0
perf,inwall-passes-off,2297,8497.105404,-3746.487,8.77513,-1401.373,4000,0.001708984,80,0,0.007335495,14.7437,12.1211,15.412224,4884428794099,12.633088,6048,1,0.9999998,0
perf,inwall-passes-off,2298,8497.118578,-3746.487,8.77513,-1401.373,4000,0.001708984,80,0,0.00646734,13.8007,10.0397,12.235776,4884428918958,15.412224,6049,1,0.9999998,0
perf,inwall-passes-off,2299,8497.133284,-3746.487,8.77513,-1401.373,4000,0.001708984,80,0,0.00573538,13.1588,11.6707,17.009664,4884429067382,12.235776,6050,1,0.9999998,0
perf,inwall-passes-off,2300,8497.147259,-3746.487,8.77513,-1401.373,4000,0.001708984,80,0,0,14.7738,11.3925,12.289024,4884429217150,17.009664,6051,1,0.9999998,0
perf,inwall-passes-off,2301,8497.164125,-3746.487,8.77513,-1401.373,4000,0.001708984,80,0,0,14.0287,12.2722,13.918208,4884429364656,12.289024,6052,1,0.9999998,0
perf,inwall-passes-off,2302,8497.176500,-3746.487,8.77513,-1401.373,4000,0.001708984,80,0,0,16.8348,11.6508,14.604288,4884429502743,13.918208,6053,1,0.9999998,0
perf,inwall-passes-off,2303,8497.197880,-3746.487,8.77513,-1401.373,4000,0.001708984,80,0,0,12.2973,11.1862,14.071808,4884429634394,14.604288,6054,1,0.9999998,0
perf,inwall-passes-off,2304,8497.210524,-3746.487,8.77513,-1401.373,4000,0.001708984,80,0,0,21.422,11.7833,15.98976,4884429781962,14.071808,6055,1,0.9999998,0
perf,inwall-passes-off,2305,8497.229165,-3746.487,8.77513,-1401.373,4000,0.001708984,80,0,0,13.2286,11.4091,14.825472,4884429922308,15.98976,6056,1,0.9999998,0
perf,inwall-passes-off,2306,8497.244115,-3746.487,8.77513,-1401.373,4000,0.001708984,80,0,0,19.29501,12.5449,18.838528,4884430090585,14.825472,6057,1,0.9999998,0
perf,inwall-passes-off,2307,8497.259980,-3746.487,8.77513,-1401.373,4000,0.001708984,80,0,0,13.8086,10.3922,15.328256,4884430213675,18.838528,6058,1,0.9999998,0
perf,inwall-passes-off,2308,8497.275396,-3746.487,8.77513,-1401.373,4000,0.001708984,80,0,0,15.8042,18.3368,16.395264,4884430427872,15.328256,6059,1,0.9999998,0
perf,inwall-passes-off,2309,8497.290797,-3746.487,8.77513,-1401.373,4000,0.001708984,80,0,0,15.3252,10.5515,16.0256,4884430554160,16.395264,6060,1,0.9999998,0
perf,inwall-passes-off,2310,8497.304394,-3746.487,8.77513,-1401.373,4000,0.001708984,80,0,0,15.5092,15.4536,0,0,16.0256,6061,1,0.9999998,0
perf,inwall-passes-off,2311,8497.317741,-3746.487,8.77513,-1401.373,4000,0.001708984,80,0,0,13.4861,11.463,12.977152,4884430890842,0,6062,1,0.9999998,0
perf,inwall-passes-off,2312,8497.333467,-3746.487,8.77513,-1401.373,4000,0.001708984,80,0,0,13.3385,12.6214,14.925824,4884431049145,12.977152,6063,1,0.9999998,0
perf,inwall-passes-off,2313,8497.348190,-3746.487,8.77513,-1401.373,4000,0.001708984,80,0,0,15.789,12.7078,14.625792,4884431202550,14.925824,6064,1,0.9999998,0
perf,inwall-passes-off,2314,8497.365215,-3746.487,8.77513,-1401.373,4000,0.001708984,80,0,0,14.6645,11.7732,13.958144,4884431357534,14.625792,6065,1,0.9999998,0
perf,inwall-passes-off,2315,8497.379003,-3746.487,8.77513,-1401.373,4000,0.001708984,80,0,0,17.0639,11.7124,15.020032,4884431492565,13.958144,6066,1,0.9999998,0
perf,inwall-passes-off,2316,8497.394192,-3746.487,8.77513,-1401.373,4000,0.001708984,80,0,0,13.9937,11.3846,15.6672,4884431625954,15.020032,6067,1,0.9999998,0
perf,inwall-passes-off,2317,8497.408201,-3746.487,8.77513,-1401.373,4000,0.001708984,80,0,0,16.8443,13.3194,17.046528,4884431783701,15.6672,6068,1,0.9999998,0
perf,inwall-passes-off,2318,8497.422974,-3746.487,8.77513,-1401.373,4000,0.001708984,80,0,0,12.1265,11.9908,13.694976,4884431930470,17.046528,6069,1,0.9999998,0
perf,inwall-passes-off,2319,8497.438079,-3746.487,8.77513,-1401.373,4000,0.001708984,80,0,0,14.8473,14.2615,17.133568,4884432101046,13.694976,6070,1,0.9999998,0
perf,inwall-passes-off,2320,8497.452225,-3746.487,8.77513,-1401.373,4000,0.001708984,80,0,0,15.027,10.6687,11.172864,4884432240136,17.133568,6071,1,0.9999998,0
perf,inwall-passes-off,2321,8497.468479,-3746.487,8.77513,-1401.373,4000,0.001708984,80,0,0,14.1574,12.0287,14.072832,4884432409119,11.172864,6072,1,0.9999998,0
perf,inwall-passes-off,2322,8497.484442,-3746.487,8.77513,-1401.373,4000,0.001708984,80,0,0,16.28221,9.7572,15.145984,4884432530778,14.072832,6073,1,0.9999998,0
perf,inwall-passes-off,2323,8497.499976,-3746.487,8.77513,-1401.373,4000,0.001708984,80,0,0,15.9295,12.2261,14.1312,4884432678962,15.145984,6074,1,0.9999998,0
perf,inwall-passes-off,2324,8497.514900,-3746.487,8.77513,-1401.373,4000,0.001708984,80,0,0,15.5717,13.1228,15.837184,4884432829457,14.1312,6075,1,0.9999998,0
perf,inwall-passes-off,2325,8497.529363,-3746.487,8.77513,-1401.373,4000,0.001708984,80,0,0,14.8677,12.1124,15.694848,4884432970953,15.837184,6076,1,0.9999998,0
perf,inwall-passes-off,2326,8497.542052,-3746.487,8.77513,-1401.373,4000,0.001708984,80,0,0,14.6499,13.9061,16.236544,4884433133809,15.694848,6077,1,0.9999998,0
perf,inwall-passes-off,2327,8497.557407,-3746.487,8.77513,-1401.373,4000,0.001708984,80,0,0,12.5734,13.7607,15.581184,4884433293084,16.236543,6078,1,0.9999998,0
perf,inwall-passes-off,2328,8497.571499,-3746.487,8.77513,-1401.373,4000,0.001708984,80,0,0,16.4367,12.3757,14.99136,4884433448764,15.581184,6079,1,0.9999998,0
perf,inwall-passes-off,2329,8497.584928,-3746.487,8.77513,-1401.373,4000,0.001708984,80,0,0,12.9493,12.4879,12.04224,4884433597576,14.99136,6080,1,0.9999998,0
perf,inwall-passes-off,2330,8497.601515,-3746.487,8.77513,-1401.373,4000,0.001708984,80,0,0,13.4243,11.3156,15.259648,4884433743331,12.04224,6081,1,0.9999998,0
perf,inwall-passes-off,2331,8497.615081,-3746.487,8.77513,-1401.373,4000,0.001708984,80,0,0,16.6673,10.6066,13.010944,4884433869391,15.259648,6082,1,0.9999998,0
perf,inwall-passes-off,2332,8497.630428,-3746.487,8.77513,-1401.373,4000,0.001708984,80,0,0,13.4878,12.6373,14.263296,4884434033974,13.010944,6083,1,0.9999998,0
perf,inwall-passes-off,2333,8497.643783,-3746.487,8.77513,-1401.373,4000,0.001708984,80,0,0,15.4069,10.8428,0,0,14.263296,6084,1,0.9999998,0
perf,inwall-passes-off,2334,8497.658600,-3746.487,8.77513,-1401.373,4000,0.001708984,80,0,0,13.3353,11.4541,13.606912,4884434297912,0,6085,1,0.9999998,0
perf,inwall-passes-off,2335,8497.672707,-3746.487,8.77513,-1401.373,4000,0.001708984,80,0,0,14.81361,14.125,15.059968,4884434464497,13.606912,6086,1,0.9999998,0
perf,inwall-passes-off,2336,8497.685868,-3746.487,8.77513,-1401.373,4000,0.001708984,80,0,0,14.0744,10.5258,14.851072,4884434599433,15.059968,6087,1,0.9999998,0
perf,inwall-passes-off,2337,8497.701854,-3746.487,8.77513,-1401.373,4000,0.001708984,80,0.8,0,13.1459,12.3519,14.816256,4884434753429,14.851072,6088,1,0.9999998,0
perf,inwall-passes-off,2338,8497.715785,-3746.487,8.77513,-1401.373,4000,0.001708984,80,0.6891513,0,16.0603,11.1626,10.913792,4884434886660,14.816256,6089,1,0.9999998,0
perf,inwall-passes-off,2339,8497.733345,-3746.487,8.77513,-1401.373,4000,0.001708984,80,0.5994527,0,15.0124,12.3045,13.448192,4884435034937,10.913792,6090,1,0.9999998,0
perf,inwall-passes-off,2340,8497.746446,-3746.487,8.77513,-1401.373,4000,0.001708984,80,0.51442,0,16.4749,11.8645,16.483328,4884435175710,13.448192,6091,1,0.9999998,0
perf,inwall-passes-off,2341,8497.762498,-3746.487,8.77513,-1401.373,4000,0.001708984,80,0.4554466,0,13.1108,11.1061,14.665728,4884435307261,16.483328,6092,1,0.9999998,0
perf,inwall-passes-off,2342,8497.775660,-3746.487,8.77513,-1401.373,4000,0.001708984,80,0.3925272,0,16.09529,13.392,17.591296,4884435467615,14.665728,6093,1,0.9999998,0
perf,inwall-passes-off,2343,8497.790611,-3746.487,8.77513,-1401.373,4000,0.001708984,80,0.3558474,0,13.0409,10.657,13.69088,4884435617801,17.591296,6094,1,0.9999998,0
perf,inwall-passes-off,2344,8497.806046,-3746.487,8.77513,-1401.373,4000,0.001708984,80,0.4148951,0,15.0787,12.176,16.412672,4884435782553,13.69088,6095,1,0.9999998,0
perf,inwall-passes-off,2345,8497.820838,-3746.487,8.77513,-1401.373,4000,0.001708984,80,0.7117466,0,15.3353,10.9612,12.065792,4884435913274,16.412672,6096,1,0.9999998,0
perf,inwall-passes-off,2346,8497.837113,-3746.487,8.77513,-1401.373,4000,0.001708984,80,0.7401792,0,14.7706,12.5072,0,0,12.065792,6097,1,0.9999998,0
perf,inwall-passes-off,2347,8497.853889,-3746.487,8.77513,-1401.373,4000,0.001708984,80,0.3457645,0,16.3268,10.3207,15.8208,4884436205186,0,6098,1,0.9999998,0
perf,inwall-passes-off,2348,8497.871201,-3746.487,8.77513,-1401.373,4000,0.001708984,80,0.177486,0,16.7362,12.2435,14.952448,4884436355541,15.8208,6099,1,0.9999998,0
perf,inwall-passes-off,2349,8497.886133,-3746.487,8.77513,-1401.373,4000,0.001708984,80,0.1413278,0,18.67109,13.1824,14.934016,4884436509184,14.952448,6100,1,0.9999998,0
perf,inwall-passes-off,2350,8497.903206,-3746.487,8.77513,-1401.373,4000,0.001708984,80,0.1245386,0,13.5686,12.7042,0,0,14.934016,6101,1,0.9999998,0
perf,inwall-passes-off,2351,8497.918218,-3746.487,8.77513,-1401.373,4000,0.001708984,80,0.107702,0,17.1705,13.5856,17.569792,4884436820136,0,6102,1,0.9999998,0
perf,inwall-passes-off,2352,8497.934752,-3746.487,8.77513,-1401.373,4000,0.001708984,80,0.1264017,0,14.9003,13.4701,16.70656,4884436987529,17.569792,6103,1,0.9999998,0
perf,inwall-passes-off,2353,8497.949313,-3746.487,8.77513,-1401.373,4000,0.001708984,80,0.2909684,0,16.5801,14.7551,16.485376,4884437174100,16.70656,6104,1,0.9999998,0
perf,inwall-passes-off,2354,8497.965565,-3746.487,8.77513,-1401.373,4000,0.001708984,80,0.328109,0,14.5156,11.7102,15.854592,4884437309956,16.485375,6105,1,0.9999998,0
perf,inwall-passes-off,2355,8497.979168,-3746.487,8.77513,-1401.373,4000,0.001708984,80,0.1274525,0,16.3301,14.6083,15.307776,4884437481466,15.854592,6106,1,0.9999998,0
perf,inwall-passes-off,2356,8497.994405,-3746.487,8.77513,-1401.373,4000,0.001708984,80,0.05872092,0,13.6165,13.0341,14.552064,4884437630783,15.307776,6107,1,0.9999998,0
